{
  "rating": 0.0,
  "review_count": 0,
  "source_type": "AUD",
  "confidence": 0.0,
  "date": "1969-04-11",
  "venue": "University Auditorium, Univ. of Arizona",
  "location": "Tucson, AZ",
  "raw_rating": 0.0,
  "high_ratings": 0,
  "low_ratings": 0,
  "tracks": [
    {
      "track": "01",
      "title": "Cryptical",
      "duration": 511.33,
      "formats": [
        {
          "format": "Flac",
          "filename": "gd1969-04-11.01.flac"
        },
        {
          "format": "VBR MP3",
          "filename": "gd1969-04-11.01.mp3",
          "bitrate": "180"
        }
      ]
    },
    {
      "track": "02",
      "title": "I Know It's A Sin",
      "duration": 411.48,
      "formats": [
        {
          "format": "Flac",
          "filename": "gd1969-04-11.02.flac"
        },
        {
          "format": "VBR MP3",
          "filename": "gd1969-04-11.02.mp3",
          "bitrate": "176"
        }
      ]
    },
    {
      "track": "03",
      "title": "Hard To Handle",
      "duration": 346.63,
      "formats": [
        {
          "format": "Flac",
          "filename": "gd1969-04-11.03.flac"
        },
        {
          "format": "VBR MP3",
          "filename": "gd1969-04-11.03.mp3",
          "bitrate": "180"
        }
      ]
    },
    {
      "track": "04",
      "title": "Dark Star",
      "duration": 1280.69,
      "formats": [
        {
          "format": "Flac",
          "filename": "gd1969-04-11.04.flac"
        },
        {
          "format": "VBR MP3",
          "filename": "gd1969-04-11.04.mp3",
          "bitrate": "180"
        }
      ]
    },
    {
      "track": "05",
      "title": "Saint Stephen",
      "duration": 215.25,
      "formats": [
        {
          "format": "Flac",
          "filename": "gd1969-04-11.05.flac"
        },
        {
          "format": "VBR MP3",
          "filename": "gd1969-04-11.05.mp3",
          "bitrate": "183"
        }
      ]
    },
    {
      "track": "06",
      "title": "The Eleven",
      "duration": 344.91,
      "formats": [
        {
          "format": "Flac",
          "filename": "gd1969-04-11.06.flac"
        },
        {
          "format": "VBR MP3",
          "filename": "gd1969-04-11.06.mp3",
          "bitrate": "181"
        }
      ]
    },
    {
      "track": "07",
      "title": "Lovelight",
      "duration": 1147.81,
      "formats": [
        {
          "format": "Flac",
          "filename": "gd1969-04-11.07.flac"
        },
        {
          "format": "VBR MP3",
          "filename": "gd1969-04-11.07.mp3",
          "bitrate": "180"
        }
      ]
    }
  ]
}