{
  "rating": 2.0833333333333335,
  "review_count": 12,
  "source_type": "UNKNOWN",
  "confidence": 1.0,
  "date": "1969-08-23",
  "venue": "Pelletier Farm",
  "location": "St. Helens, OR",
  "raw_rating": 4.166666666666667,
  "high_ratings": 9,
  "low_ratings": 1,
  "tracks": [
    {
      "track": "1",
      "title": "Hard to Handle",
      "duration": 348.55,
      "formats": [
        {
          "format": "VBR MP3",
          "filename": "gd69-08-23d1t01.mp3",
          "bitrate": "178"
        },
        {
          "format": "Shorten",
          "filename": "gd69-08-23d1t01.shn"
        }
      ]
    },
    {
      "track": "2",
      "title": "Mama Tried->",
      "duration": 109.11,
      "formats": [
        {
          "format": "VBR MP3",
          "filename": "gd69-08-23d1t02.mp3",
          "bitrate": "177"
        },
        {
          "format": "Shorten",
          "filename": "gd69-08-23d1t02.shn"
        }
      ]
    },
    {
      "track": "3",
      "title": "High Time",
      "duration": 226.72,
      "formats": [
        {
          "format": "VBR MP3",
          "filename": "gd69-08-23d1t03.mp3",
          "bitrate": "179"
        },
        {
          "format": "Shorten",
          "filename": "gd69-08-23d1t03.shn"
        }
      ]
    },
    {
      "track": "4",
      "title": "Casey Jones",
      "duration": 220.98,
      "formats": [
        {
          "format": "VBR MP3",
          "filename": "gd69-08-23d1t04.mp3",
          "bitrate": "178"
        },
        {
          "format": "Shorten",
          "filename": "gd69-08-23d1t04.shn"
        }
      ]
    },
    {
      "track": "5",
      "title": "Easy Wind",
      "duration": 411.1,
      "formats": [
        {
          "format": "VBR MP3",
          "filename": "gd69-08-23d1t05.mp3",
          "bitrate": "178"
        },
        {
          "format": "Shorten",
          "filename": "gd69-08-23d1t05.shn"
        }
      ]
    },
    {
      "track": "6",
      "title": "Sittin On Top Of The World",
      "duration": 166.04,
      "formats": [
        {
          "format": "VBR MP3",
          "filename": "gd69-08-23d1t06.mp3",
          "bitrate": "175"
        },
        {
          "format": "Shorten",
          "filename": "gd69-08-23d1t06.shn"
        }
      ]
    },
    {
      "track": "7",
      "title": "Dark Star->",
      "duration": 933.89,
      "formats": [
        {
          "format": "VBR MP3",
          "filename": "gd69-08-23d2t01.mp3",
          "bitrate": "178"
        },
        {
          "format": "Shorten",
          "filename": "gd69-08-23d2t01.shn"
        }
      ]
    },
    {
      "track": "8",
      "title": "St. Stephen->",
      "duration": 220.73,
      "formats": [
        {
          "format": "VBR MP3",
          "filename": "gd69-08-23d2t02.mp3",
          "bitrate": "181"
        },
        {
          "format": "Shorten",
          "filename": "gd69-08-23d2t02.shn"
        }
      ]
    },
    {
      "track": "9",
      "title": "The Eleven->",
      "duration": 474.65,
      "formats": [
        {
          "format": "VBR MP3",
          "filename": "gd69-08-23d2t03.mp3",
          "bitrate": "179"
        },
        {
          "format": "Shorten",
          "filename": "gd69-08-23d2t03.shn"
        }
      ]
    },
    {
      "track": "10",
      "title": "Turn on Your Lovelight",
      "duration": 978.5,
      "formats": [
        {
          "format": "VBR MP3",
          "filename": "gd69-08-23d2t04.mp3",
          "bitrate": "174"
        },
        {
          "format": "Shorten",
          "filename": "gd69-08-23d2t04.shn"
        }
      ]
    },
    {
      "track": "11",
      "title": "And We Bid You Good Night",
      "duration": 130.02,
      "formats": [
        {
          "format": "VBR MP3",
          "filename": "gd69-08-23d2t05.mp3",
          "bitrate": "102"
        },
        {
          "format": "Shorten",
          "filename": "gd69-08-23d2t05.shn"
        }
      ]
    }
  ]
}