{
  "rating": 1.68,
  "review_count": 1,
  "source_type": "AUD",
  "confidence": 0.2,
  "date": "1969-06-27",
  "venue": "Veterans Auditorium",
  "location": "Santa Rosa, CA",
  "raw_rating": 4.0,
  "high_ratings": 1,
  "low_ratings": 0,
  "tracks": [
    {
      "track": "01",
      "title": "intro",
      "duration": 25.51,
      "formats": [
        {
          "format": "Flac",
          "filename": "01 intro.flac"
        },
        {
          "format": "VBR MP3",
          "filename": "01 intro.mp3",
          "bitrate": "181"
        }
      ]
    },
    {
      "track": "02",
      "title": "Slewfoot",
      "duration": 187.69,
      "formats": [
        {
          "format": "Flac",
          "filename": "02 Slewfoot.flac"
        },
        {
          "format": "VBR MP3",
          "filename": "02 Slewfoot.mp3",
          "bitrate": "189"
        }
      ]
    },
    {
      "track": "03",
      "title": "tuning",
      "duration": 112.6,
      "formats": [
        {
          "format": "Flac",
          "filename": "03 tuning.flac"
        },
        {
          "format": "VBR MP3",
          "filename": "03 tuning.mp3",
          "bitrate": "180"
        }
      ]
    },
    {
      "track": "04",
      "title": "Mama Tried >",
      "duration": 170.0,
      "formats": [
        {
          "format": "Flac",
          "filename": "04 Mama Tried.flac"
        },
        {
          "format": "VBR MP3",
          "filename": "04 Mama Tried.mp3",
          "bitrate": "188"
        }
      ]
    },
    {
      "track": "05",
      "title": "High Time",
      "duration": 359.2,
      "formats": [
        {
          "format": "Flac",
          "filename": "05 High Time.flac"
        },
        {
          "format": "VBR MP3",
          "filename": "05 High Time.mp3",
          "bitrate": "182"
        }
      ]
    },
    {
      "track": "06",
      "title": "tuning",
      "duration": 118.45,
      "formats": [
        {
          "format": "Flac",
          "filename": "06 tuning.flac"
        },
        {
          "format": "VBR MP3",
          "filename": "06 tuning.mp3",
          "bitrate": "181"
        }
      ]
    },
    {
      "track": "07",
      "title": "Dupree's Diamond Blues",
      "duration": 288.35,
      "formats": [
        {
          "format": "Flac",
          "filename": "07 Dupree's Diamond Blues.flac"
        },
        {
          "format": "VBR MP3",
          "filename": "07 Dupree's Diamond Blues.mp3",
          "bitrate": "185"
        }
      ]
    },
    {
      "track": "08",
      "title": "Me and My Uncle",
      "duration": 201.96,
      "formats": [
        {
          "format": "Flac",
          "filename": "08 Me and My Uncle.flac"
        },
        {
          "format": "VBR MP3",
          "filename": "08 Me and My Uncle.mp3",
          "bitrate": "188"
        }
      ]
    },
    {
      "track": "09",
      "title": "Jam > Casey Jones",
      "duration": 365.84,
      "formats": [
        {
          "format": "Flac",
          "filename": "09 Jam_Casey Jones.flac"
        },
        {
          "format": "VBR MP3",
          "filename": "09 Jam_Casey Jones.mp3",
          "bitrate": "190"
        }
      ]
    },
    {
      "track": "10",
      "title": "tuning",
      "duration": 197.21,
      "formats": [
        {
          "format": "Flac",
          "filename": "10 tuning.flac"
        },
        {
          "format": "VBR MP3",
          "filename": "10 tuning.mp3",
          "bitrate": "182"
        }
      ]
    },
    {
      "track": "11",
      "title": "Dire Wolf",
      "duration": 192.56,
      "formats": [
        {
          "format": "Flac",
          "filename": "11 Dire Wolf.flac"
        },
        {
          "format": "VBR MP3",
          "filename": "11 Dire Wolf.mp3",
          "bitrate": "191"
        }
      ]
    },
    {
      "track": "12",
      "title": "Sitting On Top of the World",
      "duration": 232.15,
      "formats": [
        {
          "format": "Flac",
          "filename": "12 Sitting On Top of the World.flac"
        },
        {
          "format": "VBR MP3",
          "filename": "12 Sitting On Top of the World.mp3",
          "bitrate": "194"
        }
      ]
    },
    {
      "track": "13",
      "title": "Big Boss Man",
      "duration": 377.88,
      "formats": [
        {
          "format": "Flac",
          "filename": "13 Big Boss Man.flac"
        },
        {
          "format": "VBR MP3",
          "filename": "13 Big Boss Man.mp3",
          "bitrate": "190"
        }
      ]
    },
    {
      "track": "14",
      "title": "Dark Star >",
      "duration": 1554.71,
      "formats": [
        {
          "format": "Flac",
          "filename": "14 Dark Star.flac"
        },
        {
          "format": "VBR MP3",
          "filename": "14 Dark Star.mp3",
          "bitrate": "191"
        }
      ]
    },
    {
      "track": "15",
      "title": "St. Stephen >",
      "duration": 482.97,
      "formats": [
        {
          "format": "Flac",
          "filename": "15 St. Stephen.flac"
        },
        {
          "format": "VBR MP3",
          "filename": "15 St. Stephen.mp3",
          "bitrate": "188"
        }
      ]
    },
    {
      "track": "16",
      "title": "The Eleven >",
      "duration": 82.92,
      "formats": [
        {
          "format": "Flac",
          "filename": "16 The Eleven.flac"
        },
        {
          "format": "VBR MP3",
          "filename": "16 The Eleven.mp3",
          "bitrate": "201"
        }
      ]
    },
    {
      "track": "17",
      "title": "Green, Green Grass of Home",
      "duration": 359.12,
      "formats": [
        {
          "format": "Flac",
          "filename": "17 Green, Green Grass of Home.flac"
        },
        {
          "format": "VBR MP3",
          "filename": "17 Green, Green Grass of Home.mp3",
          "bitrate": "179"
        }
      ]
    },
    {
      "track": "18",
      "title": "It's All Over Now, Baby Blue >",
      "duration": 600.28,
      "formats": [
        {
          "format": "Flac",
          "filename": "18 It's All Over Now, Baby Blue.flac"
        },
        {
          "format": "VBR MP3",
          "filename": "18 It's All Over Now, Baby Blue.mp3",
          "bitrate": "187"
        }
      ]
    },
    {
      "track": "19",
      "title": "Drums",
      "duration": 400.39,
      "formats": [
        {
          "format": "Flac",
          "filename": "19 Drums.flac"
        },
        {
          "format": "VBR MP3",
          "filename": "19 Drums.mp3",
          "bitrate": "200"
        }
      ]
    }
  ]
}