{
  "rating": 2.94,
  "review_count": 5,
  "source_type": "AUD",
  "confidence": 1.0,
  "date": "1966-07-17",
  "venue": "Fillmore Auditorium",
  "location": "San Francisco, CA",
  "raw_rating": 4.2,
  "high_ratings": 4,
  "low_ratings": 0,
  "tracks": [
    {
      "track": "01",
      "title": "Big Boss Man",
      "duration": 284.82,
      "formats": [
        {
          "format": "Flac",
          "filename": "gd66-07-17d1t01.flac"
        },
        {
          "format": "VBR MP3",
          "filename": "gd66-07-17d1t01.mp3",
          "bitrate": "192"
        }
      ]
    },
    {
      "track": "02",
      "title": "Standing On The Corner",
      "duration": 206.76,
      "formats": [
        {
          "format": "Flac",
          "filename": "gd66-07-17d1t02.flac"
        },
        {
          "format": "VBR MP3",
          "filename": "gd66-07-17d1t02.mp3",
          "bitrate": "194"
        }
      ]
    },
    {
      "track": "03",
      "title": "Beat It On Down The Line ->",
      "duration": 152.42,
      "formats": [
        {
          "format": "Flac",
          "filename": "gd66-07-17d1t03.flac"
        },
        {
          "format": "VBR MP3",
          "filename": "gd66-07-17d1t03.mp3",
          "bitrate": "200"
        }
      ]
    },
    {
      "track": "04",
      "title": "In The Pines",
      "duration": 294.14,
      "formats": [
        {
          "format": "Flac",
          "filename": "gd66-07-17d1t04.flac"
        },
        {
          "format": "VBR MP3",
          "filename": "gd66-07-17d1t04.mp3",
          "bitrate": "194"
        }
      ]
    },
    {
      "track": "05",
      "title": "Cardboard Cowboy",
      "duration": 147.49,
      "formats": [
        {
          "format": "Flac",
          "filename": "gd66-07-17d1t05.flac"
        },
        {
          "format": "VBR MP3",
          "filename": "gd66-07-17d1t05.mp3",
          "bitrate": "195"
        }
      ]
    },
    {
      "track": "06",
      "title": "Nobody's Fault But Mine",
      "duration": 246.13,
      "formats": [
        {
          "format": "Flac",
          "filename": "gd66-07-17d1t06.flac"
        },
        {
          "format": "VBR MP3",
          "filename": "gd66-07-17d1t06.mp3",
          "bitrate": "196"
        }
      ]
    },
    {
      "track": "07",
      "title": "The Next Time You See Me",
      "duration": 160.84,
      "formats": [
        {
          "format": "Flac",
          "filename": "gd66-07-17d1t07.flac"
        },
        {
          "format": "VBR MP3",
          "filename": "gd66-07-17d1t07.mp3",
          "bitrate": "193"
        }
      ]
    }
  ]
}