{
  "rating": 1.75,
  "review_count": 2,
  "source_type": "UNKNOWN",
  "confidence": 0.4,
  "date": "1969-02-28",
  "venue": "Fillmore West",
  "location": "San Francisco, CA",
  "raw_rating": 5.0,
  "high_ratings": 2,
  "low_ratings": 0,
  "tracks": [
    {
      "track": "01",
      "title": "[Bill Graham Intro] Morning Dew",
      "duration": 672.59,
      "formats": [
        {
          "format": "Flac",
          "filename": "gd69-02-28.s1t01.flac"
        },
        {
          "format": "VBR MP3",
          "filename": "gd69-02-28.s1t01.mp3",
          "bitrate": "182"
        }
      ]
    },
    {
      "track": "02",
      "title": "Good Morning Little School Girl",
      "duration": 663.81,
      "formats": [
        {
          "format": "Flac",
          "filename": "gd69-02-28.s1t02.flac"
        },
        {
          "format": "VBR MP3",
          "filename": "gd69-02-28.s1t02.mp3",
          "bitrate": "191"
        }
      ]
    },
    {
      "track": "03",
      "title": "Doin' That Rag",
      "duration": 418.68,
      "formats": [
        {
          "format": "Flac",
          "filename": "gd69-02-28.s1t03.flac"
        },
        {
          "format": "VBR MP3",
          "filename": "gd69-02-28.s1t03.mp3",
          "bitrate": "189"
        }
      ]
    },
    {
      "track": "04",
      "title": "I'm A King Bee",
      "duration": 423.49,
      "formats": [
        {
          "format": "Flac",
          "filename": "gd69-02-28.s1t04.flac"
        },
        {
          "format": "VBR MP3",
          "filename": "gd69-02-28.s1t04.mp3",
          "bitrate": "185"
        }
      ]
    },
    {
      "track": "05",
      "title": "Turn On Your Love Light",
      "duration": 1035.95,
      "formats": [
        {
          "format": "Flac",
          "filename": "gd69-02-28.s1t05.flac"
        },
        {
          "format": "VBR MP3",
          "filename": "gd69-02-28.s1t05.mp3",
          "bitrate": "188"
        }
      ]
    },
    {
      "track": "06",
      "title": "[Bill Graham Intro] Thats It for the Other One ->",
      "duration": 1158.74,
      "formats": [
        {
          "format": "Flac",
          "filename": "gd69-02-28.s2t01.flac"
        },
        {
          "format": "VBR MP3",
          "filename": "gd69-02-28.s2t01.mp3",
          "bitrate": "195"
        }
      ]
    },
    {
      "track": "07",
      "title": "Dark Star ->",
      "duration": 1204.02,
      "formats": [
        {
          "format": "Flac",
          "filename": "gd69-02-28.s2t02.flac"
        },
        {
          "format": "VBR MP3",
          "filename": "gd69-02-28.s2t02.mp3",
          "bitrate": "180"
        }
      ]
    },
    {
      "track": "08",
      "title": "Saint Stephen ->",
      "duration": 475.38,
      "formats": [
        {
          "format": "Flac",
          "filename": "gd69-02-28.s2t03.flac"
        },
        {
          "format": "VBR MP3",
          "filename": "gd69-02-28.s2t03.mp3",
          "bitrate": "191"
        }
      ]
    },
    {
      "track": "09",
      "title": "The Eleven ->",
      "duration": 924.01,
      "formats": [
        {
          "format": "Flac",
          "filename": "gd69-02-28.s2t04.flac"
        },
        {
          "format": "VBR MP3",
          "filename": "gd69-02-28.s2t04.mp3",
          "bitrate": "195"
        }
      ]
    },
    {
      "track": "10",
      "title": "Death Don't Have No Mercy",
      "duration": 723.77,
      "formats": [
        {
          "format": "Flac",
          "filename": "gd69-02-28.s2t05.flac"
        },
        {
          "format": "VBR MP3",
          "filename": "gd69-02-28.s2t05.mp3",
          "bitrate": "178"
        }
      ]
    },
    {
      "track": "11",
      "title": "Alligator ->",
      "duration": 224.0,
      "formats": [
        {
          "format": "Flac",
          "filename": "gd69-02-28.s2t06.flac"
        },
        {
          "format": "VBR MP3",
          "filename": "gd69-02-28.s2t06.mp3",
          "bitrate": "189"
        }
      ]
    },
    {
      "track": "12",
      "title": "Drums ->",
      "duration": 260.76,
      "formats": [
        {
          "format": "Flac",
          "filename": "gd69-02-28.s2t07.flac"
        },
        {
          "format": "VBR MP3",
          "filename": "gd69-02-28.s2t07.mp3",
          "bitrate": "180"
        }
      ]
    },
    {
      "track": "13",
      "title": "The Jam ->",
      "duration": 756.69,
      "formats": [
        {
          "format": "Flac",
          "filename": "gd69-02-28.s2t08.flac"
        },
        {
          "format": "VBR MP3",
          "filename": "gd69-02-28.s2t08.mp3",
          "bitrate": "188"
        }
      ]
    },
    {
      "track": "14",
      "title": "Caution (Do Not Stop on Tracks) ->",
      "duration": 677.43,
      "formats": [
        {
          "format": "Flac",
          "filename": "gd69-02-28.s2t09.flac"
        },
        {
          "format": "VBR MP3",
          "filename": "gd69-02-28.s2t09.mp3",
          "bitrate": "187"
        }
      ]
    },
    {
      "track": "15",
      "title": "Feedback ->",
      "duration": 343.4,
      "formats": [
        {
          "format": "Flac",
          "filename": "gd69-02-28.s2t10.flac"
        },
        {
          "format": "VBR MP3",
          "filename": "gd69-02-28.s2t10.mp3",
          "bitrate": "176"
        }
      ]
    },
    {
      "track": "16",
      "title": "We Bid You Good Night",
      "duration": 68.65,
      "formats": [
        {
          "format": "Flac",
          "filename": "gd69-02-28.s2t11.flac"
        },
        {
          "format": "VBR MP3",
          "filename": "gd69-02-28.s2t11.mp3",
          "bitrate": "168"
        }
      ]
    }
  ]
}