{
  "rating": 1.9166666666666667,
  "review_count": 6,
  "source_type": "UNKNOWN",
  "confidence": 1.0,
  "date": "1966-03-12",
  "venue": "Danish Center",
  "location": "Los Angeles, CA",
  "raw_rating": 3.8333333333333335,
  "high_ratings": 4,
  "low_ratings": 1,
  "tracks": [
    {
      "track": "01",
      "title": "Viola Lee Blues",
      "duration": 387.3,
      "formats": [
        {
          "format": "VBR MP3",
          "filename": "acid5t02.mp3",
          "bitrate": "180"
        },
        {
          "format": "Shorten",
          "filename": "acid5t02.shn"
        }
      ]
    },
    {
      "track": "02",
      "title": "One Kind Favor",
      "duration": 139.95,
      "formats": [
        {
          "format": "VBR MP3",
          "filename": "acid5t03.mp3",
          "bitrate": "178"
        },
        {
          "format": "Shorten",
          "filename": "acid5t03.shn"
        }
      ]
    },
    {
      "track": "03",
      "title": "I Know You Rider",
      "duration": 91.35,
      "formats": [
        {
          "format": "VBR MP3",
          "filename": "acid5t04.mp3",
          "bitrate": "181"
        },
        {
          "format": "Shorten",
          "filename": "acid5t04.shn"
        }
      ]
    },
    {
      "track": "04",
      "title": "You See A Broken Heart",
      "duration": 111.71,
      "formats": [
        {
          "format": "VBR MP3",
          "filename": "acid5t05.mp3",
          "bitrate": "182"
        },
        {
          "format": "Shorten",
          "filename": "acid5t05.shn"
        }
      ]
    },
    {
      "track": "05",
      "title": "It's A Sin",
      "duration": 159.49,
      "formats": [
        {
          "format": "VBR MP3",
          "filename": "acid5t06.mp3",
          "bitrate": "177"
        },
        {
          "format": "Shorten",
          "filename": "acid5t06.shn"
        }
      ]
    },
    {
      "track": "06",
      "title": "Beat It On Down The Line",
      "duration": 140.51,
      "formats": [
        {
          "format": "VBR MP3",
          "filename": "acid5t07.mp3",
          "bitrate": "181"
        },
        {
          "format": "Shorten",
          "filename": "acid5t07.shn"
        }
      ]
    },
    {
      "track": "07",
      "title": "Heads Up",
      "duration": 211.09,
      "formats": [
        {
          "format": "VBR MP3",
          "filename": "acid5t08.mp3",
          "bitrate": "182"
        },
        {
          "format": "Shorten",
          "filename": "acid5t08.shn"
        }
      ]
    },
    {
      "track": "08",
      "title": "Next Time You See Me",
      "duration": 164.17,
      "formats": [
        {
          "format": "VBR MP3",
          "filename": "acid5t09.mp3",
          "bitrate": "180"
        },
        {
          "format": "Shorten",
          "filename": "acid5t09.shn"
        }
      ]
    },
    {
      "track": "09",
      "title": "unknown blues instrumental",
      "duration": 262.02,
      "formats": [
        {
          "format": "VBR MP3",
          "filename": "acid5t10.mp3",
          "bitrate": "184"
        },
        {
          "format": "Shorten",
          "filename": "acid5t10.shn"
        }
      ]
    },
    {
      "track": "10",
      "title": "Death Don't Have No Mercy",
      "duration": 196.88,
      "formats": [
        {
          "format": "VBR MP3",
          "filename": "acid5t11.mp3",
          "bitrate": "180"
        },
        {
          "format": "Shorten",
          "filename": "acid5t11.shn"
        }
      ]
    },
    {
      "track": "11",
      "title": "Midnight Hour",
      "duration": 371.18,
      "formats": [
        {
          "format": "VBR MP3",
          "filename": "acid5t12.mp3",
          "bitrate": "180"
        },
        {
          "format": "Shorten",
          "filename": "acid5t12.shn"
        }
      ]
    }
  ]
}