{
  "rating": 1.75,
  "review_count": 2,
  "source_type": "UNKNOWN",
  "confidence": 0.4,
  "date": "1967-08-05",
  "venue": "O'Keefe Center",
  "location": "Toronto, ON",
  "raw_rating": 5.0,
  "high_ratings": 2,
  "low_ratings": 0,
  "tracks": [
    {
      "track": "01",
      "title": "Deep Elem Blues",
      "duration": 382.41,
      "formats": [
        {
          "format": "Flac",
          "filename": "01 Deep Elem Blues.flac"
        }
      ]
    },
    {
      "track": "02",
      "title": "Cold Rain and Snow",
      "duration": 224.67,
      "formats": [
        {
          "format": "Flac",
          "filename": "02 Cold Rain and Snow.flac"
        }
      ]
    },
    {
      "track": "03",
      "title": "Big Boss Man",
      "duration": 257.7,
      "formats": [
        {
          "format": "Flac",
          "filename": "03 Big Boss Man.flac"
        }
      ]
    },
    {
      "track": "04",
      "title": "That's It For The OTher One * (first recording in circulation)",
      "duration": 584.28,
      "formats": [
        {
          "format": "Flac",
          "filename": "04 That's It For The Other One.flac"
        }
      ]
    },
    {
      "track": "05",
      "title": "Tuning / Stage Banter}",
      "duration": 66.03,
      "formats": [
        {
          "format": "Flac",
          "filename": "05 {Tuning - Stage Banter}.flac"
        }
      ]
    },
    {
      "track": "06",
      "title": "I Know You Rider //",
      "duration": 230.64,
      "formats": [
        {
          "format": "Flac",
          "filename": "06 I Know You Rider.flac"
        }
      ]
    },
    {
      "track": "07",
      "title": "Stage Banter / Tuning}",
      "duration": 104.91,
      "formats": [
        {
          "format": "Flac",
          "filename": "07 {Stage Banter - Tuning}.flac"
        }
      ]
    },
    {
      "track": "08",
      "title": "Dancing in the Streets",
      "duration": 514.38,
      "formats": [
        {
          "format": "Flac",
          "filename": "08 Dancing in the Streets.flac"
        }
      ]
    },
    {
      "track": "09",
      "title": "Stage Banter / Tuning}",
      "duration": 123.46,
      "formats": [
        {
          "format": "Flac",
          "filename": "09 {Stage Banter - Tuning}.flac"
        }
      ]
    },
    {
      "track": "10",
      "title": "Morning Dew",
      "duration": 337.11,
      "formats": [
        {
          "format": "Flac",
          "filename": "10 Morning Dew.flac"
        }
      ]
    },
    {
      "track": "11",
      "title": "It Hurts Me Too",
      "duration": 258.37,
      "formats": [
        {
          "format": "Flac",
          "filename": "11 It Hurts Me Too.flac"
        }
      ]
    },
    {
      "track": "12",
      "title": "Cold Rain and Snow",
      "duration": 208.24,
      "formats": [
        {
          "format": "Flac",
          "filename": "12 Cold Rain and Snow.flac"
        }
      ]
    },
    {
      "track": "13",
      "title": "Stage Banter / Tuning}",
      "duration": 100.88,
      "formats": [
        {
          "format": "Flac",
          "filename": "13 {Stage Banter - Tuning}.flac"
        }
      ]
    },
    {
      "track": "14",
      "title": "Turn On Your Lovelight //",
      "duration": 201.23,
      "formats": [
        {
          "format": "Flac",
          "filename": "14 Turn On Your Lovelight.flac"
        }
      ]
    }
  ]
}