{
  "rating": 1.5,
  "review_count": 1,
  "source_type": "UNKNOWN",
  "confidence": 0.2,
  "date": "1969-03-29",
  "venue": "Ice Palace",
  "location": "Las Vegas, NV",
  "raw_rating": 5.0,
  "high_ratings": 1,
  "low_ratings": 0,
  "tracks": [
    {
      "track": "01",
      "title": "Dark Star",
      "duration": 1261.31,
      "formats": [
        {
          "format": "Flac",
          "filename": "gd69-03-29d1t04fix.flac"
        },
        {
          "format": "VBR MP3",
          "filename": "gd69-03-29d1t04fix.mp3",
          "bitrate": "188"
        }
      ]
    }
  ]
}