{
  "rating": 1.2,
  "review_count": 1,
  "source_type": "UNKNOWN",
  "confidence": 0.2,
  "date": "1968-08-22",
  "venue": "Fillmore West",
  "location": "San Francisco, CA",
  "raw_rating": 4.0,
  "high_ratings": 1,
  "low_ratings": 0,
  "tracks": [
    {
      "track": "01",
      "title": "St. Stephen >",
      "duration": 364.21,
      "formats": [
        {
          "format": "Flac",
          "filename": "gd1968-08-22d1t01.flac"
        },
        {
          "format": "VBR MP3",
          "filename": "gd1968-08-22d1t01.mp3",
          "bitrate": "162"
        }
      ]
    },
    {
      "track": "02",
      "title": "The Eleven >",
      "duration": 728.02,
      "formats": [
        {
          "format": "Flac",
          "filename": "gd1968-08-22d1t02.flac"
        },
        {
          "format": "VBR MP3",
          "filename": "gd1968-08-22d1t02.mp3",
          "bitrate": "161"
        }
      ]
    },
    {
      "track": "03",
      "title": "Death Don't Have No Mercy",
      "duration": 504.12,
      "formats": [
        {
          "format": "Flac",
          "filename": "gd1968-08-22d1t03.flac"
        },
        {
          "format": "VBR MP3",
          "filename": "gd1968-08-22d1t03.mp3",
          "bitrate": "168"
        }
      ]
    },
    {
      "track": "04",
      "title": "Dark Star",
      "duration": 739.85,
      "formats": [
        {
          "format": "Flac",
          "filename": "gd1968-08-22d2t01.flac"
        },
        {
          "format": "VBR MP3",
          "filename": "gd1968-08-22d2t01.mp3",
          "bitrate": "169"
        }
      ]
    },
    {
      "track": "05",
      "title": "Cryptical Envelopment >",
      "duration": 110.74,
      "formats": [
        {
          "format": "Flac",
          "filename": "gd1968-08-22d2t02.flac"
        },
        {
          "format": "VBR MP3",
          "filename": "gd1968-08-22d2t02.mp3",
          "bitrate": "160"
        }
      ]
    },
    {
      "track": "06",
      "title": "The Other One >",
      "duration": 240.12,
      "formats": [
        {
          "format": "Flac",
          "filename": "gd1968-08-22d2t03.flac"
        },
        {
          "format": "VBR MP3",
          "filename": "gd1968-08-22d2t03.mp3",
          "bitrate": "153"
        }
      ]
    },
    {
      "track": "07",
      "title": "Cryptical Envelopment >",
      "duration": 380.85,
      "formats": [
        {
          "format": "Flac",
          "filename": "gd1968-08-22d2t04.flac"
        },
        {
          "format": "VBR MP3",
          "filename": "gd1968-08-22d2t04.mp3",
          "bitrate": "163"
        }
      ]
    },
    {
      "track": "08",
      "title": "New Potato Caboose",
      "duration": 795.44,
      "formats": [
        {
          "format": "Flac",
          "filename": "gd1968-08-22d2t05.flac"
        },
        {
          "format": "VBR MP3",
          "filename": "gd1968-08-22d2t05.mp3",
          "bitrate": "157"
        }
      ]
    },
    {
      "track": "09",
      "title": "Alligator >",
      "duration": 395.1,
      "formats": [
        {
          "format": "Flac",
          "filename": "gd1968-08-22d2t06.flac"
        },
        {
          "format": "VBR MP3",
          "filename": "gd1968-08-22d2t06.mp3",
          "bitrate": "175"
        }
      ]
    },
    {
      "track": "10",
      "title": "Caution Jam > And We Bid You Good Night Jam >",
      "duration": 527.92,
      "formats": [
        {
          "format": "Flac",
          "filename": "gd1968-08-22d2t07.flac"
        },
        {
          "format": "VBR MP3",
          "filename": "gd1968-08-22d2t07.mp3",
          "bitrate": "178"
        }
      ]
    },
    {
      "track": "11",
      "title": "Feedback",
      "duration": 107.86,
      "formats": [
        {
          "format": "Flac",
          "filename": "gd1968-08-22d2t08.flac"
        },
        {
          "format": "VBR MP3",
          "filename": "gd1968-08-22d2t08.mp3",
          "bitrate": "164"
        }
      ]
    }
  ]
}