{
  "rating": 2.0,
  "review_count": 3,
  "source_type": "UNKNOWN",
  "confidence": 0.6,
  "date": "1967-07-23",
  "venue": "Straight Theater",
  "location": "San Francisco, CA",
  "raw_rating": 5.0,
  "high_ratings": 3,
  "low_ratings": 0,
  "tracks": [
    {
      "track": "01",
      "title": "Neal Cassady backed by the Dead// (longer version)",
      "duration": 960.96,
      "formats": [
        {
          "format": "Flac",
          "filename": "gd67-07-23d1t1.aud.flac"
        },
        {
          "format": "VBR MP3",
          "filename": "gd67-07-23d1t1.aud.mp3",
          "bitrate": "146"
        }
      ]
    },
    {
      "track": "02",
      "title": "Neal Cassady backed by the Dead// (shorter version from flexi-disc via Sorochty's cassette)",
      "duration": 674.2,
      "formats": [
        {
          "format": "Flac",
          "filename": "gd67-07-23d1t2.aud.flac"
        },
        {
          "format": "VBR MP3",
          "filename": "gd67-07-23d1t2.aud.mp3",
          "bitrate": "177"
        }
      ]
    }
  ]
}