{
  "rating": 2.2857142857142856,
  "review_count": 7,
  "source_type": "UNKNOWN",
  "confidence": 1.0,
  "date": "1969-02-15",
  "venue": "Eaton's list reads:",
  "location": "Philadelphia, PA",
  "raw_rating": 4.571428571428571,
  "high_ratings": 7,
  "low_ratings": 0,
  "tracks": [
    {
      "track": "01",
      "title": "Doin' That Rag",
      "duration": 196.22,
      "formats": [
        {
          "format": "VBR MP3",
          "filename": "gd69-02-15d1t01.mp3",
          "bitrate": "176"
        },
        {
          "format": "Shorten",
          "filename": "gd69-02-15d1t01.shn"
        }
      ]
    },
    {
      "track": "02",
      "title": "Cryptical Envelopment >",
      "duration": 58.44,
      "formats": [
        {
          "format": "VBR MP3",
          "filename": "gd69-02-15d1t02.mp3",
          "bitrate": "176"
        },
        {
          "format": "Shorten",
          "filename": "gd69-02-15d1t02.shn"
        }
      ]
    },
    {
      "track": "03",
      "title": "The Other One >",
      "duration": 261.83,
      "formats": [
        {
          "format": "VBR MP3",
          "filename": "gd69-02-15d1t03.mp3",
          "bitrate": "180"
        },
        {
          "format": "Shorten",
          "filename": "gd69-02-15d1t03.shn"
        }
      ]
    },
    {
      "track": "04",
      "title": "Cryptical Envelopement->",
      "duration": 303.91,
      "formats": [
        {
          "format": "VBR MP3",
          "filename": "gd69-02-15d1t04.mp3",
          "bitrate": "178"
        },
        {
          "format": "Shorten",
          "filename": "gd69-02-15d1t04.shn"
        }
      ]
    },
    {
      "track": "05",
      "title": "Morning Dew ->",
      "duration": 332.32,
      "formats": [
        {
          "format": "VBR MP3",
          "filename": "gd69-02-15d1t05.mp3",
          "bitrate": "177"
        },
        {
          "format": "Shorten",
          "filename": "gd69-02-15d1t05.shn"
        }
      ]
    },
    {
      "track": "06",
      "title": "Turn On Your Lovelight",
      "duration": 539.17,
      "formats": [
        {
          "format": "VBR MP3",
          "filename": "gd69-02-15d1t06.mp3",
          "bitrate": "179"
        },
        {
          "format": "Shorten",
          "filename": "gd69-02-15d1t06.shn"
        }
      ]
    },
    {
      "track": "07",
      "title": "Dupree's Diamond Blues",
      "duration": 133.07,
      "formats": [
        {
          "format": "VBR MP3",
          "filename": "gd69-02-15d2t01.mp3",
          "bitrate": "180"
        },
        {
          "format": "Shorten",
          "filename": "gd69-02-15d2t01.shn"
        }
      ]
    },
    {
      "track": "08",
      "title": "Mountains of the Moon ->",
      "duration": 134.36,
      "formats": [
        {
          "format": "VBR MP3",
          "filename": "gd69-02-15d2t02.mp3",
          "bitrate": "176"
        },
        {
          "format": "Shorten",
          "filename": "gd69-02-15d2t02.shn"
        }
      ]
    },
    {
      "track": "09",
      "title": "Dark Star ->",
      "duration": 688.65,
      "formats": [
        {
          "format": "VBR MP3",
          "filename": "gd69-02-15d2t03.mp3",
          "bitrate": "180"
        },
        {
          "format": "Shorten",
          "filename": "gd69-02-15d2t03.shn"
        }
      ]
    },
    {
      "track": "10",
      "title": "Saint Stephen ->",
      "duration": 195.66,
      "formats": [
        {
          "format": "VBR MP3",
          "filename": "gd69-02-15d2t04.mp3",
          "bitrate": "182"
        },
        {
          "format": "Shorten",
          "filename": "gd69-02-15d2t04.shn"
        }
      ]
    },
    {
      "track": "11",
      "title": "The Eleven >",
      "duration": 268.2,
      "formats": [
        {
          "format": "VBR MP3",
          "filename": "gd69-02-15d2t05.mp3",
          "bitrate": "183"
        },
        {
          "format": "Shorten",
          "filename": "gd69-02-15d2t05.shn"
        }
      ]
    },
    {
      "track": "12",
      "title": "Death Don't Have No Mercy",
      "duration": 181.7,
      "formats": [
        {
          "format": "VBR MP3",
          "filename": "gd69-02-15d2t06.mp3",
          "bitrate": "179"
        },
        {
          "format": "Shorten",
          "filename": "gd69-02-15d2t06.shn"
        }
      ]
    },
    {
      "track": "13",
      "title": "Cosmic Charlie",
      "duration": 192.21,
      "formats": [
        {
          "format": "VBR MP3",
          "filename": "gd69-02-15d3t01.mp3",
          "bitrate": "178"
        },
        {
          "format": "Shorten",
          "filename": "gd69-02-15d3t01.shn"
        }
      ]
    },
    {
      "track": "14",
      "title": "Alligator ->",
      "duration": 126.73,
      "formats": [
        {
          "format": "VBR MP3",
          "filename": "gd69-02-15d3t02.mp3",
          "bitrate": "181"
        },
        {
          "format": "Shorten",
          "filename": "gd69-02-15d3t02.shn"
        }
      ]
    },
    {
      "track": "15",
      "title": "Drums ->",
      "duration": 125.67,
      "formats": [
        {
          "format": "VBR MP3",
          "filename": "gd69-02-15d3t03.mp3",
          "bitrate": "186"
        },
        {
          "format": "Shorten",
          "filename": "gd69-02-15d3t03.shn"
        }
      ]
    },
    {
      "track": "16",
      "title": "Alligator ->",
      "duration": 246.59,
      "formats": [
        {
          "format": "VBR MP3",
          "filename": "gd69-02-15d3t04.mp3",
          "bitrate": "183"
        },
        {
          "format": "Shorten",
          "filename": "gd69-02-15d3t04.shn"
        }
      ]
    },
    {
      "track": "17",
      "title": "And We Bid You Goodnight (Jam) ->",
      "duration": 116.58,
      "formats": [
        {
          "format": "VBR MP3",
          "filename": "gd69-02-15d3t05.mp3",
          "bitrate": "184"
        },
        {
          "format": "Shorten",
          "filename": "gd69-02-15d3t05.shn"
        }
      ]
    },
    {
      "track": "18",
      "title": "Caution (Do Not Stop On Tracks) ->",
      "duration": 528.3,
      "formats": [
        {
          "format": "VBR MP3",
          "filename": "gd69-02-15d3t06.mp3",
          "bitrate": "181"
        },
        {
          "format": "Shorten",
          "filename": "gd69-02-15d3t06.shn"
        }
      ]
    },
    {
      "track": "19",
      "title": "Feedback ->",
      "duration": 223.63,
      "formats": [
        {
          "format": "VBR MP3",
          "filename": "gd69-02-15d3t07.mp3",
          "bitrate": "176"
        },
        {
          "format": "Shorten",
          "filename": "gd69-02-15d3t07.shn"
        }
      ]
    },
    {
      "track": "20",
      "title": "And We Bid You Goodnight",
      "duration": 120.96,
      "formats": [
        {
          "format": "VBR MP3",
          "filename": "gd69-02-15d3t08.mp3",
          "bitrate": "173"
        },
        {
          "format": "Shorten",
          "filename": "gd69-02-15d3t08.shn"
        }
      ]
    }
  ]
}