{
  "rating": 1.6,
  "review_count": 5,
  "source_type": "UNKNOWN",
  "confidence": 1.0,
  "date": "1969-04-15",
  "venue": "The Music Box",
  "location": "Omaha, Nb",
  "raw_rating": 3.2,
  "high_ratings": 2,
  "low_ratings": 1,
  "tracks": [
    {
      "track": "01",
      "title": "Hard To Handle",
      "duration": 327.53,
      "formats": [
        {
          "format": "Flac",
          "filename": "gd69-04-15d1t01.flac"
        },
        {
          "format": "VBR MP3",
          "filename": "gd69-04-15d1t01.mp3",
          "bitrate": "146"
        }
      ]
    },
    {
      "track": "02",
      "title": "Beat It On Down The Line",
      "duration": 165.57,
      "formats": [
        {
          "format": "Flac",
          "filename": "gd69-04-15d1t02.flac"
        },
        {
          "format": "VBR MP3",
          "filename": "gd69-04-15d1t02.mp3",
          "bitrate": "144"
        }
      ]
    },
    {
      "track": "03",
      "title": "Morning Dew",
      "duration": 660.42,
      "formats": [
        {
          "format": "Flac",
          "filename": "gd69-04-15d1t03.flac"
        },
        {
          "format": "VBR MP3",
          "filename": "gd69-04-15d1t03.mp3",
          "bitrate": "187"
        }
      ]
    },
    {
      "track": "04",
      "title": "It Hurts Me Too",
      "duration": 344.48,
      "formats": [
        {
          "format": "Flac",
          "filename": "gd69-04-15d1t04.flac"
        },
        {
          "format": "VBR MP3",
          "filename": "gd69-04-15d1t04.mp3",
          "bitrate": "193"
        }
      ]
    },
    {
      "track": "05",
      "title": "China Cat Sunflower ->",
      "duration": 338.37,
      "formats": [
        {
          "format": "Flac",
          "filename": "gd69-04-15d1t05.flac"
        },
        {
          "format": "VBR MP3",
          "filename": "gd69-04-15d1t05.mp3",
          "bitrate": "204"
        }
      ]
    },
    {
      "track": "06",
      "title": "Doin' That Rag ->",
      "duration": 426.0,
      "formats": [
        {
          "format": "Flac",
          "filename": "gd69-04-15d1t06.flac"
        },
        {
          "format": "VBR MP3",
          "filename": "gd69-04-15d1t06.mp3",
          "bitrate": "197"
        }
      ]
    },
    {
      "track": "07",
      "title": "It's A Sin",
      "duration": 281.45,
      "formats": [
        {
          "format": "Flac",
          "filename": "gd69-04-15d1t07.flac"
        },
        {
          "format": "VBR MP3",
          "filename": "gd69-04-15d1t07.mp3",
          "bitrate": "143"
        }
      ]
    },
    {
      "track": "08",
      "title": "Turn On Your Lovelight",
      "duration": 1655.84,
      "formats": [
        {
          "format": "Flac",
          "filename": "gd69-04-15d1t08.flac"
        },
        {
          "format": "VBR MP3",
          "filename": "gd69-04-15d1t08.mp3",
          "bitrate": "145"
        }
      ]
    },
    {
      "track": "09",
      "title": "Sittin' On Top Of The World",
      "duration": 164.61,
      "formats": [
        {
          "format": "Flac",
          "filename": "gd69-04-15d2t01.flac"
        },
        {
          "format": "VBR MP3",
          "filename": "gd69-04-15d2t01.mp3",
          "bitrate": "136"
        }
      ]
    },
    {
      "track": "10",
      "title": "Cryptical Envelopment ->",
      "duration": 114.57,
      "formats": [
        {
          "format": "Flac",
          "filename": "gd69-04-15d2t02.flac"
        },
        {
          "format": "VBR MP3",
          "filename": "gd69-04-15d2t02.mp3",
          "bitrate": "136"
        }
      ]
    },
    {
      "track": "11",
      "title": "Drums ->",
      "duration": 25.38,
      "formats": [
        {
          "format": "Flac",
          "filename": "gd69-04-15d2t03.flac"
        },
        {
          "format": "VBR MP3",
          "filename": "gd69-04-15d2t03.mp3",
          "bitrate": "137"
        }
      ]
    },
    {
      "track": "12",
      "title": "The Other One ->",
      "duration": 452.01,
      "formats": [
        {
          "format": "Flac",
          "filename": "gd69-04-15d2t04.flac"
        },
        {
          "format": "VBR MP3",
          "filename": "gd69-04-15d2t04.mp3",
          "bitrate": "137"
        }
      ]
    },
    {
      "track": "13",
      "title": "Cryptical Envelopment ->",
      "duration": 670.81,
      "formats": [
        {
          "format": "Flac",
          "filename": "gd69-04-15d2t05.flac"
        },
        {
          "format": "VBR MP3",
          "filename": "gd69-04-15d2t05.mp3",
          "bitrate": "137"
        }
      ]
    },
    {
      "track": "14",
      "title": "Dark Star ->",
      "duration": 1221.06,
      "formats": [
        {
          "format": "Flac",
          "filename": "gd69-04-15d2t06.flac"
        },
        {
          "format": "VBR MP3",
          "filename": "gd69-04-15d2t06.mp3",
          "bitrate": "141"
        }
      ]
    },
    {
      "track": "15",
      "title": "St. Stephen ->",
      "duration": 364.8,
      "formats": [
        {
          "format": "Flac",
          "filename": "gd69-04-15d2t07.flac"
        },
        {
          "format": "VBR MP3",
          "filename": "gd69-04-15d2t07.mp3",
          "bitrate": "140"
        }
      ]
    },
    {
      "track": "16",
      "title": "The Eleven//",
      "duration": 174.57,
      "formats": [
        {
          "format": "Flac",
          "filename": "gd69-04-15d2t08.flac"
        },
        {
          "format": "VBR MP3",
          "filename": "gd69-04-15d2t08.mp3",
          "bitrate": "141"
        }
      ]
    }
  ]
}