{
  "rating": 2.0,
  "review_count": 3,
  "source_type": "UNKNOWN",
  "confidence": 0.6,
  "date": "1969-04-23",
  "venue": "The Ark",
  "location": "Boston, MA",
  "raw_rating": 5.0,
  "high_ratings": 3,
  "low_ratings": 0,
  "tracks": [
    {
      "track": "01",
      "title": "Introduction",
      "duration": 18.57,
      "formats": [
        {
          "format": "VBR MP3",
          "filename": "gd69-04-23newd1t01.mp3",
          "bitrate": "181"
        },
        {
          "format": "Shorten",
          "filename": "gd69-04-23newd1t01.shn"
        }
      ]
    },
    {
      "track": "02",
      "title": "He Was A Friend Of Mine",
      "duration": 365.46,
      "formats": [
        {
          "format": "VBR MP3",
          "filename": "gd69-04-23newd1t02.mp3",
          "bitrate": "182"
        },
        {
          "format": "Shorten",
          "filename": "gd69-04-23newd1t02.shn"
        }
      ]
    },
    {
      "track": "03",
      "title": "Dark Star >",
      "duration": 688.84,
      "formats": [
        {
          "format": "VBR MP3",
          "filename": "gd69-04-23newd1t03.mp3",
          "bitrate": "184"
        },
        {
          "format": "Shorten",
          "filename": "gd69-04-23newd1t03.shn"
        }
      ]
    },
    {
      "track": "04",
      "title": "St. Stephen >",
      "duration": 54.85,
      "formats": [
        {
          "format": "VBR MP3",
          "filename": "gd69-04-23newd1t04.mp3",
          "bitrate": "191"
        },
        {
          "format": "Shorten",
          "filename": "gd69-04-23newd1t04.shn"
        }
      ]
    },
    {
      "track": "05",
      "title": "It's A Sin >",
      "duration": 71.88,
      "formats": [
        {
          "format": "VBR MP3",
          "filename": "gd69-04-23newd1t05.mp3",
          "bitrate": "184"
        },
        {
          "format": "Shorten",
          "filename": "gd69-04-23newd1t05.shn"
        }
      ]
    },
    {
      "track": "06",
      "title": "St. Stephen >",
      "duration": 77.75,
      "formats": [
        {
          "format": "VBR MP3",
          "filename": "gd69-04-23newd1t06.mp3",
          "bitrate": "187"
        },
        {
          "format": "Shorten",
          "filename": "gd69-04-23newd1t06.shn"
        }
      ]
    },
    {
      "track": "07",
      "title": "Cryptical Envelopment >",
      "duration": 59.54,
      "formats": [
        {
          "format": "VBR MP3",
          "filename": "gd69-04-23newd1t07.mp3",
          "bitrate": "181"
        },
        {
          "format": "Shorten",
          "filename": "gd69-04-23newd1t07.shn"
        }
      ]
    },
    {
      "track": "08",
      "title": "Drums >",
      "duration": 17.53,
      "formats": [
        {
          "format": "VBR MP3",
          "filename": "gd69-04-23newd1t08.mp3",
          "bitrate": "185"
        },
        {
          "format": "Shorten",
          "filename": "gd69-04-23newd1t08.shn"
        }
      ]
    },
    {
      "track": "09",
      "title": "The Other One >",
      "duration": 302.09,
      "formats": [
        {
          "format": "VBR MP3",
          "filename": "gd69-04-23newd1t09.mp3",
          "bitrate": "188"
        },
        {
          "format": "Shorten",
          "filename": "gd69-04-23newd1t09.shn"
        }
      ]
    },
    {
      "track": "10",
      "title": "Cryptical Envelopment >",
      "duration": 210.5,
      "formats": [
        {
          "format": "VBR MP3",
          "filename": "gd69-04-23newd1t10.mp3",
          "bitrate": "184"
        },
        {
          "format": "Shorten",
          "filename": "gd69-04-23newd1t10.shn"
        }
      ]
    },
    {
      "track": "11",
      "title": "Sittin' On Top Of The World >",
      "duration": 105.87,
      "formats": [
        {
          "format": "VBR MP3",
          "filename": "gd69-04-23newd1t11.mp3",
          "bitrate": "189"
        },
        {
          "format": "Shorten",
          "filename": "gd69-04-23newd1t11.shn"
        }
      ]
    },
    {
      "track": "12",
      "title": "Turn On Your Love Light",
      "duration": 630.64,
      "formats": [
        {
          "format": "VBR MP3",
          "filename": "gd69-04-23newd1t12.mp3",
          "bitrate": "185"
        },
        {
          "format": "Shorten",
          "filename": "gd69-04-23newd1t12.shn"
        }
      ]
    },
    {
      "track": "13",
      "title": "Morning Dew",
      "duration": 350.97,
      "formats": [
        {
          "format": "VBR MP3",
          "filename": "gd69-04-23newd2t01.mp3",
          "bitrate": "185"
        },
        {
          "format": "Shorten",
          "filename": "gd69-04-23newd2t01.shn"
        }
      ]
    },
    {
      "track": "14",
      "title": "Hard To Handle",
      "duration": 226.58,
      "formats": [
        {
          "format": "VBR MP3",
          "filename": "gd69-04-23newd2t02.mp3",
          "bitrate": "189"
        },
        {
          "format": "Shorten",
          "filename": "gd69-04-23newd2t02.shn"
        }
      ]
    },
    {
      "track": "15",
      "title": "Doin' That Rag",
      "duration": 249.65,
      "formats": [
        {
          "format": "VBR MP3",
          "filename": "gd69-04-23newd2t03.mp3",
          "bitrate": "186"
        },
        {
          "format": "Shorten",
          "filename": "gd69-04-23newd2t03.shn"
        }
      ]
    },
    {
      "track": "16",
      "title": "Alligator >",
      "duration": 140.27,
      "formats": [
        {
          "format": "VBR MP3",
          "filename": "gd69-04-23newd3t01.mp3",
          "bitrate": "189"
        },
        {
          "format": "Shorten",
          "filename": "gd69-04-23newd3t01.shn"
        }
      ]
    },
    {
      "track": "17",
      "title": "Drums >",
      "duration": 154.25,
      "formats": [
        {
          "format": "VBR MP3",
          "filename": "gd69-04-23newd3t02.mp3",
          "bitrate": "193"
        },
        {
          "format": "Shorten",
          "filename": "gd69-04-23newd3t02.shn"
        }
      ]
    },
    {
      "track": "18",
      "title": "Jam >",
      "duration": 113.46,
      "formats": [
        {
          "format": "VBR MP3",
          "filename": "gd69-04-23newd3t03.mp3",
          "bitrate": "192"
        },
        {
          "format": "Shorten",
          "filename": "gd69-04-23newd3t03.shn"
        }
      ]
    },
    {
      "track": "19",
      "title": "The Eleven >",
      "duration": 265.53,
      "formats": [
        {
          "format": "VBR MP3",
          "filename": "gd69-04-23newd3t04.mp3",
          "bitrate": "187"
        },
        {
          "format": "Shorten",
          "filename": "gd69-04-23newd3t04.shn"
        }
      ]
    },
    {
      "track": "20",
      "title": "Jam >",
      "duration": 61.54,
      "formats": [
        {
          "format": "VBR MP3",
          "filename": "gd69-04-23newd3t05.mp3",
          "bitrate": "188"
        },
        {
          "format": "Shorten",
          "filename": "gd69-04-23newd3t05.shn"
        }
      ]
    },
    {
      "track": "21",
      "title": "Mountain Jam >",
      "duration": 73.39,
      "formats": [
        {
          "format": "VBR MP3",
          "filename": "gd69-04-23newd3t06.mp3",
          "bitrate": "186"
        },
        {
          "format": "Shorten",
          "filename": "gd69-04-23newd3t06.shn"
        }
      ]
    },
    {
      "track": "22",
      "title": "And We Bid You Good Night Jam >",
      "duration": 62.06,
      "formats": [
        {
          "format": "VBR MP3",
          "filename": "gd69-04-23newd3t07.mp3",
          "bitrate": "187"
        },
        {
          "format": "Shorten",
          "filename": "gd69-04-23newd3t07.shn"
        }
      ]
    },
    {
      "track": "23",
      "title": "Jam >",
      "duration": 142.31,
      "formats": [
        {
          "format": "VBR MP3",
          "filename": "gd69-04-23newd3t08.mp3",
          "bitrate": "186"
        },
        {
          "format": "Shorten",
          "filename": "gd69-04-23newd3t08.shn"
        }
      ]
    },
    {
      "track": "24",
      "title": "Caution (Do Not Stop On Tracks) >",
      "duration": 439.43,
      "formats": [
        {
          "format": "VBR MP3",
          "filename": "gd69-04-23newd3t09.mp3",
          "bitrate": "186"
        },
        {
          "format": "Shorten",
          "filename": "gd69-04-23newd3t09.shn"
        }
      ]
    },
    {
      "track": "25",
      "title": "Feedback >",
      "duration": 86.59,
      "formats": [
        {
          "format": "VBR MP3",
          "filename": "gd69-04-23newd3t10.mp3",
          "bitrate": "182"
        },
        {
          "format": "Shorten",
          "filename": "gd69-04-23newd3t10.shn"
        }
      ]
    },
    {
      "track": "26",
      "title": "And We Bid You Good Night",
      "duration": 103.66,
      "formats": [
        {
          "format": "VBR MP3",
          "filename": "gd69-04-23newd3t11.mp3",
          "bitrate": "174"
        },
        {
          "format": "Shorten",
          "filename": "gd69-04-23newd3t11.shn"
        }
      ]
    },
    {
      "track": "27",
      "title": "03:14] \"More! More! More!\"",
      "duration": 98.14,
      "formats": [
        {
          "format": "VBR MP3",
          "filename": "gd69-04-23newd3t12.mp3",
          "bitrate": "179"
        },
        {
          "format": "Shorten",
          "filename": "gd69-04-23newd3t12.shn"
        }
      ]
    },
    {
      "track": "28",
      "title": "Not Fade Away tease",
      "duration": 49.32,
      "formats": [
        {
          "format": "VBR MP3",
          "filename": "gd69-04-23newd3t13.mp3",
          "bitrate": "183"
        },
        {
          "format": "Shorten",
          "filename": "gd69-04-23newd3t13.shn"
        }
      ]
    },
    {
      "track": "29",
      "title": "It's All Over Now, Baby Blue",
      "duration": 270.96,
      "formats": [
        {
          "format": "VBR MP3",
          "filename": "gd69-04-23newd3t14.mp3",
          "bitrate": "179"
        },
        {
          "format": "Shorten",
          "filename": "gd69-04-23newd3t14.shn"
        }
      ]
    }
  ]
}