{
  "rating": 1.2,
  "review_count": 1,
  "source_type": "UNKNOWN",
  "confidence": 0.2,
  "date": "1968-09-20",
  "venue": "Berkeley Community Theater",
  "location": "Berkeley, CA",
  "raw_rating": 4.0,
  "high_ratings": 1,
  "low_ratings": 0,
  "tracks": [
    {
      "track": "01",
      "title": "//Good Morning Little Schoolgirl",
      "duration": 426.68,
      "formats": [
        {
          "format": "Flac",
          "filename": "gd68-09-20d1t01.flac"
        },
        {
          "format": "VBR MP3",
          "filename": "gd68-09-20d1t01.mp3",
          "bitrate": "187"
        }
      ]
    },
    {
      "track": "02",
      "title": "Stage Banter",
      "duration": 224.1,
      "formats": [
        {
          "format": "Flac",
          "filename": "gd68-09-20d1t02.flac"
        },
        {
          "format": "VBR MP3",
          "filename": "gd68-09-20d1t02.mp3",
          "bitrate": "228"
        }
      ]
    },
    {
      "track": "03",
      "title": "Saint Stephen ->",
      "duration": 220.64,
      "formats": [
        {
          "format": "Flac",
          "filename": "gd68-09-20d1t03.flac"
        },
        {
          "format": "VBR MP3",
          "filename": "gd68-09-20d1t03.mp3",
          "bitrate": "191"
        }
      ]
    },
    {
      "track": "04",
      "title": "The Eleven ->",
      "duration": 264.36,
      "formats": [
        {
          "format": "Flac",
          "filename": "gd68-09-20d1t04.flac"
        },
        {
          "format": "VBR MP3",
          "filename": "gd68-09-20d1t04.mp3",
          "bitrate": "185"
        }
      ]
    },
    {
      "track": "05",
      "title": "Drums",
      "duration": 1613.56,
      "formats": [
        {
          "format": "Flac",
          "filename": "gd68-09-20d1t05.flac"
        },
        {
          "format": "VBR MP3",
          "filename": "gd68-09-20d1t05.mp3",
          "bitrate": "189"
        }
      ]
    }
  ]
}