{
  "rating": 2.4166666666666665,
  "review_count": 6,
  "source_type": "UNKNOWN",
  "confidence": 1.0,
  "date": "1968-10-12",
  "venue": "Avalon Ballroom",
  "location": "San Francisco, CA",
  "raw_rating": 4.833333333333333,
  "high_ratings": 6,
  "low_ratings": 0,
  "tracks": [
    {
      "track": "01",
      "title": "tuning",
      "duration": 16.31,
      "formats": [
        {
          "format": "VBR MP3",
          "filename": "gd68-10-12d1t01.mp3",
          "bitrate": "170"
        },
        {
          "format": "Shorten",
          "filename": "gd68-10-12d1t01.shn"
        },
        {
          "format": "VBR MP3",
          "filename": "gd68-10-12d1t01_vbr.mp3",
          "bitrate": "189"
        }
      ]
    },
    {
      "track": "02",
      "title": "Dark Star >",
      "duration": 498.75,
      "formats": [
        {
          "format": "VBR MP3",
          "filename": "gd68-10-12d1t02.mp3",
          "bitrate": "192"
        },
        {
          "format": "Shorten",
          "filename": "gd68-10-12d1t02.shn"
        },
        {
          "format": "VBR MP3",
          "filename": "gd68-10-12d1t02_vbr.mp3",
          "bitrate": "197"
        }
      ]
    },
    {
      "track": "03",
      "title": "St Stephen >",
      "duration": 167.34,
      "formats": [
        {
          "format": "VBR MP3",
          "filename": "gd68-10-12d1t03.mp3",
          "bitrate": "187"
        },
        {
          "format": "Shorten",
          "filename": "gd68-10-12d1t03.shn"
        },
        {
          "format": "VBR MP3",
          "filename": "gd68-10-12d1t03_vbr.mp3",
          "bitrate": "191"
        }
      ]
    },
    {
      "track": "04",
      "title": "The Eleven >",
      "duration": 392.0,
      "formats": [
        {
          "format": "VBR MP3",
          "filename": "gd68-10-12d1t04.mp3",
          "bitrate": "193"
        },
        {
          "format": "Shorten",
          "filename": "gd68-10-12d1t04.shn"
        },
        {
          "format": "VBR MP3",
          "filename": "gd68-10-12d1t04_vbr.mp3",
          "bitrate": "194"
        }
      ]
    },
    {
      "track": "05",
      "title": "Death Don't Have No Mercy",
      "duration": 281.71,
      "formats": [
        {
          "format": "VBR MP3",
          "filename": "gd68-10-12d1t05.mp3",
          "bitrate": "189"
        },
        {
          "format": "Shorten",
          "filename": "gd68-10-12d1t05.shn"
        },
        {
          "format": "VBR MP3",
          "filename": "gd68-10-12d1t05_vbr.mp3",
          "bitrate": "197"
        }
      ]
    },
    {
      "track": "06",
      "title": "Cryptical Envelopment >",
      "duration": 53.24,
      "formats": [
        {
          "format": "VBR MP3",
          "filename": "gd68-10-12d1t06.mp3",
          "bitrate": "187"
        },
        {
          "format": "Shorten",
          "filename": "gd68-10-12d1t06.shn"
        },
        {
          "format": "VBR MP3",
          "filename": "gd68-10-12d1t06_vbr.mp3",
          "bitrate": "187"
        }
      ]
    },
    {
      "track": "07",
      "title": "The Other One >",
      "duration": 295.2,
      "formats": [
        {
          "format": "VBR MP3",
          "filename": "gd68-10-12d1t07.mp3",
          "bitrate": "194"
        },
        {
          "format": "Shorten",
          "filename": "gd68-10-12d1t07.shn"
        },
        {
          "format": "VBR MP3",
          "filename": "gd68-10-12d1t07_vbr.mp3",
          "bitrate": "197"
        }
      ]
    },
    {
      "track": "08",
      "title": "Cryptical Envelopment >",
      "duration": 322.31,
      "formats": [
        {
          "format": "VBR MP3",
          "filename": "gd68-10-12d1t08.mp3",
          "bitrate": "193"
        },
        {
          "format": "Shorten",
          "filename": "gd68-10-12d1t08.shn"
        },
        {
          "format": "VBR MP3",
          "filename": "gd68-10-12d1t08_vbr.mp3",
          "bitrate": "199"
        }
      ]
    },
    {
      "track": "09",
      "title": "New Potato Caboose >",
      "duration": 123.53,
      "formats": [
        {
          "format": "VBR MP3",
          "filename": "gd68-10-12d1t09.mp3",
          "bitrate": "190"
        },
        {
          "format": "Shorten",
          "filename": "gd68-10-12d1t09.shn"
        },
        {
          "format": "VBR MP3",
          "filename": "gd68-10-12d1t09_vbr.mp3",
          "bitrate": "196"
        }
      ]
    },
    {
      "track": "10",
      "title": "Jam >",
      "duration": 115.16,
      "formats": [
        {
          "format": "VBR MP3",
          "filename": "gd68-10-12d1t10.mp3",
          "bitrate": "184"
        },
        {
          "format": "Shorten",
          "filename": "gd68-10-12d1t10.shn"
        },
        {
          "format": "VBR MP3",
          "filename": "gd68-10-12d1t10_vbr.mp3",
          "bitrate": "191"
        }
      ]
    },
    {
      "track": "11",
      "title": "Drums >",
      "duration": 46.2,
      "formats": [
        {
          "format": "VBR MP3",
          "filename": "gd68-10-12d1t11.mp3",
          "bitrate": "194"
        },
        {
          "format": "Shorten",
          "filename": "gd68-10-12d1t11.shn"
        },
        {
          "format": "VBR MP3",
          "filename": "gd68-10-12d1t11_vbr.mp3",
          "bitrate": "199"
        }
      ]
    },
    {
      "track": "12",
      "title": "Jam >",
      "duration": 285.52,
      "formats": [
        {
          "format": "VBR MP3",
          "filename": "gd68-10-12d1t12.mp3",
          "bitrate": "188"
        },
        {
          "format": "Shorten",
          "filename": "gd68-10-12d1t12.shn"
        },
        {
          "format": "VBR MP3",
          "filename": "gd68-10-12d1t12_vbr.mp3",
          "bitrate": "194"
        }
      ]
    },
    {
      "track": "13",
      "title": "Feedback",
      "duration": 228.76,
      "formats": [
        {
          "format": "VBR MP3",
          "filename": "gd68-10-12d1t13.mp3",
          "bitrate": "190"
        },
        {
          "format": "Shorten",
          "filename": "gd68-10-12d1t13.shn"
        },
        {
          "format": "VBR MP3",
          "filename": "gd68-10-12d1t13_vbr.mp3",
          "bitrate": "208"
        }
      ]
    }
  ]
}