{
  "rating": 2.4285714285714284,
  "review_count": 7,
  "source_type": "UNKNOWN",
  "confidence": 1.0,
  "date": "1968-03-16",
  "venue": "Carousel Ballroom",
  "location": "San Francisco, CA",
  "raw_rating": 4.857142857142857,
  "high_ratings": 7,
  "low_ratings": 0,
  "tracks": [
    {
      "track": "01",
      "title": "Dark Star ->",
      "duration": 435.28,
      "formats": [
        {
          "format": "Flac",
          "filename": "gd68-03-16d1t01.flac"
        },
        {
          "format": "VBR MP3",
          "filename": "gd68-03-16d1t01.mp3",
          "bitrate": "158"
        }
      ]
    },
    {
      "track": "02",
      "title": "China Cat Sunflower ->",
      "duration": 207.13,
      "formats": [
        {
          "format": "Flac",
          "filename": "gd68-03-16d1t02.flac"
        },
        {
          "format": "VBR MP3",
          "filename": "gd68-03-16d1t02.mp3",
          "bitrate": "138"
        }
      ]
    },
    {
      "track": "03",
      "title": "The Eleven ->",
      "duration": 860.1,
      "formats": [
        {
          "format": "Flac",
          "filename": "gd68-03-16d1t03.flac"
        },
        {
          "format": "VBR MP3",
          "filename": "gd68-03-16d1t03.mp3",
          "bitrate": "135"
        }
      ]
    },
    {
      "track": "04",
      "title": "Good Morning Little Schoolgirl",
      "duration": 604.92,
      "formats": [
        {
          "format": "Flac",
          "filename": "gd68-03-16d1t04.flac"
        },
        {
          "format": "VBR MP3",
          "filename": "gd68-03-16d1t04.mp3",
          "bitrate": "132"
        }
      ]
    },
    {
      "track": "05",
      "title": "Morning Dew",
      "duration": 455.01,
      "formats": [
        {
          "format": "Flac",
          "filename": "gd68-03-16d2t01.flac"
        },
        {
          "format": "VBR MP3",
          "filename": "gd68-03-16d2t01.mp3",
          "bitrate": "129"
        }
      ]
    },
    {
      "track": "06",
      "title": "It Hurts Me Too",
      "duration": 252.65,
      "formats": [
        {
          "format": "Flac",
          "filename": "gd68-03-16d2t02.flac"
        },
        {
          "format": "VBR MP3",
          "filename": "gd68-03-16d2t02.mp3",
          "bitrate": "130"
        }
      ]
    },
    {
      "track": "07",
      "title": "That's It For The Other One",
      "duration": 368.52,
      "formats": [
        {
          "format": "Flac",
          "filename": "gd68-03-16d2t03.flac"
        },
        {
          "format": "VBR MP3",
          "filename": "gd68-03-16d2t03.mp3",
          "bitrate": "136"
        }
      ]
    },
    {
      "track": "08",
      "title": "Alligator ->",
      "duration": 820.29,
      "formats": [
        {
          "format": "Flac",
          "filename": "gd68-03-16d2t04.flac"
        },
        {
          "format": "VBR MP3",
          "filename": "gd68-03-16d2t04.mp3",
          "bitrate": "139"
        }
      ]
    },
    {
      "track": "09",
      "title": "Caution (Do Not Stop On Tracks) ->",
      "duration": 704.12,
      "formats": [
        {
          "format": "Flac",
          "filename": "gd68-03-16d2t05.flac"
        },
        {
          "format": "VBR MP3",
          "filename": "gd68-03-16d2t05.mp3",
          "bitrate": "135"
        }
      ]
    },
    {
      "track": "10",
      "title": "Feedback",
      "duration": 148.64,
      "formats": [
        {
          "format": "Flac",
          "filename": "gd68-03-16d2t06.flac"
        },
        {
          "format": "VBR MP3",
          "filename": "gd68-03-16d2t06.mp3",
          "bitrate": "178"
        }
      ]
    },
    {
      "track": "11",
      "title": "And We Bid You Good Night",
      "duration": 92.88,
      "formats": [
        {
          "format": "Flac",
          "filename": "gd68-03-16d2t07.flac"
        },
        {
          "format": "VBR MP3",
          "filename": "gd68-03-16d2t07.mp3",
          "bitrate": "149"
        }
      ]
    }
  ]
}