{
  "rating": 2.15,
  "review_count": 10,
  "source_type": "UNKNOWN",
  "confidence": 1.0,
  "date": "1969-06-20",
  "venue": "Pacific Recording Studios",
  "location": "San Mateo, CA",
  "raw_rating": 4.3,
  "high_ratings": 9,
  "low_ratings": 1,
  "tracks": [
    {
      "track": "01",
      "title": "St Stephen",
      "duration": 146.52,
      "formats": [
        {
          "format": "VBR MP3",
          "filename": "gd1969-01-01d1t1.mp3",
          "bitrate": "197"
        },
        {
          "format": "Shorten",
          "filename": "gd1969-01-01d1t1.shn"
        }
      ]
    },
    {
      "track": "02",
      "title": "Dupree's Diamond Blues",
      "duration": 131.01,
      "formats": [
        {
          "format": "VBR MP3",
          "filename": "gd1969-01-01d1t2.mp3",
          "bitrate": "199"
        },
        {
          "format": "Shorten",
          "filename": "gd1969-01-01d1t2.shn"
        }
      ]
    },
    {
      "track": "03",
      "title": "Rosemary",
      "duration": 50.52,
      "formats": [
        {
          "format": "VBR MP3",
          "filename": "gd1969-01-01d1t3.mp3",
          "bitrate": "208"
        },
        {
          "format": "Shorten",
          "filename": "gd1969-01-01d1t3.shn"
        }
      ]
    },
    {
      "track": "04",
      "title": "Doin' That Rag",
      "duration": 169.15,
      "formats": [
        {
          "format": "VBR MP3",
          "filename": "gd1969-01-01d1t4.mp3",
          "bitrate": "194"
        },
        {
          "format": "Shorten",
          "filename": "gd1969-01-01d1t4.shn"
        }
      ]
    },
    {
      "track": "05",
      "title": "Mountains of the Moon",
      "duration": 134.7,
      "formats": [
        {
          "format": "VBR MP3",
          "filename": "gd1969-01-01d1t5.mp3",
          "bitrate": "195"
        },
        {
          "format": "Shorten",
          "filename": "gd1969-01-01d1t5.shn"
        }
      ]
    },
    {
      "track": "06",
      "title": "China Cat Sunflower",
      "duration": 149.75,
      "formats": [
        {
          "format": "VBR MP3",
          "filename": "gd1969-01-01d1t6.mp3",
          "bitrate": "191"
        },
        {
          "format": "Shorten",
          "filename": "gd1969-01-01d1t6.shn"
        }
      ]
    },
    {
      "track": "07",
      "title": "What's Become Of The Baby",
      "duration": 239.79,
      "formats": [
        {
          "format": "VBR MP3",
          "filename": "gd1969-01-01d1t7.mp3",
          "bitrate": "196"
        },
        {
          "format": "Shorten",
          "filename": "gd1969-01-01d1t7.shn"
        }
      ]
    },
    {
      "track": "08",
      "title": "Cosmic Charlie",
      "duration": 168.02,
      "formats": [
        {
          "format": "VBR MP3",
          "filename": "gd1969-01-01d1t8.mp3",
          "bitrate": "193"
        },
        {
          "format": "Shorten",
          "filename": "gd1969-01-01d1t8.shn"
        }
      ]
    }
  ]
}