{
  "rating": 2.52,
  "review_count": 2,
  "source_type": "MATRIX",
  "confidence": 0.4,
  "date": "1966-11-29",
  "venue": "The Matrix",
  "location": "San Francisco, CA",
  "raw_rating": 4.0,
  "high_ratings": 1,
  "low_ratings": 0,
  "tracks": [
    {
      "track": "01",
      "title": "Me & My Uncle",
      "duration": 138.34,
      "formats": [
        {
          "format": "VBR MP3",
          "filename": "gd66-11-29d1t01.mp3",
          "bitrate": "188"
        },
        {
          "format": "Shorten",
          "filename": "gd66-11-29d1t01.shn"
        }
      ]
    },
    {
      "track": "02",
      "title": "The Same Thing",
      "duration": 404.09,
      "formats": [
        {
          "format": "VBR MP3",
          "filename": "gd66-11-29d1t02.mp3",
          "bitrate": "185"
        },
        {
          "format": "Shorten",
          "filename": "gd66-11-29d1t02.shn"
        }
      ]
    },
    {
      "track": "03",
      "title": "Stealin'",
      "duration": 105.1,
      "formats": [
        {
          "format": "VBR MP3",
          "filename": "gd66-11-29d1t03.mp3",
          "bitrate": "189"
        },
        {
          "format": "Shorten",
          "filename": "gd66-11-29d1t03.shn"
        }
      ]
    },
    {
      "track": "04",
      "title": "Big Boy Pete",
      "duration": 113.3,
      "formats": [
        {
          "format": "VBR MP3",
          "filename": "gd66-11-29d1t04.mp3",
          "bitrate": "185"
        },
        {
          "format": "Shorten",
          "filename": "gd66-11-29d1t04.shn"
        }
      ]
    },
    {
      "track": "05",
      "title": "See That My Grave Is Kept Clean",
      "duration": 203.43,
      "formats": [
        {
          "format": "VBR MP3",
          "filename": "gd66-11-29d1t05.mp3",
          "bitrate": "186"
        },
        {
          "format": "Shorten",
          "filename": "gd66-11-29d1t05.shn"
        }
      ]
    },
    {
      "track": "06",
      "title": "Early Morning Rain",
      "duration": 83.06,
      "formats": [
        {
          "format": "VBR MP3",
          "filename": "gd66-11-29d1t06.mp3",
          "bitrate": "190"
        },
        {
          "format": "Shorten",
          "filename": "gd66-11-29d1t06.shn"
        }
      ]
    },
    {
      "track": "07",
      "title": "Cold Rain & Snow",
      "duration": 112.49,
      "formats": [
        {
          "format": "VBR MP3",
          "filename": "gd66-11-29d1t07.mp3",
          "bitrate": "190"
        },
        {
          "format": "Shorten",
          "filename": "gd66-11-29d1t07.shn"
        }
      ]
    },
    {
      "track": "08",
      "title": "Viola Lee Blues",
      "duration": 387.17,
      "formats": [
        {
          "format": "VBR MP3",
          "filename": "gd66-11-29d1t08.mp3",
          "bitrate": "190"
        },
        {
          "format": "Shorten",
          "filename": "gd66-11-29d1t08.shn"
        }
      ]
    },
    {
      "track": "09",
      "title": "Down So Long",
      "duration": 132.32,
      "formats": [
        {
          "format": "VBR MP3",
          "filename": "gd66-11-29d1t09.mp3",
          "bitrate": "187"
        },
        {
          "format": "Shorten",
          "filename": "gd66-11-29d1t09.shn"
        }
      ]
    },
    {
      "track": "10",
      "title": "Something On Your Mind",
      "duration": 161.27,
      "formats": [
        {
          "format": "VBR MP3",
          "filename": "gd66-11-29d1t10.mp3",
          "bitrate": "181"
        },
        {
          "format": "Shorten",
          "filename": "gd66-11-29d1t10.shn"
        }
      ]
    },
    {
      "track": "11",
      "title": "Lindy",
      "duration": 102.74,
      "formats": [
        {
          "format": "VBR MP3",
          "filename": "gd66-11-29d1t11.mp3",
          "bitrate": "188"
        },
        {
          "format": "Shorten",
          "filename": "gd66-11-29d1t11.shn"
        }
      ]
    },
    {
      "track": "12",
      "title": "Good Morning, Little Schoolgirl",
      "duration": 350.53,
      "formats": [
        {
          "format": "VBR MP3",
          "filename": "gd66-11-29d1t12.mp3",
          "bitrate": "184"
        },
        {
          "format": "Shorten",
          "filename": "gd66-11-29d1t12.shn"
        }
      ]
    },
    {
      "track": "13",
      "title": "I Just Want To Make Love To You",
      "duration": 120.14,
      "formats": [
        {
          "format": "VBR MP3",
          "filename": "gd66-11-29d1t13.mp3",
          "bitrate": "185"
        },
        {
          "format": "Shorten",
          "filename": "gd66-11-29d1t13.shn"
        }
      ]
    }
  ]
}