{
  "rating": 0.96,
  "review_count": 1,
  "source_type": "FM",
  "confidence": 0.2,
  "date": "1969-04-06",
  "venue": "Avalon Ballroom",
  "location": "San Francisco, CA",
  "raw_rating": 2.0,
  "high_ratings": 0,
  "low_ratings": 1,
  "tracks": [
    {
      "track": "01",
      "title": "gd69-04-06 tGood Morning Little Schoolgirl",
      "duration": 473.83,
      "formats": [
        {
          "format": "24bit Flac",
          "filename": "Gd69-04-06T01GoodMorningLittleSchoolgirl.flac"
        },
        {
          "format": "VBR MP3",
          "filename": "Gd69-04-06T01GoodMorningLittleSchoolgirl.mp3",
          "bitrate": "179"
        }
      ]
    },
    {
      "track": "02",
      "title": "gd69-04-06 tBeat It On Down The Line",
      "duration": 210.28,
      "formats": [
        {
          "format": "24bit Flac",
          "filename": "Gd69-04-06T02BeatItOnDownTheLine.flac"
        },
        {
          "format": "VBR MP3",
          "filename": "Gd69-04-06T02BeatItOnDownTheLine.mp3",
          "bitrate": "180"
        }
      ]
    },
    {
      "track": "03",
      "title": "gd69-04-06 tIt's All Over, Baby Blue",
      "duration": 475.69,
      "formats": [
        {
          "format": "24bit Flac",
          "filename": "Gd69-04-06T03ItsAllOverBabyBlue.flac"
        },
        {
          "format": "VBR MP3",
          "filename": "Gd69-04-06T03ItsAllOverBabyBlue.mp3",
          "bitrate": "177"
        }
      ]
    },
    {
      "track": "04",
      "title": "gd69-04-06 tI'm A King Bee",
      "duration": 466.36,
      "formats": [
        {
          "format": "24bit Flac",
          "filename": "Gd69-04-06T04ImAKingBee.flac"
        },
        {
          "format": "VBR MP3",
          "filename": "Gd69-04-06T04ImAKingBee.mp3",
          "bitrate": "178"
        }
      ]
    },
    {
      "track": "05",
      "title": "gd69-04-06 tCryptical-Drums",
      "duration": 131.52,
      "formats": [
        {
          "format": "24bit Flac",
          "filename": "Gd69-04-06T05Cryptical-drums.flac"
        },
        {
          "format": "VBR MP3",
          "filename": "Gd69-04-06T05Cryptical-drums.mp3",
          "bitrate": "192"
        }
      ]
    },
    {
      "track": "06",
      "title": "gd69-04-tThe Other One",
      "duration": 652.72,
      "formats": [
        {
          "format": "24bit Flac",
          "filename": "Gd69-04-06T06TheOtherOne.flac"
        },
        {
          "format": "VBR MP3",
          "filename": "Gd69-04-06T06TheOtherOne.mp3",
          "bitrate": "195"
        }
      ]
    },
    {
      "track": "07",
      "title": "gd69-04-06 tCryptical Envelopment",
      "duration": 614.13,
      "formats": [
        {
          "format": "24bit Flac",
          "filename": "Gd69-04-06T07CrypticalEnvelopment.flac"
        },
        {
          "format": "VBR MP3",
          "filename": "Gd69-04-06T07CrypticalEnvelopment.mp3",
          "bitrate": "189"
        }
      ]
    },
    {
      "track": "08",
      "title": "gd69-04-06 tDeath Don't Have No Mercy",
      "duration": 712.69,
      "formats": [
        {
          "format": "24bit Flac",
          "filename": "Gd69-04-06T08DeathDontHaveNoMercy.flac"
        },
        {
          "format": "VBR MP3",
          "filename": "Gd69-04-06T08DeathDontHaveNoMercy.mp3",
          "bitrate": "185"
        }
      ]
    },
    {
      "track": "09",
      "title": "gd69-04-06 tTurn On Your Lovelight",
      "duration": 1506.76,
      "formats": [
        {
          "format": "24bit Flac",
          "filename": "Gd69-04-06T09TurnOnYourLovelight.flac"
        },
        {
          "format": "VBR MP3",
          "filename": "Gd69-04-06T09TurnOnYourLovelight.mp3",
          "bitrate": "191"
        }
      ]
    },
    {
      "track": "10",
      "title": "gd69-04-06 tViola Lee Blues",
      "duration": 772.96,
      "formats": [
        {
          "format": "24bit Flac",
          "filename": "Gd69-04-06T10ViolaLeeBlues.flac"
        },
        {
          "format": "VBR MP3",
          "filename": "Gd69-04-06T10ViolaLeeBlues.mp3",
          "bitrate": "193"
        }
      ]
    }
  ]
}