{
  "rating": 2.6774999999999998,
  "review_count": 4,
  "source_type": "AUD",
  "confidence": 0.8,
  "date": "1966-11-19",
  "venue": "Fillmore Auditorium",
  "location": "San Francisco, CA",
  "raw_rating": 4.25,
  "high_ratings": 3,
  "low_ratings": 1,
  "tracks": [
    {
      "track": "01",
      "title": "High Healed Sneakers",
      "duration": 257.81,
      "formats": [
        {
          "format": "Flac",
          "filename": "gd66-11-19-sc-t01.flac"
        },
        {
          "format": "VBR MP3",
          "filename": "gd66-11-19-sc-t01.mp3",
          "bitrate": "199"
        }
      ]
    },
    {
      "track": "02",
      "title": "Pain in My Heart",
      "duration": 181.09,
      "formats": [
        {
          "format": "Flac",
          "filename": "gd66-11-19-sc-t02.flac"
        },
        {
          "format": "VBR MP3",
          "filename": "gd66-11-19-sc-t02.mp3",
          "bitrate": "190"
        }
      ]
    },
    {
      "track": "03",
      "title": "Cold Rain and Snow",
      "duration": 189.57,
      "formats": [
        {
          "format": "Flac",
          "filename": "gd66-11-19-sc-t03.flac"
        },
        {
          "format": "VBR MP3",
          "filename": "gd66-11-19-sc-t03.mp3",
          "bitrate": "195"
        }
      ]
    },
    {
      "track": "04",
      "title": "Beat It On Down The Line",
      "duration": 196.52,
      "formats": [
        {
          "format": "Flac",
          "filename": "gd66-11-19-sc-t04.flac"
        },
        {
          "format": "VBR MP3",
          "filename": "gd66-11-19-sc-t04.mp3",
          "bitrate": "192"
        }
      ]
    },
    {
      "track": "05",
      "title": "Cream Puff War",
      "duration": 465.18,
      "formats": [
        {
          "format": "Flac",
          "filename": "gd66-11-19-sc-t05.flac"
        },
        {
          "format": "VBR MP3",
          "filename": "gd66-11-19-sc-t05.mp3",
          "bitrate": "195"
        }
      ]
    },
    {
      "track": "06",
      "title": "The Same Thing",
      "duration": 668.34,
      "formats": [
        {
          "format": "Flac",
          "filename": "gd66-11-19-sc-t06.flac"
        },
        {
          "format": "VBR MP3",
          "filename": "gd66-11-19-sc-t06.mp3",
          "bitrate": "188"
        }
      ]
    },
    {
      "track": "07",
      "title": "He Was a Friend of Mine",
      "duration": 294.18,
      "formats": [
        {
          "format": "Flac",
          "filename": "gd66-11-19-sc-t07.flac"
        },
        {
          "format": "VBR MP3",
          "filename": "gd66-11-19-sc-t07.mp3",
          "bitrate": "189"
        }
      ]
    },
    {
      "track": "08",
      "title": "Smokestack Lightning",
      "duration": 583.94,
      "formats": [
        {
          "format": "Flac",
          "filename": "gd66-11-19-sc-t08.flac"
        },
        {
          "format": "VBR MP3",
          "filename": "gd66-11-19-sc-t08.mp3",
          "bitrate": "196"
        }
      ]
    },
    {
      "track": "09",
      "title": "King Bee",
      "duration": 338.05,
      "formats": [
        {
          "format": "Flac",
          "filename": "gd66-11-19-sc-t09.flac"
        },
        {
          "format": "VBR MP3",
          "filename": "gd66-11-19-sc-t09.mp3",
          "bitrate": "192"
        }
      ]
    },
    {
      "track": "10",
      "title": "Midnight Hour",
      "duration": 1125.32,
      "formats": [
        {
          "format": "Flac",
          "filename": "gd66-11-19-sc-t10.flac"
        },
        {
          "format": "VBR MP3",
          "filename": "gd66-11-19-sc-t10.mp3",
          "bitrate": "194"
        }
      ]
    }
  ]
}