{
  "rating": 2.1875,
  "review_count": 8,
  "source_type": "UNKNOWN",
  "confidence": 1.0,
  "date": "1969-06-21",
  "venue": "Fillmore East",
  "location": "New York City, NY",
  "raw_rating": 4.375,
  "high_ratings": 7,
  "low_ratings": 0,
  "tracks": [
    {
      "track": "01",
      "title": "Old, Old House",
      "duration": 137.14,
      "formats": [
        {
          "format": "VBR MP3",
          "filename": "gd69-06-21bd1t01.mp3",
          "bitrate": "169"
        },
        {
          "format": "Shorten",
          "filename": "gd69-06-21bd1t01.shn"
        }
      ]
    },
    {
      "track": "02",
      "title": "Sittin On Top Of The World",
      "duration": 148.11,
      "formats": [
        {
          "format": "VBR MP3",
          "filename": "gd69-06-21bd1t02.mp3",
          "bitrate": "178"
        },
        {
          "format": "Shorten",
          "filename": "gd69-06-21bd1t02.shn"
        }
      ]
    },
    {
      "track": "03",
      "title": "King Bee",
      "duration": 290.6,
      "formats": [
        {
          "format": "VBR MP3",
          "filename": "gd69-06-21bd1t03.mp3",
          "bitrate": "175"
        },
        {
          "format": "Shorten",
          "filename": "gd69-06-21bd1t03.shn"
        }
      ]
    },
    {
      "track": "04",
      "title": "Dire Wolf",
      "duration": 122.62,
      "formats": [
        {
          "format": "VBR MP3",
          "filename": "gd69-06-21bd1t04.mp3",
          "bitrate": "173"
        },
        {
          "format": "Shorten",
          "filename": "gd69-06-21bd1t04.shn"
        }
      ]
    },
    {
      "track": "05",
      "title": "Mama Tried",
      "duration": 112.18,
      "formats": [
        {
          "format": "VBR MP3",
          "filename": "gd69-06-21bd1t05.mp3",
          "bitrate": "174"
        },
        {
          "format": "Shorten",
          "filename": "gd69-06-21bd1t05.shn"
        }
      ]
    },
    {
      "track": "06",
      "title": "High Time",
      "duration": 190.96,
      "formats": [
        {
          "format": "VBR MP3",
          "filename": "gd69-06-21bd1t06.mp3",
          "bitrate": "172"
        },
        {
          "format": "Shorten",
          "filename": "gd69-06-21bd1t06.shn"
        }
      ]
    },
    {
      "track": "07",
      "title": "Dupree's Diamond Blues",
      "duration": 151.82,
      "formats": [
        {
          "format": "VBR MP3",
          "filename": "gd69-06-21bd1t07.mp3",
          "bitrate": "166"
        },
        {
          "format": "Shorten",
          "filename": "gd69-06-21bd1t07.shn"
        }
      ]
    },
    {
      "track": "08",
      "title": "Yellow Dog Story\"",
      "duration": 65.95,
      "formats": [
        {
          "format": "VBR MP3",
          "filename": "gd69-06-21bd2t01.mp3",
          "bitrate": "173"
        },
        {
          "format": "Shorten",
          "filename": "gd69-06-21bd2t01.shn"
        }
      ]
    },
    {
      "track": "09",
      "title": "Dark//Star ->",
      "duration": 253.7,
      "formats": [
        {
          "format": "VBR MP3",
          "filename": "gd69-06-21bd2t02-fixed.mp3",
          "bitrate": "173"
        },
        {
          "format": "Shorten",
          "filename": "gd69-06-21bd2t02-fixed.shn"
        }
      ]
    },
    {
      "track": "10",
      "title": "St Stephen ->",
      "duration": 207.33,
      "formats": [
        {
          "format": "VBR MP3",
          "filename": "gd69-06-21bd2t03.mp3",
          "bitrate": "183"
        },
        {
          "format": "Shorten",
          "filename": "gd69-06-21bd2t03.shn"
        }
      ]
    },
    {
      "track": "11",
      "title": "The Eleven ->",
      "duration": 425.41,
      "formats": [
        {
          "format": "VBR MP3",
          "filename": "gd69-06-21bd2t04.mp3",
          "bitrate": "185"
        },
        {
          "format": "Shorten",
          "filename": "gd69-06-21bd2t04.shn"
        }
      ]
    },
    {
      "track": "12",
      "title": "Lovelight",
      "duration": 1039.16,
      "formats": [
        {
          "format": "VBR MP3",
          "filename": "gd69-06-21bd2t05.mp3",
          "bitrate": "184"
        },
        {
          "format": "Shorten",
          "filename": "gd69-06-21bd2t05.shn"
        }
      ]
    }
  ]
}