{
  "rating": 1.575,
  "review_count": 2,
  "source_type": "UNKNOWN",
  "confidence": 0.4,
  "date": "1966-10-02",
  "venue": "San Francisco State University",
  "location": "San Francisco, CA",
  "raw_rating": 4.5,
  "high_ratings": 2,
  "low_ratings": 0,
  "tracks": [
    {
      "track": "01",
      "title": "The Head Has Become Fat Rap",
      "duration": 256.89,
      "formats": [
        {
          "format": "VBR MP3",
          "filename": "Acid2_04.mp3",
          "bitrate": "177"
        },
        {
          "format": "Shorten",
          "filename": "Acid2_04.shn"
        }
      ]
    },
    {
      "track": "02",
      "title": "A Mexican Story: 25 Bennies",
      "duration": 107.0,
      "formats": [
        {
          "format": "VBR MP3",
          "filename": "Acid2_05.mp3",
          "bitrate": "178"
        },
        {
          "format": "Shorten",
          "filename": "Acid2_05.shn"
        }
      ]
    },
    {
      "track": "03",
      "title": "A Tarnished Galahad",
      "duration": 84.44,
      "formats": [
        {
          "format": "VBR MP3",
          "filename": "Acid2_06.mp3",
          "bitrate": "176"
        },
        {
          "format": "Shorten",
          "filename": "Acid2_06.shn"
        }
      ]
    },
    {
      "track": "04",
      "title": "Get It Off The Ground Rap >",
      "duration": 355.56,
      "formats": [
        {
          "format": "VBR MP3",
          "filename": "Acid2_07.mp3",
          "bitrate": "177"
        },
        {
          "format": "Shorten",
          "filename": "Acid2_07.shn"
        }
      ]
    },
    {
      "track": "05",
      "title": "It's Good To Be God Rap >",
      "duration": 102.82,
      "formats": [
        {
          "format": "VBR MP3",
          "filename": "Acid2_08.mp3",
          "bitrate": "177"
        },
        {
          "format": "Shorten",
          "filename": "Acid2_08.shn"
        }
      ]
    },
    {
      "track": "06",
      "title": "Nirvana Army Rap >",
      "duration": 28.33,
      "formats": [
        {
          "format": "VBR MP3",
          "filename": "Acid2_09.mp3",
          "bitrate": "177"
        },
        {
          "format": "Shorten",
          "filename": "Acid2_09.shn"
        }
      ]
    },
    {
      "track": "07",
      "title": "The Butcher Is Back",
      "duration": 123.09,
      "formats": [
        {
          "format": "VBR MP3",
          "filename": "Acid2_10.mp3",
          "bitrate": "175"
        },
        {
          "format": "Shorten",
          "filename": "Acid2_10.shn"
        }
      ]
    },
    {
      "track": "08",
      "title": "Acid Test Graduation Announcement",
      "duration": 119.48,
      "formats": [
        {
          "format": "VBR MP3",
          "filename": "Acid2_11.mp3",
          "bitrate": "176"
        },
        {
          "format": "Shorten",
          "filename": "Acid2_11.shn"
        }
      ]
    },
    {
      "track": "09",
      "title": "Send Me To The Moon >Closing Rap",
      "duration": 57.72,
      "formats": [
        {
          "format": "VBR MP3",
          "filename": "Acid2_12.mp3",
          "bitrate": "176"
        },
        {
          "format": "Shorten",
          "filename": "Acid2_12.shn"
        }
      ]
    },
    {
      "track": "10",
      "title": "Ken Kesey's dialogue (isolated remix)",
      "duration": 513.78,
      "formats": [
        {
          "format": "VBR MP3",
          "filename": "Acid3_01.mp3",
          "bitrate": "181"
        },
        {
          "format": "Shorten",
          "filename": "Acid3_01.shn"
        }
      ]
    },
    {
      "track": "11",
      "title": "Prankster Music/Sound Collage #1(sequence 1)",
      "duration": 140.36,
      "formats": [
        {
          "format": "VBR MP3",
          "filename": "Acid3_02.mp3",
          "bitrate": "179"
        },
        {
          "format": "Shorten",
          "filename": "Acid3_02.shn"
        }
      ]
    },
    {
      "track": "12",
      "title": "Kesey Rap > Prankster Music/Sound Collage #2 (sequence 2)",
      "duration": 175.61,
      "formats": [
        {
          "format": "VBR MP3",
          "filename": "Acid3_03.mp3",
          "bitrate": "174"
        },
        {
          "format": "Shorten",
          "filename": "Acid3_03.shn"
        }
      ]
    },
    {
      "track": "13",
      "title": "Prankster Sound Collage #3 > Prankster Raga(sequence 3)",
      "duration": 434.72,
      "formats": [
        {
          "format": "VBR MP3",
          "filename": "Acid3_04.mp3",
          "bitrate": "181"
        },
        {
          "format": "Shorten",
          "filename": "Acid3_04.shn"
        }
      ]
    },
    {
      "track": "14",
      "title": "Closing Jam",
      "duration": 188.53,
      "formats": [
        {
          "format": "VBR MP3",
          "filename": "Acid3_05.mp3",
          "bitrate": "178"
        },
        {
          "format": "Shorten",
          "filename": "Acid3_05.shn"
        }
      ]
    },
    {
      "track": "15",
      "title": "Prankster Electronics",
      "duration": 224.04,
      "formats": [
        {
          "format": "VBR MP3",
          "filename": "Acid3_06.mp3",
          "bitrate": "183"
        },
        {
          "format": "Shorten",
          "filename": "Acid3_06.shn"
        }
      ]
    }
  ]
}