{
  "rating": 2.5,
  "review_count": 9,
  "source_type": "UNKNOWN",
  "confidence": 1.0,
  "date": "1969-02-27",
  "venue": "Fillmore West",
  "location": "San Francisco, CA",
  "raw_rating": 5.0,
  "high_ratings": 9,
  "low_ratings": 0,
  "tracks": [
    {
      "track": "01",
      "title": "/Good Morning Little Schoolgirl",
      "duration": 698.94,
      "formats": [
        {
          "format": "Flac",
          "filename": "t01.flac"
        },
        {
          "format": "VBR MP3",
          "filename": "t01.mp3",
          "bitrate": "172"
        }
      ]
    },
    {
      "track": "02",
      "title": "Doing That Rag",
      "duration": 540.51,
      "formats": [
        {
          "format": "Flac",
          "filename": "t02.flac"
        },
        {
          "format": "VBR MP3",
          "filename": "t02.mp3",
          "bitrate": "170"
        }
      ]
    },
    {
      "track": "03",
      "title": "Cryptical Envelopment Suite",
      "duration": 1240.11,
      "formats": [
        {
          "format": "Flac",
          "filename": "t03.flac"
        },
        {
          "format": "VBR MP3",
          "filename": "t03.mp3",
          "bitrate": "179"
        }
      ]
    },
    {
      "track": "04",
      "title": "Dupree's Diamond Blues",
      "duration": 238.89,
      "formats": [
        {
          "format": "Flac",
          "filename": "t04.flac"
        },
        {
          "format": "VBR MP3",
          "filename": "t04.mp3",
          "bitrate": "178"
        }
      ]
    },
    {
      "track": "05",
      "title": "Mountains Of The Moon",
      "duration": 288.11,
      "formats": [
        {
          "format": "Flac",
          "filename": "t05.flac"
        },
        {
          "format": "VBR MP3",
          "filename": "t05.mp3",
          "bitrate": "172"
        }
      ]
    },
    {
      "track": "06",
      "title": "Dark Star",
      "duration": 1376.43,
      "formats": [
        {
          "format": "Flac",
          "filename": "t06.flac"
        },
        {
          "format": "VBR MP3",
          "filename": "t06.mp3",
          "bitrate": "185"
        }
      ]
    },
    {
      "track": "07",
      "title": "Saint Stephen",
      "duration": 322.4,
      "formats": [
        {
          "format": "Flac",
          "filename": "t07.flac"
        },
        {
          "format": "VBR MP3",
          "filename": "t07.mp3",
          "bitrate": "179"
        }
      ]
    },
    {
      "track": "08",
      "title": "The Eleven",
      "duration": 929.6,
      "formats": [
        {
          "format": "Flac",
          "filename": "t08.flac"
        },
        {
          "format": "VBR MP3",
          "filename": "t08.mp3",
          "bitrate": "190"
        }
      ]
    },
    {
      "track": "09",
      "title": "Turn On Your Love light",
      "duration": 1091.0,
      "formats": [
        {
          "format": "Flac",
          "filename": "t09.flac"
        },
        {
          "format": "VBR MP3",
          "filename": "t09.mp3",
          "bitrate": "187"
        }
      ]
    },
    {
      "track": "10",
      "title": "Cosmic Charlie",
      "duration": 366.38,
      "formats": [
        {
          "format": "Flac",
          "filename": "t10.flac"
        },
        {
          "format": "VBR MP3",
          "filename": "t10.mp3",
          "bitrate": "181"
        }
      ]
    }
  ]
}