{
  "rating": 1.5,
  "review_count": 1,
  "source_type": "UNKNOWN",
  "confidence": 0.2,
  "date": "1968-02-14",
  "venue": "Carousel Ballroom",
  "location": "San Francisco, CA",
  "raw_rating": 5.0,
  "high_ratings": 1,
  "low_ratings": 0,
  "tracks": [
    {
      "track": "01",
      "title": "The Morning Dew",
      "duration": 384.8,
      "formats": [
        {
          "format": "Flac",
          "filename": "gd1968-02-14d1t01.flac"
        },
        {
          "format": "VBR MP3",
          "filename": "gd1968-02-14d1t01.mp3",
          "bitrate": "178"
        }
      ]
    },
    {
      "track": "02",
      "title": "Good Morning Little Schoolgirl",
      "duration": 751.8,
      "formats": [
        {
          "format": "Flac",
          "filename": "gd1968-02-14d1t02.flac"
        },
        {
          "format": "VBR MP3",
          "filename": "gd1968-02-14d1t02.mp3",
          "bitrate": "177"
        }
      ]
    },
    {
      "track": "03",
      "title": "Dark Star >",
      "duration": 353.78,
      "formats": [
        {
          "format": "Flac",
          "filename": "gd1968-02-14d1t03.flac"
        },
        {
          "format": "VBR MP3",
          "filename": "gd1968-02-14d1t03.mp3",
          "bitrate": "180"
        }
      ]
    },
    {
      "track": "04",
      "title": "China Cat Sunflower >",
      "duration": 263.24,
      "formats": [
        {
          "format": "Flac",
          "filename": "gd1968-02-14d1t04.flac"
        },
        {
          "format": "VBR MP3",
          "filename": "gd1968-02-14d1t04.mp3",
          "bitrate": "186"
        }
      ]
    },
    {
      "track": "05",
      "title": "The Eleven >",
      "duration": 294.4,
      "formats": [
        {
          "format": "Flac",
          "filename": "gd1968-02-14d1t05.flac"
        },
        {
          "format": "VBR MP3",
          "filename": "gd1968-02-14d1t05.mp3",
          "bitrate": "179"
        }
      ]
    },
    {
      "track": "06",
      "title": "Turn On Your Lovelight",
      "duration": 551.93,
      "formats": [
        {
          "format": "Flac",
          "filename": "gd1968-02-14d1t06.flac"
        },
        {
          "format": "VBR MP3",
          "filename": "gd1968-02-14d1t06.mp3",
          "bitrate": "177"
        }
      ]
    },
    {
      "track": "07",
      "title": "Neal Casady Dedication",
      "duration": 41.41,
      "formats": [
        {
          "format": "Flac",
          "filename": "gd1968-02-14d2t01.flac"
        },
        {
          "format": "VBR MP3",
          "filename": "gd1968-02-14d2t01.mp3",
          "bitrate": "143"
        }
      ]
    },
    {
      "track": "08",
      "title": "Cryptical Envelopment >",
      "duration": 102.9,
      "formats": [
        {
          "format": "Flac",
          "filename": "gd1968-02-14d2t02.flac"
        },
        {
          "format": "VBR MP3",
          "filename": "gd1968-02-14d2t02.mp3",
          "bitrate": "167"
        }
      ]
    },
    {
      "track": "09",
      "title": "The Other One >",
      "duration": 186.88,
      "formats": [
        {
          "format": "Flac",
          "filename": "gd1968-02-14d2t03.flac"
        },
        {
          "format": "VBR MP3",
          "filename": "gd1968-02-14d2t03.mp3",
          "bitrate": "179"
        }
      ]
    },
    {
      "track": "10",
      "title": "Cryptical Envelopment >",
      "duration": 237.93,
      "formats": [
        {
          "format": "Flac",
          "filename": "gd1968-02-14d2t04.flac"
        },
        {
          "format": "VBR MP3",
          "filename": "gd1968-02-14d2t04.mp3",
          "bitrate": "179"
        }
      ]
    },
    {
      "track": "11",
      "title": "New Potato Caboose >",
      "duration": 521.82,
      "formats": [
        {
          "format": "Flac",
          "filename": "gd1968-02-14d2t05.flac"
        },
        {
          "format": "VBR MP3",
          "filename": "gd1968-02-14d2t05.mp3",
          "bitrate": "174"
        }
      ]
    },
    {
      "track": "12",
      "title": "Born Cross-Eyed >",
      "duration": 166.01,
      "formats": [
        {
          "format": "Flac",
          "filename": "gd1968-02-14d2t06.flac"
        },
        {
          "format": "VBR MP3",
          "filename": "gd1968-02-14d2t06.mp3",
          "bitrate": "174"
        }
      ]
    },
    {
      "track": "13",
      "title": "Jam >",
      "duration": 210.18,
      "formats": [
        {
          "format": "Flac",
          "filename": "gd1968-02-14d2t07.flac"
        },
        {
          "format": "VBR MP3",
          "filename": "gd1968-02-14d2t07.mp3",
          "bitrate": "168"
        }
      ]
    },
    {
      "track": "14",
      "title": "Spanish Jam",
      "duration": 513.85,
      "formats": [
        {
          "format": "Flac",
          "filename": "gd1968-02-14d2t08.flac"
        },
        {
          "format": "VBR MP3",
          "filename": "gd1968-02-14d2t08.mp3",
          "bitrate": "175"
        }
      ]
    },
    {
      "track": "15",
      "title": "Tuning",
      "duration": 177.16,
      "formats": [
        {
          "format": "Flac",
          "filename": "gd1968-02-14d3t01.flac"
        },
        {
          "format": "VBR MP3",
          "filename": "gd1968-02-14d3t01.mp3",
          "bitrate": "188"
        }
      ]
    },
    {
      "track": "16",
      "title": "Alligator >",
      "duration": 191.9,
      "formats": [
        {
          "format": "Flac",
          "filename": "gd1968-02-14d3t02.flac"
        },
        {
          "format": "VBR MP3",
          "filename": "gd1968-02-14d3t02.mp3",
          "bitrate": "188"
        }
      ]
    },
    {
      "track": "17",
      "title": "Drums >",
      "duration": 144.4,
      "formats": [
        {
          "format": "Flac",
          "filename": "gd1968-02-14d3t03.flac"
        },
        {
          "format": "VBR MP3",
          "filename": "gd1968-02-14d3t03.mp3",
          "bitrate": "204"
        }
      ]
    },
    {
      "track": "18",
      "title": "Gator Jam >",
      "duration": 548.08,
      "formats": [
        {
          "format": "Flac",
          "filename": "gd1968-02-14d3t04.flac"
        },
        {
          "format": "VBR MP3",
          "filename": "gd1968-02-14d3t04.mp3",
          "bitrate": "187"
        }
      ]
    },
    {
      "track": "19",
      "title": "Caution >",
      "duration": 541.89,
      "formats": [
        {
          "format": "Flac",
          "filename": "gd1968-02-14d3t05.flac"
        },
        {
          "format": "VBR MP3",
          "filename": "gd1968-02-14d3t05.mp3",
          "bitrate": "180"
        }
      ]
    },
    {
      "track": "20",
      "title": "Feedback",
      "duration": 355.74,
      "formats": [
        {
          "format": "Flac",
          "filename": "gd1968-02-14d3t06.flac"
        },
        {
          "format": "VBR MP3",
          "filename": "gd1968-02-14d3t06.mp3",
          "bitrate": "180"
        }
      ]
    },
    {
      "track": "21",
      "title": "Crowd/Tuning",
      "duration": 244.1,
      "formats": [
        {
          "format": "Flac",
          "filename": "gd1968-02-14d3t07.flac"
        },
        {
          "format": "VBR MP3",
          "filename": "gd1968-02-14d3t07.mp3",
          "bitrate": "181"
        }
      ]
    },
    {
      "track": "22",
      "title": "In The Midnight Hour",
      "duration": 700.53,
      "formats": [
        {
          "format": "Flac",
          "filename": "gd1968-02-14d3t08.flac"
        },
        {
          "format": "VBR MP3",
          "filename": "gd1968-02-14d3t08.mp3",
          "bitrate": "178"
        }
      ]
    }
  ]
}