{
  "rating": 2.4,
  "review_count": 5,
  "source_type": "UNKNOWN",
  "confidence": 1.0,
  "date": "1968-10-13",
  "venue": "Avalon Ballroom",
  "location": "San Francisco, CA",
  "raw_rating": 4.8,
  "high_ratings": 5,
  "low_ratings": 0,
  "tracks": [
    {
      "track": "01",
      "title": "Dark Star ->",
      "duration": 812.98,
      "formats": [
        {
          "format": "Flac",
          "filename": "gd68-10-13d1t01.flac"
        },
        {
          "format": "VBR MP3",
          "filename": "gd68-10-13d1t01.mp3",
          "bitrate": "179"
        }
      ]
    },
    {
      "track": "02",
      "title": "Saint Stephen ->",
      "duration": 229.7,
      "formats": [
        {
          "format": "Flac",
          "filename": "gd68-10-13d1t02.flac"
        },
        {
          "format": "VBR MP3",
          "filename": "gd68-10-13d1t02.mp3",
          "bitrate": "183"
        }
      ]
    },
    {
      "track": "03",
      "title": "The Eleven ->",
      "duration": 855.53,
      "formats": [
        {
          "format": "Flac",
          "filename": "gd68-10-13d1t03.flac"
        },
        {
          "format": "VBR MP3",
          "filename": "gd68-10-13d1t03.mp3",
          "bitrate": "190"
        }
      ]
    },
    {
      "track": "04",
      "title": "Death Don't Have No Mercy",
      "duration": 560.29,
      "formats": [
        {
          "format": "Flac",
          "filename": "gd68-10-13d1t04.flac"
        },
        {
          "format": "VBR MP3",
          "filename": "gd68-10-13d1t04.mp3",
          "bitrate": "182"
        }
      ]
    },
    {
      "track": "05",
      "title": "Cryptical Envelopment ->",
      "duration": 111.14,
      "formats": [
        {
          "format": "Flac",
          "filename": "gd68-10-13d1t05.flac"
        },
        {
          "format": "VBR MP3",
          "filename": "gd68-10-13d1t05.mp3",
          "bitrate": "188"
        }
      ]
    },
    {
      "track": "06",
      "title": "Drums ->",
      "duration": 10.57,
      "formats": [
        {
          "format": "Flac",
          "filename": "gd68-10-13d1t06.flac"
        },
        {
          "format": "VBR MP3",
          "filename": "gd68-10-13d1t06.mp3",
          "bitrate": "183"
        }
      ]
    },
    {
      "track": "07",
      "title": "The Other One ->",
      "duration": 462.08,
      "formats": [
        {
          "format": "Flac",
          "filename": "gd68-10-13d1t07.flac"
        },
        {
          "format": "VBR MP3",
          "filename": "gd68-10-13d1t07.mp3",
          "bitrate": "190"
        }
      ]
    },
    {
      "track": "08",
      "title": "Cryptical Envelopment ->",
      "duration": 518.84,
      "formats": [
        {
          "format": "Flac",
          "filename": "gd68-10-13d1t08.flac"
        },
        {
          "format": "VBR MP3",
          "filename": "gd68-10-13d1t08.mp3",
          "bitrate": "187"
        }
      ]
    },
    {
      "track": "09",
      "title": "New Potato Caboose ->",
      "duration": 197.02,
      "formats": [
        {
          "format": "Flac",
          "filename": "gd68-10-13d1t09.flac"
        },
        {
          "format": "VBR MP3",
          "filename": "gd68-10-13d1t09.mp3",
          "bitrate": "185"
        }
      ]
    },
    {
      "track": "10",
      "title": "Drums ->",
      "duration": 264.57,
      "formats": [
        {
          "format": "Flac",
          "filename": "gd68-10-13d1t10.flac"
        },
        {
          "format": "VBR MP3",
          "filename": "gd68-10-13d1t10.mp3",
          "bitrate": "193"
        }
      ]
    },
    {
      "track": "11",
      "title": "Caution Jam ->",
      "duration": 132.93,
      "formats": [
        {
          "format": "Flac",
          "filename": "gd68-10-13d1t11.flac"
        },
        {
          "format": "VBR MP3",
          "filename": "gd68-10-13d1t11.mp3",
          "bitrate": "189"
        }
      ]
    },
    {
      "track": "12",
      "title": "Feedback",
      "duration": 340.21,
      "formats": [
        {
          "format": "Flac",
          "filename": "gd68-10-13d1t12.flac"
        },
        {
          "format": "VBR MP3",
          "filename": "gd68-10-13d1t12.mp3",
          "bitrate": "178"
        }
      ]
    }
  ]
}