{
  "rating": 2.3333333333333335,
  "review_count": 6,
  "source_type": "UNKNOWN",
  "confidence": 1.0,
  "date": "1967-09-03",
  "venue": "Dance Hall",
  "location": "Rio Nido, CA",
  "raw_rating": 4.666666666666667,
  "high_ratings": 6,
  "low_ratings": 0,
  "tracks": [
    {
      "track": "01",
      "title": "Dancin' In The Streets",
      "duration": 638.1,
      "formats": [
        {
          "format": "VBR MP3",
          "filename": "gd67-09-03t01.mp3",
          "bitrate": "176"
        },
        {
          "format": "Shorten",
          "filename": "gd67-09-03t01.shn"
        }
      ]
    },
    {
      "track": "02",
      "title": "It Hurts Me Too",
      "duration": 273.5,
      "formats": [
        {
          "format": "VBR MP3",
          "filename": "gd67-09-03t02.mp3",
          "bitrate": "174"
        },
        {
          "format": "Shorten",
          "filename": "gd67-09-03t02.shn"
        }
      ]
    },
    {
      "track": "03",
      "title": "Cold Rain & Snow",
      "duration": 203.5,
      "formats": [
        {
          "format": "VBR MP3",
          "filename": "gd67-09-03t03.mp3",
          "bitrate": "178"
        },
        {
          "format": "Shorten",
          "filename": "gd67-09-03t03.shn"
        }
      ]
    },
    {
      "track": "04",
      "title": "Good Morning Little Schoolgirl",
      "duration": 636.3,
      "formats": [
        {
          "format": "VBR MP3",
          "filename": "gd67-09-03t04.mp3",
          "bitrate": "177"
        },
        {
          "format": "Shorten",
          "filename": "gd67-09-03t04.shn"
        }
      ]
    },
    {
      "track": "05",
      "title": "Viola Lee Blues",
      "duration": 1370.1,
      "formats": [
        {
          "format": "VBR MP3",
          "filename": "gd67-09-03t05.mp3",
          "bitrate": "180"
        },
        {
          "format": "Shorten",
          "filename": "gd67-09-03t05.shn"
        }
      ]
    },
    {
      "track": "06",
      "title": "Big Boss Man",
      "duration": 261.7,
      "formats": [
        {
          "format": "VBR MP3",
          "filename": "gd67-09-03t06.mp3",
          "bitrate": "180"
        },
        {
          "format": "Shorten",
          "filename": "gd67-09-03t06.shn"
        }
      ]
    },
    {
      "track": "07",
      "title": "Alligator",
      "duration": 880.2,
      "formats": [
        {
          "format": "VBR MP3",
          "filename": "gd67-09-03t07.mp3",
          "bitrate": "185"
        },
        {
          "format": "Shorten",
          "filename": "gd67-09-03t07.shn"
        }
      ]
    }
  ]
}