{
  "rating": 2.4444444444444446,
  "review_count": 9,
  "source_type": "UNKNOWN",
  "confidence": 1.0,
  "date": "1968-09-02",
  "venue": "Betty Nelson's Organic Raspberry Farm",
  "location": "Sultan, WA",
  "raw_rating": 4.888888888888889,
  "high_ratings": 9,
  "low_ratings": 0,
  "tracks": [
    {
      "track": "01",
      "title": "Introduction",
      "duration": 90.86,
      "formats": [
        {
          "format": "Flac",
          "filename": "gd68-09-02d1t01.flac"
        },
        {
          "format": "VBR MP3",
          "filename": "gd68-09-02d1t01.mp3",
          "bitrate": "187"
        }
      ]
    },
    {
      "track": "02",
      "title": "Dark Star ->",
      "duration": 846.54,
      "formats": [
        {
          "format": "Flac",
          "filename": "gd68-09-02d1t02.flac"
        },
        {
          "format": "VBR MP3",
          "filename": "gd68-09-02d1t02.mp3",
          "bitrate": "195"
        }
      ]
    },
    {
      "track": "03",
      "title": "Saint Stephen ->",
      "duration": 199.82,
      "formats": [
        {
          "format": "Flac",
          "filename": "gd68-09-02d1t03.flac"
        },
        {
          "format": "VBR MP3",
          "filename": "gd68-09-02d1t03.mp3",
          "bitrate": "196"
        }
      ]
    },
    {
      "track": "04",
      "title": "The Eleven ->",
      "duration": 791.28,
      "formats": [
        {
          "format": "Flac",
          "filename": "gd68-09-02d1t04.flac"
        },
        {
          "format": "VBR MP3",
          "filename": "gd68-09-02d1t04.mp3",
          "bitrate": "203"
        }
      ]
    },
    {
      "track": "05",
      "title": "Death Don't Have No Mercy (cut)",
      "duration": 36.26,
      "formats": [
        {
          "format": "Flac",
          "filename": "gd68-09-02d1t05.flac"
        },
        {
          "format": "VBR MP3",
          "filename": "gd68-09-02d1t05.mp3",
          "bitrate": "191"
        }
      ]
    },
    {
      "track": "06",
      "title": "That's It For The Other One",
      "duration": 740.72,
      "formats": [
        {
          "format": "Flac",
          "filename": "gd68-09-02d1t06.flac"
        },
        {
          "format": "VBR MP3",
          "filename": "gd68-09-02d1t06.mp3",
          "bitrate": "200"
        }
      ]
    },
    {
      "track": "07",
      "title": "Alligator ->",
      "duration": 564.68,
      "formats": [
        {
          "format": "Flac",
          "filename": "gd68-09-02d1t07.flac"
        },
        {
          "format": "VBR MP3",
          "filename": "gd68-09-02d1t07.mp3",
          "bitrate": "200"
        }
      ]
    },
    {
      "track": "08",
      "title": "Caution (Do Not Stop On Tracks) ->",
      "duration": 706.1,
      "formats": [
        {
          "format": "Flac",
          "filename": "gd68-09-02d1t08.flac"
        },
        {
          "format": "VBR MP3",
          "filename": "gd68-09-02d1t08.mp3",
          "bitrate": "207"
        }
      ]
    },
    {
      "track": "09",
      "title": "Feedback",
      "duration": 226.06,
      "formats": [
        {
          "format": "Flac",
          "filename": "gd68-09-02d1t09.flac"
        },
        {
          "format": "VBR MP3",
          "filename": "gd68-09-02d1t09.mp3",
          "bitrate": "184"
        }
      ]
    },
    {
      "track": "10",
      "title": "Stage Announcements",
      "duration": 83.28,
      "formats": [
        {
          "format": "Flac",
          "filename": "gd68-09-02d1t10.flac"
        },
        {
          "format": "VBR MP3",
          "filename": "gd68-09-02d1t10.mp3",
          "bitrate": "181"
        }
      ]
    },
    {
      "track": "11",
      "title": "Introduction",
      "duration": 90.94,
      "formats": [
        {
          "format": "Flac",
          "filename": "gd68-09-02d2t01.flac"
        },
        {
          "format": "VBR MP3",
          "filename": "gd68-09-02d2t01.mp3",
          "bitrate": "149"
        }
      ]
    },
    {
      "track": "12",
      "title": "Dark Star ->",
      "duration": 846.38,
      "formats": [
        {
          "format": "Flac",
          "filename": "gd68-09-02d2t02.flac"
        },
        {
          "format": "VBR MP3",
          "filename": "gd68-09-02d2t02.mp3",
          "bitrate": "187"
        }
      ]
    },
    {
      "track": "13",
      "title": "Saint Stephen ->",
      "duration": 199.81,
      "formats": [
        {
          "format": "Flac",
          "filename": "gd68-09-02d2t03.flac"
        },
        {
          "format": "VBR MP3",
          "filename": "gd68-09-02d2t03.mp3",
          "bitrate": "174"
        }
      ]
    },
    {
      "track": "14",
      "title": "The Eleven ->",
      "duration": 791.17,
      "formats": [
        {
          "format": "Flac",
          "filename": "gd68-09-02d2t04.flac"
        },
        {
          "format": "VBR MP3",
          "filename": "gd68-09-02d2t04.mp3",
          "bitrate": "187"
        }
      ]
    },
    {
      "track": "15",
      "title": "Death Don't Have No Mercy (cut)",
      "duration": 35.81,
      "formats": [
        {
          "format": "Flac",
          "filename": "gd68-09-02d2t05.flac"
        },
        {
          "format": "VBR MP3",
          "filename": "gd68-09-02d2t05.mp3",
          "bitrate": "184"
        }
      ]
    }
  ]
}