{
  "rating": 2.142857142857143,
  "review_count": 21,
  "source_type": "UNKNOWN",
  "confidence": 1.0,
  "date": "1969-04-13",
  "venue": "Ballroom",
  "location": "Boulder, CO",
  "raw_rating": 4.285714285714286,
  "high_ratings": 19,
  "low_ratings": 0,
  "tracks": [
    {
      "track": "01",
      "title": "Turn On Your Love Light",
      "duration": 1490.38,
      "formats": [
        {
          "format": "Flac",
          "filename": "gd69-04-13d1t01.flac"
        },
        {
          "format": "VBR MP3",
          "filename": "gd69-04-13d1t01.mp3",
          "bitrate": "180"
        }
      ]
    },
    {
      "track": "02",
      "title": "Doin' That Rag",
      "duration": 298.65,
      "formats": [
        {
          "format": "Flac",
          "filename": "gd69-04-13d1t02.flac"
        },
        {
          "format": "VBR MP3",
          "filename": "gd69-04-13d1t02.mp3",
          "bitrate": "180"
        }
      ]
    },
    {
      "track": "03",
      "title": "Good Morning Little Schoolgirl",
      "duration": 555.13,
      "formats": [
        {
          "format": "Flac",
          "filename": "gd69-04-13d1t03.flac"
        },
        {
          "format": "VBR MP3",
          "filename": "gd69-04-13d1t03.mp3",
          "bitrate": "181"
        }
      ]
    },
    {
      "track": "04",
      "title": "Morning Dew",
      "duration": 674.0,
      "formats": [
        {
          "format": "Flac",
          "filename": "gd69-04-13d1t04.flac"
        },
        {
          "format": "VBR MP3",
          "filename": "gd69-04-13d1t04.mp3",
          "bitrate": "179"
        }
      ]
    },
    {
      "track": "05",
      "title": "Dark Star ->",
      "duration": 1436.14,
      "formats": [
        {
          "format": "Flac",
          "filename": "gd69-04-13d2t01.flac"
        },
        {
          "format": "VBR MP3",
          "filename": "gd69-04-13d2t01.mp3",
          "bitrate": "179"
        }
      ]
    },
    {
      "track": "06",
      "title": "St. Stephen ->",
      "duration": 470.72,
      "formats": [
        {
          "format": "Flac",
          "filename": "gd69-04-13d2t02.flac"
        },
        {
          "format": "VBR MP3",
          "filename": "gd69-04-13d2t02.mp3",
          "bitrate": "180"
        }
      ]
    },
    {
      "track": "07",
      "title": "The Eleven ->",
      "duration": 781.86,
      "formats": [
        {
          "format": "Flac",
          "filename": "gd69-04-13d2t03.flac"
        },
        {
          "format": "VBR MP3",
          "filename": "gd69-04-13d2t03.mp3",
          "bitrate": "182"
        }
      ]
    },
    {
      "track": "08",
      "title": "Death Don't Have No Mercy",
      "duration": 601.77,
      "formats": [
        {
          "format": "Flac",
          "filename": "gd69-04-13d2t04.flac"
        },
        {
          "format": "VBR MP3",
          "filename": "gd69-04-13d2t04.mp3",
          "bitrate": "176"
        }
      ]
    },
    {
      "track": "09",
      "title": "Alligator ->",
      "duration": 221.22,
      "formats": [
        {
          "format": "Flac",
          "filename": "gd69-04-13d2t05.flac"
        },
        {
          "format": "VBR MP3",
          "filename": "gd69-04-13d2t05.mp3",
          "bitrate": "183"
        }
      ]
    },
    {
      "track": "10",
      "title": "Drums ->",
      "duration": 294.3,
      "formats": [
        {
          "format": "Flac",
          "filename": "gd69-04-13d2t06.flac"
        },
        {
          "format": "VBR MP3",
          "filename": "gd69-04-13d2t06.mp3",
          "bitrate": "187"
        }
      ]
    },
    {
      "track": "11",
      "title": "Jam",
      "duration": 341.13,
      "formats": [
        {
          "format": "Flac",
          "filename": "gd69-04-13d2t07.flac"
        },
        {
          "format": "VBR MP3",
          "filename": "gd69-04-13d2t07.mp3",
          "bitrate": "184"
        }
      ]
    }
  ]
}