{
  "rating": 1.8928571428571428,
  "review_count": 14,
  "source_type": "UNKNOWN",
  "confidence": 1.0,
  "date": "1969-01-25",
  "venue": "Avalon Ballroom",
  "location": "San Francisco, CA",
  "raw_rating": 3.7857142857142856,
  "high_ratings": 10,
  "low_ratings": 0,
  "tracks": [
    {
      "track": "01",
      "title": "Dark Star ->",
      "duration": 846.77,
      "formats": [
        {
          "format": "Flac",
          "filename": "gd69-01-25d1t01.flac"
        },
        {
          "format": "VBR MP3",
          "filename": "gd69-01-25d1t01.mp3",
          "bitrate": "195"
        }
      ]
    },
    {
      "track": "02",
      "title": "St. Stephen ->",
      "duration": 390.56,
      "formats": [
        {
          "format": "Flac",
          "filename": "gd69-01-25d1t02.flac"
        },
        {
          "format": "VBR MP3",
          "filename": "gd69-01-25d1t02.mp3",
          "bitrate": "198"
        }
      ]
    },
    {
      "track": "03",
      "title": "The Eleven ->",
      "duration": 636.14,
      "formats": [
        {
          "format": "Flac",
          "filename": "gd69-01-25d1t03.flac"
        },
        {
          "format": "VBR MP3",
          "filename": "gd69-01-25d1t03.mp3",
          "bitrate": "195"
        }
      ]
    },
    {
      "track": "04",
      "title": "Turn On Your Lovelight",
      "duration": 1242.74,
      "formats": [
        {
          "format": "Flac",
          "filename": "gd69-01-25d1t04.flac"
        },
        {
          "format": "VBR MP3",
          "filename": "gd69-01-25d1t04.mp3",
          "bitrate": "194"
        }
      ]
    },
    {
      "track": "05",
      "title": "Dupree's Diamond Blues ->",
      "duration": 251.29,
      "formats": [
        {
          "format": "Flac",
          "filename": "gd69-01-25d2t01.flac"
        },
        {
          "format": "VBR MP3",
          "filename": "gd69-01-25d2t01.mp3",
          "bitrate": "192"
        }
      ]
    },
    {
      "track": "06",
      "title": "Doin' That Rag ->",
      "duration": 336.05,
      "formats": [
        {
          "format": "Flac",
          "filename": "gd69-01-25d2t02.flac"
        },
        {
          "format": "VBR MP3",
          "filename": "gd69-01-25d2t02.mp3",
          "bitrate": "192"
        }
      ]
    },
    {
      "track": "07",
      "title": "Cosmic Charlie",
      "duration": 449.08,
      "formats": [
        {
          "format": "Flac",
          "filename": "gd69-01-25d2t03.flac"
        },
        {
          "format": "VBR MP3",
          "filename": "gd69-01-25d2t03.mp3",
          "bitrate": "192"
        }
      ]
    },
    {
      "track": "08",
      "title": "Alligator ->",
      "duration": 218.97,
      "formats": [
        {
          "format": "Flac",
          "filename": "gd69-01-25d2t04.flac"
        },
        {
          "format": "VBR MP3",
          "filename": "gd69-01-25d2t04.mp3",
          "bitrate": "199"
        }
      ]
    },
    {
      "track": "09",
      "title": "Drums ->",
      "duration": 136.73,
      "formats": [
        {
          "format": "Flac",
          "filename": "gd69-01-25d2t05.flac"
        },
        {
          "format": "VBR MP3",
          "filename": "gd69-01-25d2t05.mp3",
          "bitrate": "191"
        }
      ]
    },
    {
      "track": "10",
      "title": "Alligator ->",
      "duration": 211.45,
      "formats": [
        {
          "format": "Flac",
          "filename": "gd69-01-25d2t06.flac"
        },
        {
          "format": "VBR MP3",
          "filename": "gd69-01-25d2t06.mp3",
          "bitrate": "199"
        }
      ]
    },
    {
      "track": "11",
      "title": "Caution (Do Not Stop On Tracks) ->",
      "duration": 370.38,
      "formats": [
        {
          "format": "Flac",
          "filename": "gd69-01-25d2t07.flac"
        },
        {
          "format": "VBR MP3",
          "filename": "gd69-01-25d2t07.mp3",
          "bitrate": "201"
        }
      ]
    },
    {
      "track": "12",
      "title": "Feedback ->",
      "duration": 244.54,
      "formats": [
        {
          "format": "Flac",
          "filename": "gd69-01-25d2t08.flac"
        },
        {
          "format": "VBR MP3",
          "filename": "gd69-01-25d2t08.mp3",
          "bitrate": "196"
        }
      ]
    },
    {
      "track": "13",
      "title": "And We Bid You Good Night",
      "duration": 152.37,
      "formats": [
        {
          "format": "Flac",
          "filename": "gd69-01-25d2t09.flac"
        },
        {
          "format": "VBR MP3",
          "filename": "gd69-01-25d2t09.mp3",
          "bitrate": "180"
        }
      ]
    }
  ]
}