{
  "rating": 1.5,
  "review_count": 1,
  "source_type": "UNKNOWN",
  "confidence": 0.2,
  "date": "1969-06-05",
  "venue": "Fillmore West",
  "location": "San Francisco, CA",
  "raw_rating": 5.0,
  "high_ratings": 1,
  "low_ratings": 0,
  "tracks": [
    {
      "track": "01",
      "title": "Morning Dew",
      "duration": 617.92,
      "formats": [
        {
          "format": "Flac",
          "filename": "gd69-06-05s1t01.flac"
        },
        {
          "format": "VBR MP3",
          "filename": "gd69-06-05s1t01.mp3",
          "bitrate": "188"
        }
      ]
    },
    {
      "track": "02",
      "title": "Me And My Uncle",
      "duration": 200.62,
      "formats": [
        {
          "format": "Flac",
          "filename": "gd69-06-05s1t02.flac"
        },
        {
          "format": "VBR MP3",
          "filename": "gd69-06-05s1t02.mp3",
          "bitrate": "189"
        }
      ]
    },
    {
      "track": "03",
      "title": "Doin' That Rag ->",
      "duration": 414.69,
      "formats": [
        {
          "format": "Flac",
          "filename": "gd69-06-05s1t03.flac"
        },
        {
          "format": "VBR MP3",
          "filename": "gd69-06-05s1t03.mp3",
          "bitrate": "189"
        }
      ]
    },
    {
      "track": "04",
      "title": "He Was A Friend Of Mine",
      "duration": 695.53,
      "formats": [
        {
          "format": "Flac",
          "filename": "gd69-06-05s1t04.flac"
        },
        {
          "format": "VBR MP3",
          "filename": "gd69-06-05s1t04.mp3",
          "bitrate": "186"
        }
      ]
    },
    {
      "track": "05",
      "title": "Hard To Handle",
      "duration": 332.4,
      "formats": [
        {
          "format": "Flac",
          "filename": "gd69-06-05s1t05.flac"
        },
        {
          "format": "VBR MP3",
          "filename": "gd69-06-05s1t05.mp3",
          "bitrate": "189"
        }
      ]
    },
    {
      "track": "06",
      "title": "Cosmic Charlie",
      "duration": 386.67,
      "formats": [
        {
          "format": "Flac",
          "filename": "gd69-06-05s1t06.flac"
        },
        {
          "format": "VBR MP3",
          "filename": "gd69-06-05s1t06.mp3",
          "bitrate": "186"
        }
      ]
    },
    {
      "track": "07",
      "title": "That's It For The Other One",
      "duration": 1465.42,
      "formats": [
        {
          "format": "Flac",
          "filename": "gd69-06-05s1t07.flac"
        },
        {
          "format": "VBR MP3",
          "filename": "gd69-06-05s1t07.mp3",
          "bitrate": "190"
        }
      ]
    },
    {
      "track": "08",
      "title": "China Cat Sunflower ->",
      "duration": 261.01,
      "formats": [
        {
          "format": "Flac",
          "filename": "gd69-06-05s2t01.flac"
        },
        {
          "format": "VBR MP3",
          "filename": "gd69-06-05s2t01.mp3",
          "bitrate": "195"
        }
      ]
    },
    {
      "track": "09",
      "title": "Sittin' On Top Of The World ->",
      "duration": 206.11,
      "formats": [
        {
          "format": "Flac",
          "filename": "gd69-06-05s2t02.flac"
        },
        {
          "format": "VBR MP3",
          "filename": "gd69-06-05s2t02.mp3",
          "bitrate": "193"
        }
      ]
    },
    {
      "track": "10",
      "title": "Dark Star ->",
      "duration": 1231.53,
      "formats": [
        {
          "format": "Flac",
          "filename": "gd69-06-05s2t03.flac"
        },
        {
          "format": "VBR MP3",
          "filename": "gd69-06-05s2t03.mp3",
          "bitrate": "187"
        }
      ]
    },
    {
      "track": "11",
      "title": "St. Stephen ->",
      "duration": 412.07,
      "formats": [
        {
          "format": "Flac",
          "filename": "gd69-06-05s2t04.flac"
        },
        {
          "format": "VBR MP3",
          "filename": "gd69-06-05s2t04.mp3",
          "bitrate": "180"
        }
      ]
    },
    {
      "track": "12",
      "title": "The Eleven ->",
      "duration": 682.05,
      "formats": [
        {
          "format": "Flac",
          "filename": "gd69-06-05s2t05.flac"
        },
        {
          "format": "VBR MP3",
          "filename": "gd69-06-05s2t05.mp3",
          "bitrate": "184"
        }
      ]
    },
    {
      "track": "13",
      "title": "Turn On Your Lovelight",
      "duration": 1552.15,
      "formats": [
        {
          "format": "Flac",
          "filename": "gd69-06-05s2t06.flac"
        },
        {
          "format": "VBR MP3",
          "filename": "gd69-06-05s2t06.mp3",
          "bitrate": "182"
        }
      ]
    }
  ]
}