{
  "rating": 3.4275862068965512,
  "review_count": 29,
  "source_type": "AUD",
  "confidence": 1.0,
  "date": "1968-01-20",
  "venue": "Eureka Municipal Auditorium",
  "location": "Eureka, CA",
  "raw_rating": 4.896551724137931,
  "high_ratings": 28,
  "low_ratings": 0,
  "tracks": [
    {
      "track": "01",
      "title": "//Clementine ->",
      "duration": 357.74,
      "formats": [
        {
          "format": "Flac",
          "filename": "gd68-01-20d1t01.flac"
        },
        {
          "format": "VBR MP3",
          "filename": "gd68-01-20d1t01.mp3",
          "bitrate": "166"
        }
      ]
    },
    {
      "track": "02",
      "title": "New Potato Caboose ->",
      "duration": 503.58,
      "formats": [
        {
          "format": "Flac",
          "filename": "gd68-01-20d1t02.flac"
        },
        {
          "format": "VBR MP3",
          "filename": "gd68-01-20d1t02.mp3",
          "bitrate": "171"
        }
      ]
    },
    {
      "track": "03",
      "title": "Born Cross-Eyed ->",
      "duration": 221.76,
      "formats": [
        {
          "format": "Flac",
          "filename": "gd68-01-20d1t03.flac"
        },
        {
          "format": "VBR MP3",
          "filename": "gd68-01-20d1t03.mp3",
          "bitrate": "174"
        }
      ]
    },
    {
      "track": "04",
      "title": "Spanish Jam ->",
      "duration": 610.7,
      "formats": [
        {
          "format": "Flac",
          "filename": "gd68-01-20d1t04.flac"
        },
        {
          "format": "VBR MP3",
          "filename": "gd68-01-20d1t04.mp3",
          "bitrate": "168"
        }
      ]
    },
    {
      "track": "05",
      "title": "Caution Jam ->",
      "duration": 111.3,
      "formats": [
        {
          "format": "Flac",
          "filename": "gd68-01-20d1t05.flac"
        },
        {
          "format": "VBR MP3",
          "filename": "gd68-01-20d1t05.mp3",
          "bitrate": "163"
        }
      ]
    },
    {
      "track": "06",
      "title": "Dark Star//",
      "duration": 188.12,
      "formats": [
        {
          "format": "Flac",
          "filename": "gd68-01-20d1t06.flac"
        },
        {
          "format": "VBR MP3",
          "filename": "gd68-01-20d1t06.mp3",
          "bitrate": "160"
        }
      ]
    }
  ]
}