{
  "rating": 2.380952380952381,
  "review_count": 21,
  "source_type": "UNKNOWN",
  "confidence": 1.0,
  "date": "1969-08-03",
  "venue": "Family Dog at the Great Highway",
  "location": "San Francisco, CA",
  "raw_rating": 4.761904761904762,
  "high_ratings": 20,
  "low_ratings": 0,
  "tracks": [
    {
      "track": "01",
      "title": "Hard To Handle",
      "duration": 466.41,
      "formats": [
        {
          "format": "Flac",
          "filename": "gd69-08-03d1t01.flac"
        },
        {
          "format": "VBR MP3",
          "filename": "gd69-08-03d1t01.mp3",
          "bitrate": "177"
        }
      ]
    },
    {
      "track": "02",
      "title": "Beat It On Down The Line",
      "duration": 269.82,
      "formats": [
        {
          "format": "Flac",
          "filename": "gd69-08-03d1t02.flac"
        },
        {
          "format": "VBR MP3",
          "filename": "gd69-08-03d1t02.mp3",
          "bitrate": "177"
        }
      ]
    },
    {
      "track": "03",
      "title": "Hi-Heel Sneakers",
      "duration": 434.52,
      "formats": [
        {
          "format": "Flac",
          "filename": "gd69-08-03d1t03.flac"
        },
        {
          "format": "VBR MP3",
          "filename": "gd69-08-03d1t03.mp3",
          "bitrate": "174"
        }
      ]
    },
    {
      "track": "04",
      "title": "High Time",
      "duration": 372.24,
      "formats": [
        {
          "format": "Flac",
          "filename": "gd69-08-03d1t04.flac"
        },
        {
          "format": "VBR MP3",
          "filename": "gd69-08-03d1t04.mp3",
          "bitrate": "178"
        }
      ]
    },
    {
      "track": "05",
      "title": "Mama Tried",
      "duration": 319.06,
      "formats": [
        {
          "format": "Flac",
          "filename": "gd69-08-03d1t05.flac"
        },
        {
          "format": "VBR MP3",
          "filename": "gd69-08-03d1t05.mp3",
          "bitrate": "177"
        }
      ]
    },
    {
      "track": "06",
      "title": "Dark Star",
      "duration": 1388.01,
      "formats": [
        {
          "format": "Flac",
          "filename": "gd69-08-03d2t01.flac"
        },
        {
          "format": "VBR MP3",
          "filename": "gd69-08-03d2t01.mp3",
          "bitrate": "176"
        }
      ]
    },
    {
      "track": "07",
      "title": "Alligator ->",
      "duration": 239.06,
      "formats": [
        {
          "format": "Flac",
          "filename": "gd69-08-03d2t02.flac"
        },
        {
          "format": "VBR MP3",
          "filename": "gd69-08-03d2t02.mp3",
          "bitrate": "175"
        }
      ]
    },
    {
      "track": "08",
      "title": "Drums ->",
      "duration": 399.37,
      "formats": [
        {
          "format": "Flac",
          "filename": "gd69-08-03d2t03.flac"
        },
        {
          "format": "VBR MP3",
          "filename": "gd69-08-03d2t03.mp3",
          "bitrate": "179"
        }
      ]
    },
    {
      "track": "09",
      "title": "The Other One ->",
      "duration": 1055.02,
      "formats": [
        {
          "format": "Flac",
          "filename": "gd69-08-03d2t04.flac"
        },
        {
          "format": "VBR MP3",
          "filename": "gd69-08-03d2t04.mp3",
          "bitrate": "176"
        }
      ]
    },
    {
      "track": "10",
      "title": "Caution (Do Not Stop On Tracks) ->",
      "duration": 1065.28,
      "formats": [
        {
          "format": "Flac",
          "filename": "gd69-08-03d2t05.flac"
        },
        {
          "format": "VBR MP3",
          "filename": "gd69-08-03d2t05.mp3",
          "bitrate": "134"
        }
      ]
    },
    {
      "track": "11",
      "title": "And We Bid You Goodnight",
      "duration": 132.86,
      "formats": [
        {
          "format": "Flac",
          "filename": "gd69-08-03d2t06.flac"
        },
        {
          "format": "VBR MP3",
          "filename": "gd69-08-03d2t06.mp3",
          "bitrate": "132"
        }
      ]
    }
  ]
}