{
  "rating": 2.3333333333333335,
  "review_count": 6,
  "source_type": "UNKNOWN",
  "confidence": 1.0,
  "date": "1969-04-05",
  "venue": "Avalon Ballroom",
  "location": "San Francisco, CA",
  "raw_rating": 4.666666666666667,
  "high_ratings": 6,
  "low_ratings": 0,
  "tracks": [
    {
      "track": "01",
      "title": "Duprees Diamond Blues",
      "duration": 126.53,
      "formats": [
        {
          "format": "VBR MP3",
          "filename": "gd69-04-05d1t01.mp3",
          "bitrate": "181"
        },
        {
          "format": "Shorten",
          "filename": "gd69-04-05d1t01.shn"
        }
      ]
    },
    {
      "track": "02",
      "title": "Mountains of the Moon >",
      "duration": 180.09,
      "formats": [
        {
          "format": "VBR MP3",
          "filename": "gd69-04-05d1t02.mp3",
          "bitrate": "175"
        },
        {
          "format": "Shorten",
          "filename": "gd69-04-05d1t02.shn"
        }
      ]
    },
    {
      "track": "03",
      "title": "Dark Star >",
      "duration": 570.71,
      "formats": [
        {
          "format": "VBR MP3",
          "filename": "gd69-04-05d1t03.mp3",
          "bitrate": "186"
        },
        {
          "format": "Shorten",
          "filename": "gd69-04-05d1t03.shn"
        }
      ]
    },
    {
      "track": "04",
      "title": "St. Stephen >",
      "duration": 225.91,
      "formats": [
        {
          "format": "VBR MP3",
          "filename": "gd69-04-05d1t04.mp3",
          "bitrate": "192"
        },
        {
          "format": "Shorten",
          "filename": "gd69-04-05d1t04.shn"
        }
      ]
    },
    {
      "track": "05",
      "title": "Lovelight",
      "duration": 590.03,
      "formats": [
        {
          "format": "VBR MP3",
          "filename": "gd69-04-05d1t05.mp3",
          "bitrate": "192"
        },
        {
          "format": "Shorten",
          "filename": "gd69-04-05d1t05.shn"
        }
      ]
    },
    {
      "track": "06",
      "title": "Hard to Handle",
      "duration": 211.09,
      "formats": [
        {
          "format": "VBR MP3",
          "filename": "gd69-04-05d1t06.mp3",
          "bitrate": "206"
        },
        {
          "format": "Shorten",
          "filename": "gd69-04-05d1t06.shn"
        }
      ]
    },
    {
      "track": "07",
      "title": "Cosmic Charlie",
      "duration": 225.31,
      "formats": [
        {
          "format": "VBR MP3",
          "filename": "gd69-04-05d1t07.mp3",
          "bitrate": "185"
        },
        {
          "format": "Shorten",
          "filename": "gd69-04-05d1t07.shn"
        }
      ]
    },
    {
      "track": "08",
      "title": "China Cat Sunflower",
      "duration": 217.76,
      "formats": [
        {
          "format": "VBR MP3",
          "filename": "gd69-04-05d2t01.mp3",
          "bitrate": "208"
        },
        {
          "format": "Shorten",
          "filename": "gd69-04-05d2t01.shn"
        }
      ]
    },
    {
      "track": "09",
      "title": "Doin' That Rag",
      "duration": 278.54,
      "formats": [
        {
          "format": "VBR MP3",
          "filename": "gd69-04-05d2t02.mp3",
          "bitrate": "199"
        },
        {
          "format": "Shorten",
          "filename": "gd69-04-05d2t02.shn"
        }
      ]
    },
    {
      "track": "10",
      "title": "Cryptical Envelopment >",
      "duration": 64.9,
      "formats": [
        {
          "format": "VBR MP3",
          "filename": "gd69-04-05d2t03.mp3",
          "bitrate": "185"
        },
        {
          "format": "Shorten",
          "filename": "gd69-04-05d2t03.shn"
        }
      ]
    },
    {
      "track": "11",
      "title": "The Other One >",
      "duration": 350.41,
      "formats": [
        {
          "format": "VBR MP3",
          "filename": "gd69-04-05d2t04.mp3",
          "bitrate": "202"
        },
        {
          "format": "Shorten",
          "filename": "gd69-04-05d2t04.shn"
        }
      ]
    },
    {
      "track": "12",
      "title": "Cryptical Envelopment >",
      "duration": 198.08,
      "formats": [
        {
          "format": "VBR MP3",
          "filename": "gd69-04-05d2t05.mp3",
          "bitrate": "194"
        },
        {
          "format": "Shorten",
          "filename": "gd69-04-05d2t05.shn"
        }
      ]
    },
    {
      "track": "13",
      "title": "The Eleven >",
      "duration": 323.95,
      "formats": [
        {
          "format": "VBR MP3",
          "filename": "gd69-04-05d2t06.mp3",
          "bitrate": "200"
        },
        {
          "format": "Shorten",
          "filename": "gd69-04-05d2t06.shn"
        }
      ]
    },
    {
      "track": "14",
      "title": "It's a Sin",
      "duration": 189.83,
      "formats": [
        {
          "format": "VBR MP3",
          "filename": "gd69-04-05d2t07.mp3",
          "bitrate": "185"
        },
        {
          "format": "Shorten",
          "filename": "gd69-04-05d2t07.shn"
        }
      ]
    },
    {
      "track": "15",
      "title": "Alligator >",
      "duration": 281.66,
      "formats": [
        {
          "format": "VBR MP3",
          "filename": "gd69-04-05d2t08.mp3",
          "bitrate": "194"
        },
        {
          "format": "Shorten",
          "filename": "gd69-04-05d2t08.shn"
        }
      ]
    },
    {
      "track": "16",
      "title": "Feedback >",
      "duration": 262.97,
      "formats": [
        {
          "format": "VBR MP3",
          "filename": "gd69-04-05d2t09.mp3",
          "bitrate": "187"
        },
        {
          "format": "Shorten",
          "filename": "gd69-04-05d2t09.shn"
        }
      ]
    },
    {
      "track": "17",
      "title": "We Bid You Goodnight",
      "duration": 93.98,
      "formats": [
        {
          "format": "VBR MP3",
          "filename": "gd69-04-05d2t10.mp3",
          "bitrate": "179"
        },
        {
          "format": "Shorten",
          "filename": "gd69-04-05d2t10.shn"
        }
      ]
    }
  ]
}