{
  "rating": 2.94,
  "review_count": 5,
  "source_type": "AUD",
  "confidence": 1.0,
  "date": "1968-01-20",
  "venue": "Eureka Municipal Auditorium",
  "location": "Eureka, CA",
  "raw_rating": 4.2,
  "high_ratings": 4,
  "low_ratings": 1,
  "tracks": [
    {
      "track": "01",
      "title": "Clementine ->",
      "duration": 219.81,
      "formats": [
        {
          "format": "VBR MP3",
          "filename": "gd68-01-20t01.mp3",
          "bitrate": "165"
        },
        {
          "format": "Shorten",
          "filename": "gd68-01-20t01.shn"
        }
      ]
    },
    {
      "track": "02",
      "title": "New Potato Caboose ->",
      "duration": 322.37,
      "formats": [
        {
          "format": "VBR MP3",
          "filename": "gd68-01-20t02.mp3",
          "bitrate": "170"
        },
        {
          "format": "Shorten",
          "filename": "gd68-01-20t02.shn"
        }
      ]
    },
    {
      "track": "03",
      "title": "Born Cross-Eyed ->",
      "duration": 173.12,
      "formats": [
        {
          "format": "VBR MP3",
          "filename": "gd68-01-20t03.mp3",
          "bitrate": "169"
        },
        {
          "format": "Shorten",
          "filename": "gd68-01-20t03.shn"
        }
      ]
    },
    {
      "track": "04",
      "title": "Spanish Jam -> Dark Star //",
      "duration": 426.84,
      "formats": [
        {
          "format": "VBR MP3",
          "filename": "gd68-01-20t04.mp3",
          "bitrate": "169"
        },
        {
          "format": "Shorten",
          "filename": "gd68-01-20t04.shn"
        }
      ]
    }
  ]
}