{
  "rating": 2.4,
  "review_count": 1,
  "source_type": "FM",
  "confidence": 0.2,
  "date": "1969-04-06",
  "venue": "Avalon Ballroom",
  "location": "San Francisco, CA",
  "raw_rating": 5.0,
  "high_ratings": 1,
  "low_ratings": 0,
  "tracks": [
    {
      "track": "01",
      "title": "FM announcer intro >",
      "duration": 18.49,
      "formats": [
        {
          "format": "Flac",
          "filename": "gd1969-04-06t01.flac"
        },
        {
          "format": "VBR MP3",
          "filename": "gd1969-04-06t01.mp3",
          "bitrate": "224"
        }
      ]
    },
    {
      "track": "02",
      "title": "Good Morning, Little Schoolgirl",
      "duration": 344.65,
      "formats": [
        {
          "format": "Flac",
          "filename": "gd1969-04-06t02.flac"
        },
        {
          "format": "VBR MP3",
          "filename": "gd1969-04-06t02.mp3",
          "bitrate": "159"
        }
      ]
    },
    {
      "track": "03",
      "title": "Tuning",
      "duration": 101.12,
      "formats": [
        {
          "format": "Flac",
          "filename": "gd1969-04-06t03.flac"
        },
        {
          "format": "VBR MP3",
          "filename": "gd1969-04-06t03.mp3",
          "bitrate": "165"
        }
      ]
    },
    {
      "track": "04",
      "title": "Beat It On Down The Line",
      "duration": 200.19,
      "formats": [
        {
          "format": "Flac",
          "filename": "gd1969-04-06t04.flac"
        },
        {
          "format": "VBR MP3",
          "filename": "gd1969-04-06t04.mp3",
          "bitrate": "154"
        }
      ]
    },
    {
      "track": "05",
      "title": "It's All Over Now, Baby Blue",
      "duration": 487.85,
      "formats": [
        {
          "format": "Flac",
          "filename": "gd1969-04-06t05.flac"
        },
        {
          "format": "VBR MP3",
          "filename": "gd1969-04-06t05.mp3",
          "bitrate": "156"
        }
      ]
    },
    {
      "track": "06",
      "title": "King Bee >",
      "duration": 440.44,
      "formats": [
        {
          "format": "Flac",
          "filename": "gd1969-04-06t06.flac"
        },
        {
          "format": "VBR MP3",
          "filename": "gd1969-04-06t06.mp3",
          "bitrate": "155"
        }
      ]
    },
    {
      "track": "07",
      "title": "Cryptical Envelopment >",
      "duration": 117.59,
      "formats": [
        {
          "format": "Flac",
          "filename": "gd1969-04-06t07.flac"
        },
        {
          "format": "VBR MP3",
          "filename": "gd1969-04-06t07.mp3",
          "bitrate": "158"
        }
      ]
    },
    {
      "track": "08",
      "title": "Drums >",
      "duration": 14.87,
      "formats": [
        {
          "format": "Flac",
          "filename": "gd1969-04-06t08.flac"
        },
        {
          "format": "VBR MP3",
          "filename": "gd1969-04-06t08.mp3",
          "bitrate": "162"
        }
      ]
    },
    {
      "track": "09",
      "title": "The Other One >",
      "duration": 655.95,
      "formats": [
        {
          "format": "Flac",
          "filename": "gd1969-04-06t09.flac"
        },
        {
          "format": "VBR MP3",
          "filename": "gd1969-04-06t09.mp3",
          "bitrate": "158"
        }
      ]
    },
    {
      "track": "10",
      "title": "Cryptical Envelopment >",
      "duration": 622.52,
      "formats": [
        {
          "format": "Flac",
          "filename": "gd1969-04-06t10.flac"
        },
        {
          "format": "VBR MP3",
          "filename": "gd1969-04-06t10.mp3",
          "bitrate": "154"
        }
      ]
    },
    {
      "track": "11",
      "title": "Death Don't Have No Mercy",
      "duration": 711.52,
      "formats": [
        {
          "format": "Flac",
          "filename": "gd1969-04-06t11.flac"
        },
        {
          "format": "VBR MP3",
          "filename": "gd1969-04-06t11.mp3",
          "bitrate": "156"
        }
      ]
    },
    {
      "track": "12",
      "title": "Lovelight",
      "duration": 1394.36,
      "formats": [
        {
          "format": "Flac",
          "filename": "gd1969-04-06t12.flac"
        },
        {
          "format": "VBR MP3",
          "filename": "gd1969-04-06t12.mp3",
          "bitrate": "166"
        }
      ]
    },
    {
      "track": "13",
      "title": "Tuning",
      "duration": 126.48,
      "formats": [
        {
          "format": "Flac",
          "filename": "gd1969-04-06t13.flac"
        },
        {
          "format": "VBR MP3",
          "filename": "gd1969-04-06t13.mp3",
          "bitrate": "166"
        }
      ]
    },
    {
      "track": "14",
      "title": "Viola Lee Blues",
      "duration": 770.29,
      "formats": [
        {
          "format": "Flac",
          "filename": "gd1969-04-06t14.flac"
        },
        {
          "format": "VBR MP3",
          "filename": "gd1969-04-06t14.mp3",
          "bitrate": "168"
        }
      ]
    }
  ]
}