{
  "rating": 2.0,
  "review_count": 3,
  "source_type": "UNKNOWN",
  "confidence": 0.6,
  "date": "1969-07-11",
  "venue": "NY State Pavilion, Flushing Meadow Park",
  "location": "Queens, NY",
  "raw_rating": 5.0,
  "high_ratings": 3,
  "low_ratings": 0,
  "tracks": [
    {
      "track": "01",
      "title": "intro",
      "duration": 282.24,
      "formats": [
        {
          "format": "24bit Flac",
          "filename": "gd1969-07-11s1t01.flac"
        },
        {
          "format": "VBR MP3",
          "filename": "gd1969-07-11s1t01.mp3",
          "bitrate": "178"
        }
      ]
    },
    {
      "track": "02",
      "title": "Dupree's Diamond Blues >",
      "duration": 246.6,
      "formats": [
        {
          "format": "24bit Flac",
          "filename": "gd1969-07-11s1t02.flac"
        },
        {
          "format": "VBR MP3",
          "filename": "gd1969-07-11s1t02.mp3",
          "bitrate": "185"
        }
      ]
    },
    {
      "track": "03",
      "title": "Dire Wolf",
      "duration": 188.85,
      "formats": [
        {
          "format": "24bit Flac",
          "filename": "gd1969-07-11s1t03.flac"
        },
        {
          "format": "VBR MP3",
          "filename": "gd1969-07-11s1t03.mp3",
          "bitrate": "182"
        }
      ]
    },
    {
      "track": "04",
      "title": "tuning",
      "duration": 117.88,
      "formats": [
        {
          "format": "24bit Flac",
          "filename": "gd1969-07-11s1t04.flac"
        },
        {
          "format": "VBR MP3",
          "filename": "gd1969-07-11s1t04.mp3",
          "bitrate": "178"
        }
      ]
    },
    {
      "track": "05",
      "title": "Hard To Handle",
      "duration": 293.16,
      "formats": [
        {
          "format": "24bit Flac",
          "filename": "gd1969-07-11s1t05.flac"
        },
        {
          "format": "VBR MP3",
          "filename": "gd1969-07-11s1t05.mp3",
          "bitrate": "183"
        }
      ]
    },
    {
      "track": "06",
      "title": "Silver Threads & Golden Needles",
      "duration": 200.47,
      "formats": [
        {
          "format": "24bit Flac",
          "filename": "gd1969-07-11s1t06.flac"
        },
        {
          "format": "VBR MP3",
          "filename": "gd1969-07-11s1t06.mp3",
          "bitrate": "181"
        }
      ]
    },
    {
      "track": "07",
      "title": "tuning",
      "duration": 111.83,
      "formats": [
        {
          "format": "24bit Flac",
          "filename": "gd1969-07-11s1t07.flac"
        },
        {
          "format": "VBR MP3",
          "filename": "gd1969-07-11s1t07.mp3",
          "bitrate": "178"
        }
      ]
    },
    {
      "track": "08",
      "title": "Casey Jones",
      "duration": 364.73,
      "formats": [
        {
          "format": "24bit Flac",
          "filename": "gd1969-07-11s1t08.flac"
        },
        {
          "format": "VBR MP3",
          "filename": "gd1969-07-11s1t08.mp3",
          "bitrate": "183"
        }
      ]
    },
    {
      "track": "09",
      "title": "Sittin' On Top Of The World >",
      "duration": 204.2,
      "formats": [
        {
          "format": "24bit Flac",
          "filename": "gd1969-07-11s1t09.flac"
        },
        {
          "format": "VBR MP3",
          "filename": "gd1969-07-11s1t09.mp3",
          "bitrate": "183"
        }
      ]
    },
    {
      "track": "10",
      "title": "Big Boss Man",
      "duration": 401.68,
      "formats": [
        {
          "format": "24bit Flac",
          "filename": "gd1969-07-11s1t10.flac"
        },
        {
          "format": "VBR MP3",
          "filename": "gd1969-07-11s1t10.mp3",
          "bitrate": "182"
        }
      ]
    },
    {
      "track": "11",
      "title": "Mama Tried",
      "duration": 233.83,
      "formats": [
        {
          "format": "24bit Flac",
          "filename": "gd1969-07-11s1t11.flac"
        },
        {
          "format": "VBR MP3",
          "filename": "gd1969-07-11s1t11.mp3",
          "bitrate": "181"
        }
      ]
    },
    {
      "track": "12",
      "title": "High Time//",
      "duration": 142.76,
      "formats": [
        {
          "format": "24bit Flac",
          "filename": "gd1969-07-11s1t12.flac"
        },
        {
          "format": "VBR MP3",
          "filename": "gd1969-07-11s1t12.mp3",
          "bitrate": "178"
        }
      ]
    },
    {
      "track": "13",
      "title": "//Drums >",
      "duration": 39.65,
      "formats": [
        {
          "format": "24bit Flac",
          "filename": "gd1969-07-11s1t13.flac"
        },
        {
          "format": "VBR MP3",
          "filename": "gd1969-07-11s1t13.mp3",
          "bitrate": "184"
        }
      ]
    },
    {
      "track": "14",
      "title": "Jam >",
      "duration": 853.08,
      "formats": [
        {
          "format": "24bit Flac",
          "filename": "gd1969-07-11s1t14.flac"
        },
        {
          "format": "VBR MP3",
          "filename": "gd1969-07-11s1t14.mp3",
          "bitrate": "186"
        }
      ]
    },
    {
      "track": "15",
      "title": "The Other One >",
      "duration": 487.11,
      "formats": [
        {
          "format": "24bit Flac",
          "filename": "gd1969-07-11s1t15.flac"
        },
        {
          "format": "VBR MP3",
          "filename": "gd1969-07-11s1t15.mp3",
          "bitrate": "184"
        }
      ]
    },
    {
      "track": "16",
      "title": "Death Don't Have No Mercy >",
      "duration": 657.91,
      "formats": [
        {
          "format": "24bit Flac",
          "filename": "gd1969-07-11s1t16.flac"
        },
        {
          "format": "VBR MP3",
          "filename": "gd1969-07-11s1t16.mp3",
          "bitrate": "180"
        }
      ]
    },
    {
      "track": "17",
      "title": "Turn On Your Lovelight//",
      "duration": 521.81,
      "formats": [
        {
          "format": "24bit Flac",
          "filename": "gd1969-07-11s1t17.flac"
        },
        {
          "format": "VBR MP3",
          "filename": "gd1969-07-11s1t17.mp3",
          "bitrate": "183"
        }
      ]
    }
  ]
}