{
  "rating": 2.4285714285714284,
  "review_count": 7,
  "source_type": "UNKNOWN",
  "confidence": 1.0,
  "date": "1969-07-07",
  "venue": "Piedmont Park",
  "location": "Atlanta, GA",
  "raw_rating": 4.857142857142857,
  "high_ratings": 7,
  "low_ratings": 0,
  "tracks": [
    {
      "track": "01",
      "title": "Morning Dew",
      "duration": 625.57,
      "formats": [
        {
          "format": "Flac",
          "filename": "gd69-07-07d1t01.flac"
        },
        {
          "format": "VBR MP3",
          "filename": "gd69-07-07d1t01.mp3",
          "bitrate": "177"
        }
      ]
    },
    {
      "track": "02",
      "title": "Mama Tried ->",
      "duration": 192.76,
      "formats": [
        {
          "format": "Flac",
          "filename": "gd69-07-07d1t02.flac"
        },
        {
          "format": "VBR MP3",
          "filename": "gd69-07-07d1t02.mp3",
          "bitrate": "177"
        }
      ]
    },
    {
      "track": "03",
      "title": "High Time ->",
      "duration": 376.17,
      "formats": [
        {
          "format": "Flac",
          "filename": "gd69-07-07d1t03.flac"
        },
        {
          "format": "VBR MP3",
          "filename": "gd69-07-07d1t03.mp3",
          "bitrate": "175"
        }
      ]
    },
    {
      "track": "04",
      "title": "Casey Jones",
      "duration": 527.44,
      "formats": [
        {
          "format": "Flac",
          "filename": "gd69-07-07d1t04.flac"
        },
        {
          "format": "VBR MP3",
          "filename": "gd69-07-07d1t04.mp3",
          "bitrate": "179"
        }
      ]
    },
    {
      "track": "05",
      "title": "Dark Star ->",
      "duration": 1610.36,
      "formats": [
        {
          "format": "Flac",
          "filename": "gd69-07-07d1t05.flac"
        },
        {
          "format": "VBR MP3",
          "filename": "gd69-07-07d1t05.mp3",
          "bitrate": "176"
        }
      ]
    },
    {
      "track": "06",
      "title": "St. Stephen ->",
      "duration": 361.67,
      "formats": [
        {
          "format": "Flac",
          "filename": "gd69-07-07d1t06.flac"
        },
        {
          "format": "VBR MP3",
          "filename": "gd69-07-07d1t06.mp3",
          "bitrate": "178"
        }
      ]
    },
    {
      "track": "07",
      "title": "The Eleven ->",
      "duration": 871.4,
      "formats": [
        {
          "format": "Flac",
          "filename": "gd69-07-07d1t07.flac"
        },
        {
          "format": "VBR MP3",
          "filename": "gd69-07-07d1t07.mp3",
          "bitrate": "179"
        }
      ]
    },
    {
      "track": "08",
      "title": "Turn On Your Lovelight",
      "duration": 2229.17,
      "formats": [
        {
          "format": "Flac",
          "filename": "gd69-07-07d2t01.flac"
        },
        {
          "format": "VBR MP3",
          "filename": "gd69-07-07d2t01.mp3",
          "bitrate": "181"
        }
      ]
    }
  ]
}