{
  "rating": 2.0,
  "review_count": 3,
  "source_type": "UNKNOWN",
  "confidence": 0.6,
  "date": "1967-03-18",
  "venue": "Winterland Arena",
  "location": "San Francisco, CA",
  "raw_rating": 5.0,
  "high_ratings": 3,
  "low_ratings": 0,
  "tracks": [
    {
      "track": "01",
      "title": "gd67-03-18 tMe & My Uncle",
      "duration": 176.31,
      "formats": [
        {
          "format": "Flac",
          "filename": "Gd67-03-18T01MeMyUncle.flac"
        },
        {
          "format": "VBR MP3",
          "filename": "Gd67-03-18T01MeMyUncle.mp3",
          "bitrate": "190"
        }
      ]
    },
    {
      "track": "02",
      "title": "gd67-03-18 tNext Time You See Me",
      "duration": 228.44,
      "formats": [
        {
          "format": "Flac",
          "filename": "Gd67-03-18T02NextTimeYouSeeMe.flac"
        },
        {
          "format": "VBR MP3",
          "filename": "Gd67-03-18T02NextTimeYouSeeMe.mp3",
          "bitrate": "190"
        }
      ]
    },
    {
      "track": "03",
      "title": "gd67-03-18 tHe Was A Friend Of Mine",
      "duration": 280.97,
      "formats": [
        {
          "format": "Flac",
          "filename": "Gd67-03-18T03HeWasAFriendOfMine.flac"
        },
        {
          "format": "VBR MP3",
          "filename": "Gd67-03-18T03HeWasAFriendOfMine.mp3",
          "bitrate": "190"
        }
      ]
    },
    {
      "track": "04",
      "title": "gd67-03-18 tSmokestack Lightning",
      "duration": 536.85,
      "formats": [
        {
          "format": "Flac",
          "filename": "Gd67-03-18T04SmokestackLightning.flac"
        },
        {
          "format": "VBR MP3",
          "filename": "Gd67-03-18T04SmokestackLightning.mp3",
          "bitrate": "193"
        }
      ]
    },
    {
      "track": "05",
      "title": "gd67-03-18 tMorning Dew",
      "duration": 314.0,
      "formats": [
        {
          "format": "Flac",
          "filename": "Gd67-03-18T05MorningDew.flac"
        },
        {
          "format": "VBR MP3",
          "filename": "Gd67-03-18T05MorningDew.mp3",
          "bitrate": "192"
        }
      ]
    },
    {
      "track": "06",
      "title": "gd67-03-18 tIt Hurts Me Too",
      "duration": 231.36,
      "formats": [
        {
          "format": "Flac",
          "filename": "Gd67-03-18T06ItHurtsMeToo.flac"
        },
        {
          "format": "VBR MP3",
          "filename": "Gd67-03-18T06ItHurtsMeToo.mp3",
          "bitrate": "192"
        }
      ]
    },
    {
      "track": "07",
      "title": "gd67-03-18 tBeat It On Down The Line",
      "duration": 189.07,
      "formats": [
        {
          "format": "Flac",
          "filename": "Gd67-03-18T07BeatItOnDownTheLine.flac"
        },
        {
          "format": "VBR MP3",
          "filename": "Gd67-03-18T07BeatItOnDownTheLine.mp3",
          "bitrate": "187"
        }
      ]
    },
    {
      "track": "08",
      "title": "gd67-03-18 tDancin' In The Streets",
      "duration": 610.53,
      "formats": [
        {
          "format": "Flac",
          "filename": "Gd67-03-18T08DancinInTheStreets.flac"
        },
        {
          "format": "VBR MP3",
          "filename": "Gd67-03-18T08DancinInTheStreets.mp3",
          "bitrate": "186"
        }
      ]
    },
    {
      "track": "09",
      "title": "gd67-03-18 tGolden Road To Unlimited Devotion",
      "duration": 133.93,
      "formats": [
        {
          "format": "Flac",
          "filename": "Gd67-03-18T09GoldenRoadToUnlimitedDevotion.flac"
        },
        {
          "format": "VBR MP3",
          "filename": "Gd67-03-18T09GoldenRoadToUnlimitedDevotion.mp3",
          "bitrate": "182"
        }
      ]
    },
    {
      "track": "10",
      "title": "gd67-03-18 tCream Puff War",
      "duration": 370.28,
      "formats": [
        {
          "format": "Flac",
          "filename": "Gd67-03-18T10CreamPuffWar.flac"
        },
        {
          "format": "VBR MP3",
          "filename": "Gd67-03-18T10CreamPuffWar.mp3",
          "bitrate": "191"
        }
      ]
    },
    {
      "track": "11",
      "title": "gd67-03-18 tThe Same Thing",
      "duration": 733.8,
      "formats": [
        {
          "format": "Flac",
          "filename": "Gd67-03-18T11TheSameThing.flac"
        },
        {
          "format": "VBR MP3",
          "filename": "Gd67-03-18T11TheSameThing.mp3",
          "bitrate": "191"
        }
      ]
    },
    {
      "track": "12",
      "title": "gd67-03-18 tCold Rain & Snow",
      "duration": 223.48,
      "formats": [
        {
          "format": "Flac",
          "filename": "Gd67-03-18T12ColdRainSnow.flac"
        },
        {
          "format": "VBR MP3",
          "filename": "Gd67-03-18T12ColdRainSnow.mp3",
          "bitrate": "188"
        }
      ]
    },
    {
      "track": "13",
      "title": "gd67-03-18 tViola Lee Blues",
      "duration": 830.88,
      "formats": [
        {
          "format": "Flac",
          "filename": "Gd67-03-18T13ViolaLeeBlues.flac"
        },
        {
          "format": "VBR MP3",
          "filename": "Gd67-03-18T13ViolaLeeBlues.mp3",
          "bitrate": "187"
        }
      ]
    },
    {
      "track": "14",
      "title": "gd67-03-18 tDeath Don't Have No Mercy",
      "duration": 379.16,
      "formats": [
        {
          "format": "Flac",
          "filename": "Gd67-03-18T14DeathDontHaveNoMercy.flac"
        },
        {
          "format": "VBR MP3",
          "filename": "Gd67-03-18T14DeathDontHaveNoMercy.mp3",
          "bitrate": "187"
        }
      ]
    }
  ]
}