{
  "rating": 2.388888888888889,
  "review_count": 9,
  "source_type": "UNKNOWN",
  "confidence": 1.0,
  "date": "1969-02-28",
  "venue": "Fillmore West",
  "location": "San Francisco, CA",
  "raw_rating": 4.777777777777778,
  "high_ratings": 9,
  "low_ratings": 0,
  "tracks": [
    {
      "track": "01",
      "title": "Intro-Morning Dew",
      "duration": 652.0,
      "formats": [
        {
          "format": "Flac",
          "filename": "t01.flac"
        },
        {
          "format": "VBR MP3",
          "filename": "t01.mp3",
          "bitrate": "190"
        }
      ]
    },
    {
      "track": "02",
      "title": "Good Morning Little Schoolgirl",
      "duration": 645.31,
      "formats": [
        {
          "format": "Flac",
          "filename": "t02.flac"
        },
        {
          "format": "VBR MP3",
          "filename": "t02.mp3",
          "bitrate": "194"
        }
      ]
    },
    {
      "track": "03",
      "title": "Doin That Rag",
      "duration": 378.69,
      "formats": [
        {
          "format": "Flac",
          "filename": "t03.flac"
        },
        {
          "format": "VBR MP3",
          "filename": "t03.mp3",
          "bitrate": "188"
        }
      ]
    },
    {
      "track": "04",
      "title": "King Bee",
      "duration": 429.0,
      "formats": [
        {
          "format": "Flac",
          "filename": "t04.flac"
        },
        {
          "format": "VBR MP3",
          "filename": "t04.mp3",
          "bitrate": "187"
        }
      ]
    },
    {
      "track": "05",
      "title": "Turn On Your Lovelight",
      "duration": 1153.4,
      "formats": [
        {
          "format": "Flac",
          "filename": "t05.flac"
        },
        {
          "format": "VBR MP3",
          "filename": "t05.mp3",
          "bitrate": "192"
        }
      ]
    },
    {
      "track": "06",
      "title": "Intro-Cryptical Suite",
      "duration": 1130.0,
      "formats": [
        {
          "format": "Flac",
          "filename": "t06.flac"
        },
        {
          "format": "VBR MP3",
          "filename": "t06.mp3",
          "bitrate": "192"
        }
      ]
    },
    {
      "track": "07",
      "title": "Dark Star",
      "duration": 1204.98,
      "formats": [
        {
          "format": "Flac",
          "filename": "t07.flac"
        },
        {
          "format": "VBR MP3",
          "filename": "t07.mp3",
          "bitrate": "192"
        }
      ]
    },
    {
      "track": "08",
      "title": "Saint Stephen",
      "duration": 305.68,
      "formats": [
        {
          "format": "Flac",
          "filename": "t08.flac"
        },
        {
          "format": "VBR MP3",
          "filename": "t08.mp3",
          "bitrate": "183"
        }
      ]
    },
    {
      "track": "09",
      "title": "The Eleven",
      "duration": 1078.32,
      "formats": [
        {
          "format": "Flac",
          "filename": "t09.flac"
        },
        {
          "format": "VBR MP3",
          "filename": "t09.mp3",
          "bitrate": "196"
        }
      ]
    },
    {
      "track": "10",
      "title": "Death Dont Have No Mercy",
      "duration": 608.56,
      "formats": [
        {
          "format": "Flac",
          "filename": "t10.flac"
        },
        {
          "format": "VBR MP3",
          "filename": "t10.mp3",
          "bitrate": "187"
        }
      ]
    },
    {
      "track": "11",
      "title": "Alligator",
      "duration": 220.58,
      "formats": [
        {
          "format": "Flac",
          "filename": "t11.flac"
        },
        {
          "format": "VBR MP3",
          "filename": "t11.mp3",
          "bitrate": "195"
        }
      ]
    },
    {
      "track": "12",
      "title": "Drums",
      "duration": 230.47,
      "formats": [
        {
          "format": "Flac",
          "filename": "t12.flac"
        },
        {
          "format": "VBR MP3",
          "filename": "t12.mp3",
          "bitrate": "204"
        }
      ]
    },
    {
      "track": "13",
      "title": "PRIMAL JAM!",
      "duration": 773.3,
      "formats": [
        {
          "format": "Flac",
          "filename": "t13.flac"
        },
        {
          "format": "VBR MP3",
          "filename": "t13.mp3",
          "bitrate": "197"
        }
      ]
    },
    {
      "track": "14",
      "title": "Caution Do Not Stop On Tracks",
      "duration": 669.2,
      "formats": [
        {
          "format": "Flac",
          "filename": "t14.flac"
        },
        {
          "format": "VBR MP3",
          "filename": "t14.mp3",
          "bitrate": "196"
        }
      ]
    },
    {
      "track": "15",
      "title": "Feedback",
      "duration": 340.13,
      "formats": [
        {
          "format": "Flac",
          "filename": "t15.flac"
        },
        {
          "format": "VBR MP3",
          "filename": "t15.mp3",
          "bitrate": "184"
        }
      ]
    },
    {
      "track": "16",
      "title": "We Big You Goodnight",
      "duration": 79.91,
      "formats": [
        {
          "format": "Flac",
          "filename": "t16.flac"
        },
        {
          "format": "VBR MP3",
          "filename": "t16.mp3",
          "bitrate": "158"
        }
      ]
    }
  ]
}