{
  "rating": 2.8349999999999995,
  "review_count": 2,
  "source_type": "MATRIX",
  "confidence": 0.4,
  "date": "1966-12-01",
  "venue": "The Matrix",
  "location": "San Francisco, CA",
  "raw_rating": 4.5,
  "high_ratings": 2,
  "low_ratings": 0,
  "tracks": [
    {
      "track": "1",
      "title": "New Minglewood Blues",
      "duration": 264.56,
      "formats": [
        {
          "format": "Flac",
          "filename": "01 New Minglewood Blues.flac"
        },
        {
          "format": "VBR MP3",
          "filename": "01 New Minglewood Blues.mp3",
          "bitrate": "188"
        }
      ]
    },
    {
      "track": "2",
      "title": "Banter & Tuning",
      "duration": 126.05,
      "formats": [
        {
          "format": "Flac",
          "filename": "02 Banter & Tuning.flac"
        },
        {
          "format": "VBR MP3",
          "filename": "02 Banter & Tuning.mp3",
          "bitrate": "176"
        }
      ]
    },
    {
      "track": "3",
      "title": "Betty & Dupree",
      "duration": 312.88,
      "formats": [
        {
          "format": "Flac",
          "filename": "03 Betty & Dupree.flac"
        },
        {
          "format": "VBR MP3",
          "filename": "03 Betty & Dupree.mp3",
          "bitrate": "187"
        }
      ]
    },
    {
      "track": "4",
      "title": "Next Time You See Me",
      "duration": 325.94,
      "formats": [
        {
          "format": "Flac",
          "filename": "04 Next Time You See Me.flac"
        },
        {
          "format": "VBR MP3",
          "filename": "04 Next Time You See Me.mp3",
          "bitrate": "186"
        }
      ]
    },
    {
      "track": "5",
      "title": "I Know You Rider",
      "duration": 249.61,
      "formats": [
        {
          "format": "Flac",
          "filename": "05 I Know You Rider.flac"
        },
        {
          "format": "VBR MP3",
          "filename": "05 I Know You Rider.mp3",
          "bitrate": "193"
        }
      ]
    },
    {
      "track": "6",
      "title": "Big Boss Man",
      "duration": 280.71,
      "formats": [
        {
          "format": "Flac",
          "filename": "06 Big Boss Man.flac"
        },
        {
          "format": "VBR MP3",
          "filename": "06 Big Boss Man.mp3",
          "bitrate": "187"
        }
      ]
    },
    {
      "track": "7",
      "title": "One Kind Favor",
      "duration": 340.93,
      "formats": [
        {
          "format": "Flac",
          "filename": "07 One Kind Favor.flac"
        },
        {
          "format": "VBR MP3",
          "filename": "07 One Kind Favor.mp3",
          "bitrate": "188"
        }
      ]
    },
    {
      "track": "8",
      "title": "Alice D. Millionaire",
      "duration": 223.07,
      "formats": [
        {
          "format": "Flac",
          "filename": "08 Alice D. Millionaire.flac"
        },
        {
          "format": "VBR MP3",
          "filename": "08 Alice D. Millionaire.mp3",
          "bitrate": "186"
        }
      ]
    },
    {
      "track": "9",
      "title": "Me & My Uncle [false start]",
      "duration": 122.36,
      "formats": [
        {
          "format": "Flac",
          "filename": "09 Me & My Uncle [false start].flac"
        },
        {
          "format": "VBR MP3",
          "filename": "09 Me & My Uncle [false start].mp3",
          "bitrate": "185"
        }
      ]
    },
    {
      "track": "10",
      "title": "Me & My Uncle [2]",
      "duration": 255.7,
      "formats": [
        {
          "format": "Flac",
          "filename": "10 Me & My Uncle [2].flac"
        },
        {
          "format": "VBR MP3",
          "filename": "10 Me & My Uncle [2].mp3",
          "bitrate": "189"
        }
      ]
    },
    {
      "track": "11",
      "title": "Cream Puff War",
      "duration": 586.4,
      "formats": [
        {
          "format": "Flac",
          "filename": "11 Cream Puff War.flac"
        },
        {
          "format": "VBR MP3",
          "filename": "11 Cream Puff War.mp3",
          "bitrate": "197"
        }
      ]
    },
    {
      "track": "12",
      "title": "You Don't Love Me",
      "duration": 303.86,
      "formats": [
        {
          "format": "Flac",
          "filename": "12 You Don't Love Me.flac"
        },
        {
          "format": "VBR MP3",
          "filename": "12 You Don't Love Me.mp3",
          "bitrate": "193"
        }
      ]
    },
    {
      "track": "13",
      "title": "Beat It On Down The Line",
      "duration": 160.22,
      "formats": [
        {
          "format": "Flac",
          "filename": "13 Beat It On Down The Line.flac"
        },
        {
          "format": "VBR MP3",
          "filename": "13 Beat It On Down The Line.mp3",
          "bitrate": "201"
        }
      ]
    },
    {
      "track": "14",
      "title": "It Hurts Me Too",
      "duration": 308.83,
      "formats": [
        {
          "format": "Flac",
          "filename": "14 It Hurts Me Too.flac"
        },
        {
          "format": "VBR MP3",
          "filename": "14 It Hurts Me Too.mp3",
          "bitrate": "188"
        }
      ]
    },
    {
      "track": "15",
      "title": "On The Road Again",
      "duration": 168.46,
      "formats": [
        {
          "format": "Flac",
          "filename": "15 On The Road Again.flac"
        },
        {
          "format": "VBR MP3",
          "filename": "15 On The Road Again.mp3",
          "bitrate": "186"
        }
      ]
    },
    {
      "track": "16",
      "title": "Look Over Yonder Wall",
      "duration": 267.84,
      "formats": [
        {
          "format": "Flac",
          "filename": "16 Look Over Yonder Wall.flac"
        },
        {
          "format": "VBR MP3",
          "filename": "16 Look Over Yonder Wall.mp3",
          "bitrate": "190"
        }
      ]
    },
    {
      "track": "17",
      "title": "My Own Fault",
      "duration": 445.43,
      "formats": [
        {
          "format": "Flac",
          "filename": "17 My Own Fault.flac"
        },
        {
          "format": "VBR MP3",
          "filename": "17 My Own Fault.mp3",
          "bitrate": "185"
        }
      ]
    },
    {
      "track": "18",
      "title": "Been Down So Long",
      "duration": 231.26,
      "formats": [
        {
          "format": "Flac",
          "filename": "18 Been Down So Long.flac"
        },
        {
          "format": "VBR MP3",
          "filename": "18 Been Down So Long.mp3",
          "bitrate": "187"
        }
      ]
    },
    {
      "track": "19",
      "title": "Cold Rain & Snow",
      "duration": 210.51,
      "formats": [
        {
          "format": "Flac",
          "filename": "19 Cold Rain & Snow.flac"
        },
        {
          "format": "VBR MP3",
          "filename": "19 Cold Rain & Snow.mp3",
          "bitrate": "186"
        }
      ]
    },
    {
      "track": "20",
      "title": "Viola Lee Bues",
      "duration": 921.25,
      "formats": [
        {
          "format": "Flac",
          "filename": "20 Viola Lee Blues.flac"
        },
        {
          "format": "VBR MP3",
          "filename": "20 Viola Lee Blues.mp3",
          "bitrate": "200"
        }
      ]
    },
    {
      "track": "21",
      "title": "Deep Elum Blues",
      "duration": 327.03,
      "formats": [
        {
          "format": "Flac",
          "filename": "21 Deep Elum Blues.flac"
        },
        {
          "format": "VBR MP3",
          "filename": "21 Deep Elum Blues.mp3",
          "bitrate": "194"
        }
      ]
    },
    {
      "track": "22",
      "title": "Something On Your Mind",
      "duration": 310.75,
      "formats": [
        {
          "format": "Flac",
          "filename": "22 Something On Your Mind.flac"
        },
        {
          "format": "VBR MP3",
          "filename": "22 Something On Your Mind.mp3",
          "bitrate": "185"
        }
      ]
    },
    {
      "track": "23",
      "title": "Tuning",
      "duration": 113.17,
      "formats": [
        {
          "format": "Flac",
          "filename": "23 Tuning.flac"
        },
        {
          "format": "VBR MP3",
          "filename": "23 Tuning.mp3",
          "bitrate": "175"
        }
      ]
    },
    {
      "track": "24",
      "title": "Big Boy Pete",
      "duration": 216.2,
      "formats": [
        {
          "format": "Flac",
          "filename": "24 Big Boy Pete.flac"
        },
        {
          "format": "VBR MP3",
          "filename": "24 Big Boy Pete.mp3",
          "bitrate": "191"
        }
      ]
    },
    {
      "track": "25",
      "title": "Death Don't Have No Mercy",
      "duration": 584.38,
      "formats": [
        {
          "format": "Flac",
          "filename": "25 Death Don't Have No Mercy.flac"
        },
        {
          "format": "VBR MP3",
          "filename": "25 Death Don't Have No Mercy.mp3",
          "bitrate": "185"
        }
      ]
    },
    {
      "track": "26",
      "title": "Lindy",
      "duration": 184.94,
      "formats": [
        {
          "format": "Flac",
          "filename": "26 Lindy.flac"
        },
        {
          "format": "VBR MP3",
          "filename": "26 Lindy.mp3",
          "bitrate": "190"
        }
      ]
    },
    {
      "track": "27",
      "title": "Dancin' In The Streets",
      "duration": 675.63,
      "formats": [
        {
          "format": "Flac",
          "filename": "27 Dancin' In The Streets.flac"
        },
        {
          "format": "VBR MP3",
          "filename": "27 Dancin' In The Streets.mp3",
          "bitrate": "193"
        }
      ]
    },
    {
      "track": "28",
      "title": "Me & My Uncle [3]",
      "duration": 267.24,
      "formats": [
        {
          "format": "Flac",
          "filename": "28 Me & My Uncle [3].flac"
        },
        {
          "format": "VBR MP3",
          "filename": "28 Me & My Uncle [3].mp3",
          "bitrate": "187"
        }
      ]
    },
    {
      "track": "29",
      "title": "The Merry-Go-Round Broke Down",
      "duration": 39.99,
      "formats": [
        {
          "format": "Flac",
          "filename": "29 The Merry-Go-Round Broke Down.flac"
        },
        {
          "format": "VBR MP3",
          "filename": "29 The Merry-Go-Round Broke Down.mp3",
          "bitrate": "187"
        }
      ]
    },
    {
      "track": "30",
      "title": "Tapers Section [Mono] [Bonus Track] [Lossy Source]",
      "duration": 1823.6,
      "formats": [
        {
          "format": "Flac",
          "filename": "30 1966-12-01 Matrix Dead.net Taper's Section [Flv to Flac].flac"
        },
        {
          "format": "VBR MP3",
          "filename": "30 1966-12-01 Matrix Dead.net Taper's Section [Flv to Flac].mp3",
          "bitrate": "174"
        }
      ]
    }
  ]
}