{
  "rating": 0.0,
  "review_count": 0,
  "source_type": "UNKNOWN",
  "confidence": 0.0,
  "date": "1969-03-28",
  "venue": "Student Center, Modesto Jr. College",
  "location": "Modesto, CA",
  "raw_rating": 0.0,
  "high_ratings": 0,
  "low_ratings": 0,
  "tracks": [
    {
      "track": "01",
      "title": "gd69-03-28 tGood Morning Little Schoolgirl",
      "duration": 706.84,
      "formats": [
        {
          "format": "Flac",
          "filename": "Gd69-03-28T01GoodMorningLittleSchoolgirl.flac"
        },
        {
          "format": "VBR MP3",
          "filename": "Gd69-03-28T01GoodMorningLittleSchoolgirl.mp3",
          "bitrate": "174"
        }
      ]
    },
    {
      "track": "02",
      "title": "gd69-03-28 tTuning_Banter",
      "duration": 82.05,
      "formats": [
        {
          "format": "Flac",
          "filename": "Gd69-03-28T02Tuning_banter.flac"
        },
        {
          "format": "VBR MP3",
          "filename": "Gd69-03-28T02Tuning_banter.mp3",
          "bitrate": "179"
        }
      ]
    },
    {
      "track": "03",
      "title": "gd69-03-28 tDark Star",
      "duration": 1375.68,
      "formats": [
        {
          "format": "Flac",
          "filename": "Gd69-03-28T03DarkStar.flac"
        },
        {
          "format": "VBR MP3",
          "filename": "Gd69-03-28T03DarkStar.mp3",
          "bitrate": "175"
        }
      ]
    },
    {
      "track": "04",
      "title": "gd69-03-28 tSt. Stephen",
      "duration": 370.29,
      "formats": [
        {
          "format": "Flac",
          "filename": "Gd69-03-28T04St.Stephen.flac"
        },
        {
          "format": "VBR MP3",
          "filename": "Gd69-03-28T04St.Stephen.mp3",
          "bitrate": "174"
        }
      ]
    },
    {
      "track": "05",
      "title": "gd69-03-28 tThe Eleven",
      "duration": 920.76,
      "formats": [
        {
          "format": "Flac",
          "filename": "Gd69-03-28T05TheEleven.flac"
        },
        {
          "format": "VBR MP3",
          "filename": "Gd69-03-28T05TheEleven.mp3",
          "bitrate": "176"
        }
      ]
    },
    {
      "track": "06",
      "title": "gd69-03-28 tDeath Don't Have No Mercy",
      "duration": 596.57,
      "formats": [
        {
          "format": "Flac",
          "filename": "Gd69-03-28T06DeathDontHaveNoMercy.flac"
        },
        {
          "format": "VBR MP3",
          "filename": "Gd69-03-28T06DeathDontHaveNoMercy.mp3",
          "bitrate": "178"
        }
      ]
    },
    {
      "track": "07",
      "title": "gd69-03-28 tTurn On Your Lovelight",
      "duration": 1346.36,
      "formats": [
        {
          "format": "Flac",
          "filename": "Gd69-03-28T07TurnOnYourLovelight.flac"
        },
        {
          "format": "VBR MP3",
          "filename": "Gd69-03-28T07TurnOnYourLovelight.mp3",
          "bitrate": "178"
        }
      ]
    },
    {
      "track": "08",
      "title": "gd69-03-28 tTuning_Banter",
      "duration": 116.39,
      "formats": [
        {
          "format": "Flac",
          "filename": "Gd69-03-28T08Tuning_banter.flac"
        },
        {
          "format": "VBR MP3",
          "filename": "Gd69-03-28T08Tuning_banter.mp3",
          "bitrate": "177"
        }
      ]
    },
    {
      "track": "09",
      "title": "gd69-03-28 tCryptical Envelopment",
      "duration": 144.57,
      "formats": [
        {
          "format": "Flac",
          "filename": "Gd69-03-28T09CrypticalEnvelopment.flac"
        },
        {
          "format": "VBR MP3",
          "filename": "Gd69-03-28T09CrypticalEnvelopment.mp3",
          "bitrate": "177"
        }
      ]
    },
    {
      "track": "10",
      "title": "gd69-03-28 tThe Other One",
      "duration": 528.73,
      "formats": [
        {
          "format": "Flac",
          "filename": "Gd69-03-28T10TheOtherOne.flac"
        },
        {
          "format": "VBR MP3",
          "filename": "Gd69-03-28T10TheOtherOne.mp3",
          "bitrate": "183"
        }
      ]
    },
    {
      "track": "11",
      "title": "gd69-03-28 tCryptical Envelopment",
      "duration": 676.67,
      "formats": [
        {
          "format": "Flac",
          "filename": "Gd69-03-28T11CrypticalEnvelopment.flac"
        },
        {
          "format": "VBR MP3",
          "filename": "Gd69-03-28T11CrypticalEnvelopment.mp3",
          "bitrate": "178"
        }
      ]
    }
  ]
}