{
  "rating": 0.0,
  "review_count": 0,
  "source_type": "UNKNOWN",
  "confidence": 0.0,
  "date": "1969-08-30",
  "venue": "Family Dog at the Great Highway",
  "location": "San Francisco, CA",
  "raw_rating": 0.0,
  "high_ratings": 0,
  "low_ratings": 0,
  "tracks": [
    {
      "track": "01",
      "title": "Dark Star",
      "duration": 1731.59,
      "formats": [
        {
          "format": "Flac",
          "filename": "01 Dark Star.flac"
        }
      ]
    },
    {
      "track": "02",
      "title": "Saint Stephen",
      "duration": 386.31,
      "formats": [
        {
          "format": "Flac",
          "filename": "02 Saint Stephen.flac"
        }
      ]
    },
    {
      "track": "03",
      "title": "The Eleven",
      "duration": 385.35,
      "formats": [
        {
          "format": "Flac",
          "filename": "03 The Eleven.flac"
        }
      ]
    },
    {
      "track": "04",
      "title": "Drums",
      "duration": 350.33,
      "formats": [
        {
          "format": "Flac",
          "filename": "04 Drums.flac"
        }
      ]
    },
    {
      "track": "05",
      "title": "High Time",
      "duration": 390.48,
      "formats": [
        {
          "format": "Flac",
          "filename": "05 High Time.flac"
        }
      ]
    }
  ]
}