{
  "rating": 2.835,
  "review_count": 4,
  "source_type": "AUD",
  "confidence": 0.8,
  "date": "1967-11-11",
  "venue": "Shrine Auditorium",
  "location": "Los Angeles, CA",
  "raw_rating": 4.5,
  "high_ratings": 4,
  "low_ratings": 0,
  "tracks": [
    {
      "track": "01",
      "title": "// Turn On Your Lovelight (reel #2 side B; 8-track 15 ips)",
      "duration": 703.5,
      "formats": [
        {
          "format": "24bit Flac",
          "filename": "gd1967-11-11.sbd.motb.0173.s1t01.flac"
        },
        {
          "format": "VBR MP3",
          "filename": "gd1967-11-11.sbd.motb.0173.s1t01.mp3",
          "bitrate": "184"
        }
      ]
    },
    {
      "track": "02",
      "title": "Death Don't Have No Mercy (reel #2 side B; 8-track 15 ips)",
      "duration": 458.25,
      "formats": [
        {
          "format": "24bit Flac",
          "filename": "gd1967-11-11.sbd.motb.0173.s1t02.flac"
        },
        {
          "format": "VBR MP3",
          "filename": "gd1967-11-11.sbd.motb.0173.s1t02.mp3",
          "bitrate": "186"
        }
      ]
    },
    {
      "track": "03",
      "title": "Good Morning Little School (reel #2 side B; 8-track 15 ips)",
      "duration": 727.56,
      "formats": [
        {
          "format": "24bit Flac",
          "filename": "gd1967-11-11.sbd.motb.0173.s1t03.flac"
        },
        {
          "format": "VBR MP3",
          "filename": "gd1967-11-11.sbd.motb.0173.s1t03.mp3",
          "bitrate": "188"
        }
      ]
    },
    {
      "track": "04",
      "title": "New Potato Caboose (reel #1 side A; 2-track 7.5 ips)",
      "duration": 672.12,
      "formats": [
        {
          "format": "24bit Flac",
          "filename": "gd1967-11-11.sbd.motb.0173.s1t04.flac"
        },
        {
          "format": "VBR MP3",
          "filename": "gd1967-11-11.sbd.motb.0173.s1t04.mp3",
          "bitrate": "215"
        }
      ]
    },
    {
      "track": "05",
      "title": "Cryptical > (reel #1 side B; 8-track 15 ips)",
      "duration": 87.53,
      "formats": [
        {
          "format": "24bit Flac",
          "filename": "gd1967-11-11.sbd.motb.0173.s1t05.flac"
        },
        {
          "format": "VBR MP3",
          "filename": "gd1967-11-11.sbd.motb.0173.s1t05.mp3",
          "bitrate": "188"
        }
      ]
    },
    {
      "track": "06",
      "title": "The Other One > (reel #1 side B; 8-track 15 ips)",
      "duration": 156.81,
      "formats": [
        {
          "format": "24bit Flac",
          "filename": "gd1967-11-11.sbd.motb.0173.s1t06.flac"
        },
        {
          "format": "VBR MP3",
          "filename": "gd1967-11-11.sbd.motb.0173.s1t06.mp3",
          "bitrate": "216"
        }
      ]
    },
    {
      "track": "07",
      "title": "Cryptical (reel #1 side B; 8-track 15 ips)",
      "duration": 681.49,
      "formats": [
        {
          "format": "24bit Flac",
          "filename": "gd1967-11-11.sbd.motb.0173.s1t07.flac"
        },
        {
          "format": "VBR MP3",
          "filename": "gd1967-11-11.sbd.motb.0173.s1t07.mp3",
          "bitrate": "224"
        }
      ]
    },
    {
      "track": "08",
      "title": "Alligator > (reel #1 side A; 2-track 7.5 ips)",
      "duration": 683.03,
      "formats": [
        {
          "format": "24bit Flac",
          "filename": "gd1967-11-11.sbd.motb.0173.s1t08.flac"
        },
        {
          "format": "VBR MP3",
          "filename": "gd1967-11-11.sbd.motb.0173.s1t08.mp3",
          "bitrate": "221"
        }
      ]
    },
    {
      "track": "09",
      "title": "Caution // has cut > Feedback > end crowd (reel #1 side A; 2-track 7.5 ips)",
      "duration": 1520.09,
      "formats": [
        {
          "format": "24bit Flac",
          "filename": "gd1967-11-11.sbd.motb.0173.s1t09.flac"
        },
        {
          "format": "VBR MP3",
          "filename": "gd1967-11-11.sbd.motb.0173.s1t09.mp3",
          "bitrate": "217"
        }
      ]
    }
  ]
}