{
  "rating": 1.5,
  "review_count": 1,
  "source_type": "UNKNOWN",
  "confidence": 0.2,
  "date": "1969-08-29",
  "venue": "Family Dog at the Great Highway",
  "location": "San Francisco, CA",
  "raw_rating": 5.0,
  "high_ratings": 1,
  "low_ratings": 0,
  "tracks": [
    {
      "track": "01",
      "title": "Casey Jones",
      "duration": 355.8,
      "formats": [
        {
          "format": "Flac",
          "filename": "gd69-08-29d1t01.flac"
        },
        {
          "format": "VBR MP3",
          "filename": "gd69-08-29d1t01.mp3",
          "bitrate": "179"
        }
      ]
    },
    {
      "track": "02",
      "title": "Easy Wind",
      "duration": 490.24,
      "formats": [
        {
          "format": "Flac",
          "filename": "gd69-08-29d1t02.flac"
        },
        {
          "format": "VBR MP3",
          "filename": "gd69-08-29d1t02.mp3",
          "bitrate": "188"
        }
      ]
    },
    {
      "track": "03",
      "title": "Me And My Uncle ->",
      "duration": 189.6,
      "formats": [
        {
          "format": "Flac",
          "filename": "gd69-08-29d1t03.flac"
        },
        {
          "format": "VBR MP3",
          "filename": "gd69-08-29d1t03.mp3",
          "bitrate": "187"
        }
      ]
    },
    {
      "track": "04",
      "title": "High Time",
      "duration": 563.36,
      "formats": [
        {
          "format": "Flac",
          "filename": "gd69-08-29d1t04.flac"
        },
        {
          "format": "VBR MP3",
          "filename": "gd69-08-29d1t04.mp3",
          "bitrate": "187"
        }
      ]
    },
    {
      "track": "05",
      "title": "New Orleans ->",
      "duration": 211.21,
      "formats": [
        {
          "format": "Flac",
          "filename": "gd69-08-29d1t05.flac"
        },
        {
          "format": "VBR MP3",
          "filename": "gd69-08-29d1t05.mp3",
          "bitrate": "190"
        }
      ]
    },
    {
      "track": "06",
      "title": "Searchin' ->",
      "duration": 196.03,
      "formats": [
        {
          "format": "Flac",
          "filename": "gd69-08-29d1t06.flac"
        },
        {
          "format": "VBR MP3",
          "filename": "gd69-08-29d1t06.mp3",
          "bitrate": "188"
        }
      ]
    },
    {
      "track": "07",
      "title": "Good Lovin'",
      "duration": 275.84,
      "formats": [
        {
          "format": "Flac",
          "filename": "gd69-08-29d1t07.flac"
        },
        {
          "format": "VBR MP3",
          "filename": "gd69-08-29d1t07.mp3",
          "bitrate": "192"
        }
      ]
    },
    {
      "track": "08",
      "title": "Dire Wolf",
      "duration": 281.39,
      "formats": [
        {
          "format": "Flac",
          "filename": "gd69-08-29d1t08.flac"
        },
        {
          "format": "VBR MP3",
          "filename": "gd69-08-29d1t08.mp3",
          "bitrate": "188"
        }
      ]
    },
    {
      "track": "09",
      "title": "I'm A King Bee",
      "duration": 470.81,
      "formats": [
        {
          "format": "Flac",
          "filename": "gd69-08-29d1t09.flac"
        },
        {
          "format": "VBR MP3",
          "filename": "gd69-08-29d1t09.mp3",
          "bitrate": "186"
        }
      ]
    },
    {
      "track": "10",
      "title": "Turn On Your Lovelight",
      "duration": 1837.55,
      "formats": [
        {
          "format": "Flac",
          "filename": "gd69-08-29d2t01.flac"
        },
        {
          "format": "VBR MP3",
          "filename": "gd69-08-29d2t01.mp3",
          "bitrate": "189"
        }
      ]
    }
  ]
}