{
  "rating": 0.0,
  "review_count": 0,
  "source_type": "UNKNOWN",
  "confidence": 0.0,
  "date": "1969-06-06",
  "venue": "Fillmore West",
  "location": "San Francisco, CA",
  "raw_rating": 0.0,
  "high_ratings": 0,
  "low_ratings": 0,
  "tracks": [
    {
      "track": "01",
      "title": "Smokestack Lightning",
      "duration": 477.27,
      "formats": [
        {
          "format": "VBR MP3",
          "filename": "gd69-06-06d1t01.mp3",
          "bitrate": "180"
        },
        {
          "format": "Shorten",
          "filename": "gd69-06-06d1t01.shn"
        }
      ]
    },
    {
      "track": "02",
      "title": "Green Green Grass of Home*",
      "duration": 158.73,
      "formats": [
        {
          "format": "VBR MP3",
          "filename": "gd69-06-06d1t02.mp3",
          "bitrate": "177"
        },
        {
          "format": "Shorten",
          "filename": "gd69-06-06d1t02.shn"
        }
      ]
    },
    {
      "track": "03",
      "title": "Lovelight",
      "duration": 1651.88,
      "formats": [
        {
          "format": "VBR MP3",
          "filename": "gd69-06-06d1t03.mp3",
          "bitrate": "176"
        },
        {
          "format": "Shorten",
          "filename": "gd69-06-06d1t03.shn"
        }
      ]
    }
  ]
}