{
  "rating": 0.0,
  "review_count": 0,
  "source_type": "UNKNOWN",
  "confidence": 0.0,
  "date": "1968-09-21",
  "venue": "Pacific High Recording",
  "location": "San Mateo, CA",
  "raw_rating": 0.0,
  "high_ratings": 0,
  "low_ratings": 0,
  "tracks": [
    {
      "track": "01",
      "title": "Clementine Jam",
      "duration": 323.51,
      "formats": [
        {
          "format": "Flac",
          "filename": "01 Clementine Jam.flac"
        },
        {
          "format": "VBR MP3",
          "filename": "01 Clementine Jam.mp3",
          "bitrate": "147"
        }
      ]
    }
  ]
}