{
  "rating": 3.2846153846153845,
  "review_count": 13,
  "source_type": "AUD",
  "confidence": 1.0,
  "date": "1966-07-16",
  "venue": "Fillmore Auditorium",
  "location": "San Francisco, CA",
  "raw_rating": 4.6923076923076925,
  "high_ratings": 13,
  "low_ratings": 0,
  "tracks": [
    {
      "track": "01",
      "title": "I Know You Rider",
      "duration": 124.79,
      "formats": [
        {
          "format": "VBR MP3",
          "filename": "gd66-07-16d1t01.mp3",
          "bitrate": "188"
        },
        {
          "format": "Shorten",
          "filename": "gd66-07-16d1t01.shn"
        }
      ]
    },
    {
      "track": "02",
      "title": "Big Boss Man",
      "duration": 174.54,
      "formats": [
        {
          "format": "VBR MP3",
          "filename": "gd66-07-16d1t02.mp3",
          "bitrate": "190"
        },
        {
          "format": "Shorten",
          "filename": "gd66-07-16d1t02.shn"
        }
      ]
    },
    {
      "track": "03",
      "title": "Standing On The Corner",
      "duration": 137.04,
      "formats": [
        {
          "format": "VBR MP3",
          "filename": "gd66-07-16d1t03.mp3",
          "bitrate": "189"
        },
        {
          "format": "Shorten",
          "filename": "gd66-07-16d1t03.shn"
        }
      ]
    },
    {
      "track": "04",
      "title": "Beat It On Down The Line",
      "duration": 123.05,
      "formats": [
        {
          "format": "VBR MP3",
          "filename": "gd66-07-16d1t04.mp3",
          "bitrate": "194"
        },
        {
          "format": "Shorten",
          "filename": "gd66-07-16d1t04.shn"
        }
      ]
    },
    {
      "track": "05",
      "title": "In The Pines",
      "duration": 193.08,
      "formats": [
        {
          "format": "VBR MP3",
          "filename": "gd66-07-16d1t05.mp3",
          "bitrate": "191"
        },
        {
          "format": "Shorten",
          "filename": "gd66-07-16d1t05.shn"
        }
      ]
    },
    {
      "track": "06",
      "title": "Cardboard Cowboy",
      "duration": 89.7,
      "formats": [
        {
          "format": "VBR MP3",
          "filename": "gd66-07-16d1t06.mp3",
          "bitrate": "193"
        },
        {
          "format": "Shorten",
          "filename": "gd66-07-16d1t06.shn"
        }
      ]
    },
    {
      "track": "07",
      "title": "Nobody's Fault But Mine",
      "duration": 143.63,
      "formats": [
        {
          "format": "VBR MP3",
          "filename": "gd66-07-16d1t07.mp3",
          "bitrate": "193"
        },
        {
          "format": "Shorten",
          "filename": "gd66-07-16d1t07.shn"
        }
      ]
    },
    {
      "track": "08",
      "title": "Next Time You See Me",
      "duration": 111.7,
      "formats": [
        {
          "format": "VBR MP3",
          "filename": "gd66-07-16d1t08.mp3",
          "bitrate": "188"
        },
        {
          "format": "Shorten",
          "filename": "gd66-07-16d1t08.shn"
        }
      ]
    },
    {
      "track": "09",
      "title": "He Was A Friend Of Mine",
      "duration": 168.37,
      "formats": [
        {
          "format": "VBR MP3",
          "filename": "gd66-07-16d1t09.mp3",
          "bitrate": "191"
        },
        {
          "format": "Shorten",
          "filename": "gd66-07-16d1t09.shn"
        }
      ]
    },
    {
      "track": "10",
      "title": "Cream Puff War",
      "duration": 216.93,
      "formats": [
        {
          "format": "VBR MP3",
          "filename": "gd66-07-16d1t10.mp3",
          "bitrate": "192"
        },
        {
          "format": "Shorten",
          "filename": "gd66-07-16d1t10.shn"
        }
      ]
    },
    {
      "track": "11",
      "title": "Viola Lee Blues",
      "duration": 321.98,
      "formats": [
        {
          "format": "VBR MP3",
          "filename": "gd66-07-16d1t11.mp3",
          "bitrate": "191"
        },
        {
          "format": "Shorten",
          "filename": "gd66-07-16d1t11.shn"
        }
      ]
    },
    {
      "track": "12",
      "title": "Don't Ease Me In ->",
      "duration": 90.77,
      "formats": [
        {
          "format": "VBR MP3",
          "filename": "gd66-07-16d1t12.mp3",
          "bitrate": "188"
        },
        {
          "format": "Shorten",
          "filename": "gd66-07-16d1t12.shn"
        }
      ]
    },
    {
      "track": "13",
      "title": "Pain In My Heart",
      "duration": 140.19,
      "formats": [
        {
          "format": "VBR MP3",
          "filename": "gd66-07-16d1t13.mp3",
          "bitrate": "189"
        },
        {
          "format": "Shorten",
          "filename": "gd66-07-16d1t13.shn"
        }
      ]
    },
    {
      "track": "14",
      "title": "Minglewood Blues ->",
      "duration": 136.22,
      "formats": [
        {
          "format": "VBR MP3",
          "filename": "gd66-07-16d1t14.mp3",
          "bitrate": "190"
        },
        {
          "format": "Shorten",
          "filename": "gd66-07-16d1t14.shn"
        }
      ]
    },
    {
      "track": "15",
      "title": "Sittin' On Top Of The World",
      "duration": 121.42,
      "formats": [
        {
          "format": "VBR MP3",
          "filename": "gd66-07-16d1t15.mp3",
          "bitrate": "188"
        },
        {
          "format": "Shorten",
          "filename": "gd66-07-16d1t15.shn"
        }
      ]
    },
    {
      "track": "16",
      "title": "You Don't Have To Ask",
      "duration": 168.9,
      "formats": [
        {
          "format": "VBR MP3",
          "filename": "gd66-07-16d2t01.mp3",
          "bitrate": "186"
        },
        {
          "format": "Shorten",
          "filename": "gd66-07-16d2t01.shn"
        }
      ]
    },
    {
      "track": "17",
      "title": "Cold Rain And Snow ->",
      "duration": 156.95,
      "formats": [
        {
          "format": "VBR MP3",
          "filename": "gd66-07-16d2t02.mp3",
          "bitrate": "193"
        },
        {
          "format": "Shorten",
          "filename": "gd66-07-16d2t02.shn"
        }
      ]
    },
    {
      "track": "18",
      "title": "Good Morning Little Schoolgirl ->",
      "duration": 344.1,
      "formats": [
        {
          "format": "VBR MP3",
          "filename": "gd66-07-16d2t03.mp3",
          "bitrate": "191"
        },
        {
          "format": "Shorten",
          "filename": "gd66-07-16d2t03.shn"
        }
      ]
    },
    {
      "track": "19",
      "title": "It's All Over Now Baby Blue",
      "duration": 159.47,
      "formats": [
        {
          "format": "VBR MP3",
          "filename": "gd66-07-16d2t04.mp3",
          "bitrate": "191"
        },
        {
          "format": "Shorten",
          "filename": "gd66-07-16d2t04.shn"
        }
      ]
    },
    {
      "track": "20",
      "title": "Dancin' In The Streets",
      "duration": 227.25,
      "formats": [
        {
          "format": "VBR MP3",
          "filename": "gd66-07-16d2t05.mp3",
          "bitrate": "192"
        },
        {
          "format": "Shorten",
          "filename": "gd66-07-16d2t05.shn"
        }
      ]
    }
  ]
}