{
  "rating": 0.0,
  "review_count": 0,
  "source_type": "UNKNOWN",
  "confidence": 0.0,
  "date": "1967-11-03",
  "venue": "Unknown Studio",
  "location": "Unknown",
  "raw_rating": 0.0,
  "high_ratings": 0,
  "low_ratings": 0,
  "tracks": [
    {
      "track": "01",
      "title": "Start / Drums}",
      "duration": 82.34,
      "formats": [
        {
          "format": "Flac",
          "filename": "01 {Start - Drums}.flac"
        }
      ]
    },
    {
      "track": "02",
      "title": "The Other One (take 1)",
      "duration": 498.91,
      "formats": [
        {
          "format": "Flac",
          "filename": "02 The Other One    (take 1).flac"
        }
      ]
    },
    {
      "track": "03",
      "title": "The Other One (take 2)",
      "duration": 437.28,
      "formats": [
        {
          "format": "Flac",
          "filename": "03 The Other One    (take 2).flac"
        }
      ]
    },
    {
      "track": "04",
      "title": "The Other One (takes 3 - 21)",
      "duration": 1371.28,
      "formats": [
        {
          "format": "Flac",
          "filename": "04 The Other One    (takes 3 - 21).flac"
        }
      ]
    },
    {
      "track": "05",
      "title": "The Other One (takes 22 - 43)",
      "duration": 1686.8,
      "formats": [
        {
          "format": "Flac",
          "filename": "05 The Other One    (takes 22 - 43).flac"
        }
      ]
    },
    {
      "track": "06",
      "title": "Alligator (takes 12, 13)",
      "duration": 159.76,
      "formats": [
        {
          "format": "Flac",
          "filename": "06 Alligator    (takes 12, 13).flac"
        }
      ]
    },
    {
      "track": "07",
      "title": "Alligator (takes 15, 16, 17)",
      "duration": 344.25,
      "formats": [
        {
          "format": "Flac",
          "filename": "07 Alligator    (takes 15, 16, 17).flac"
        }
      ]
    },
    {
      "track": "08",
      "title": "Alligator",
      "duration": 264.56,
      "formats": [
        {
          "format": "Flac",
          "filename": "08 Alligator    (takes 18, 19, 20).flac"
        }
      ]
    },
    {
      "track": "09",
      "title": "Alligator",
      "duration": 397.65,
      "formats": [
        {
          "format": "Flac",
          "filename": "09 Alligator    (takes 21 - 26).flac"
        }
      ]
    },
    {
      "track": "10",
      "title": "The Other One",
      "duration": 168.57,
      "formats": [
        {
          "format": "Flac",
          "filename": "10 The Other One.flac"
        }
      ]
    },
    {
      "track": "11",
      "title": "The Other One",
      "duration": 309.46,
      "formats": [
        {
          "format": "Flac",
          "filename": "11 The Other One.flac"
        }
      ]
    },
    {
      "track": "12",
      "title": "The Other One",
      "duration": 205.23,
      "formats": [
        {
          "format": "Flac",
          "filename": "12 The Other One.flac"
        }
      ]
    },
    {
      "track": "13",
      "title": "The Other One",
      "duration": 174.65,
      "formats": [
        {
          "format": "Flac",
          "filename": "13 The Other One.flac"
        }
      ]
    },
    {
      "track": "14",
      "title": "The Other One",
      "duration": 327.47,
      "formats": [
        {
          "format": "Flac",
          "filename": "14 The Other One.flac"
        }
      ]
    },
    {
      "track": "15",
      "title": "The Other One",
      "duration": 343.9,
      "formats": [
        {
          "format": "Flac",
          "filename": "15 The Other One.flac"
        }
      ]
    },
    {
      "track": "16",
      "title": "The Other One",
      "duration": 105.8,
      "formats": [
        {
          "format": "Flac",
          "filename": "16 The Other One.flac"
        }
      ]
    },
    {
      "track": "17",
      "title": "New Potato Caboose (multiple takes)",
      "duration": 1676.25,
      "formats": [
        {
          "format": "Flac",
          "filename": "17 New Potato Caboose    (multiple takes).flac"
        }
      ]
    },
    {
      "track": "18",
      "title": "The Other One",
      "duration": 161.16,
      "formats": [
        {
          "format": "Flac",
          "filename": "18 The Other One.flac"
        }
      ]
    },
    {
      "track": "19",
      "title": "The Other One",
      "duration": 117.54,
      "formats": [
        {
          "format": "Flac",
          "filename": "19 The Other One.flac"
        }
      ]
    },
    {
      "track": "20",
      "title": "The Other One > New Potato Caboose",
      "duration": 734.5,
      "formats": [
        {
          "format": "Flac",
          "filename": "20 The Other One - New Potato Caboose.flac"
        }
      ]
    }
  ]
}