{
  "rating": 0.0,
  "review_count": 0,
  "source_type": "UNKNOWN",
  "confidence": 0.0,
  "date": "1967-11-03",
  "venue": "Studio",
  "location": "Unknown",
  "raw_rating": 0.0,
  "high_ratings": 0,
  "low_ratings": 0,
  "tracks": [
    {
      "track": "01",
      "title": "Start / Drums}",
      "duration": 82.34,
      "formats": [
        {
          "format": "Flac",
          "filename": "01 {Start - Drums}.flac"
        }
      ]
    },
    {
      "track": "02",
      "title": "The Other One (take 1)",
      "duration": 498.91,
      "formats": [
        {
          "format": "Flac",
          "filename": "02 The Other One    (take 1).flac"
        }
      ]
    },
    {
      "track": "03",
      "title": "The Other One (take 2)",
      "duration": 463.44,
      "formats": [
        {
          "format": "Flac",
          "filename": "03 The Other One    (take 2).flac"
        }
      ]
    },
    {
      "track": "04",
      "title": "The Other One (take 3)",
      "duration": 127.21,
      "formats": [
        {
          "format": "Flac",
          "filename": "04 The Other One    (take 3).flac"
        }
      ]
    },
    {
      "track": "05",
      "title": "The Other One (take 4)",
      "duration": 546.07,
      "formats": [
        {
          "format": "Flac",
          "filename": "05 The Other One    (take 4).flac"
        }
      ]
    },
    {
      "track": "06",
      "title": "Cryptical Envelopment (multiple takes)",
      "duration": 1317.68,
      "formats": [
        {
          "format": "Flac",
          "filename": "06 Cryptical Envelopment    (multiple takes).flac"
        }
      ]
    },
    {
      "track": "07",
      "title": "Cryptical Envelopment (multiple takes)",
      "duration": 1686.8,
      "formats": [
        {
          "format": "Flac",
          "filename": "07 Cryptical Envelopment    (multiple takes).flac"
        }
      ]
    },
    {
      "track": "08",
      "title": "Alligator (take 12)",
      "duration": 159.76,
      "formats": [
        {
          "format": "Flac",
          "filename": "08 Alligator    (take 12).flac"
        }
      ]
    },
    {
      "track": "09",
      "title": "Alligator (takes 15, 16, 17)",
      "duration": 344.25,
      "formats": [
        {
          "format": "Flac",
          "filename": "09 Alligator    (takes 15, 16, 17).flac"
        }
      ]
    },
    {
      "track": "10",
      "title": "Alligator (takes 18, 19, 20)",
      "duration": 264.56,
      "formats": [
        {
          "format": "Flac",
          "filename": "10 Alligator    (takes 18, 19, 20).flac"
        }
      ]
    },
    {
      "track": "11",
      "title": "Alligator (takes 21, 22, 23, 24, 25, 26)",
      "duration": 397.65,
      "formats": [
        {
          "format": "Flac",
          "filename": "11 Alligator    (takes 21, 22, 23, 24, 25, 26).flac"
        }
      ]
    },
    {
      "track": "12",
      "title": "The Other One (takes)",
      "duration": 168.57,
      "formats": [
        {
          "format": "Flac",
          "filename": "12 The Other One    (takes).flac"
        }
      ]
    },
    {
      "track": "13",
      "title": "The Other One",
      "duration": 309.46,
      "formats": [
        {
          "format": "Flac",
          "filename": "13 The Other One.flac"
        }
      ]
    },
    {
      "track": "14",
      "title": "The Other One",
      "duration": 205.23,
      "formats": [
        {
          "format": "Flac",
          "filename": "14 The Other One.flac"
        }
      ]
    },
    {
      "track": "15",
      "title": "The Other One",
      "duration": 174.65,
      "formats": [
        {
          "format": "Flac",
          "filename": "15 The Other One.flac"
        }
      ]
    },
    {
      "track": "16",
      "title": "The Other One",
      "duration": 327.47,
      "formats": [
        {
          "format": "Flac",
          "filename": "16 The Other One.flac"
        }
      ]
    },
    {
      "track": "17",
      "title": "The Other One",
      "duration": 343.9,
      "formats": [
        {
          "format": "Flac",
          "filename": "17 The Other One.flac"
        }
      ]
    },
    {
      "track": "18",
      "title": "New Potato Caboose (multiple takes)",
      "duration": 105.8,
      "formats": [
        {
          "format": "Flac",
          "filename": "18 The Other One.flac"
        }
      ]
    },
    {
      "track": "19",
      "title": "The Other One",
      "duration": 2367.89,
      "formats": [
        {
          "format": "Flac",
          "filename": "19 New Potato Caboose    (multiple takes).flac"
        }
      ]
    },
    {
      "track": "20",
      "title": "The Other One",
      "duration": 161.16,
      "formats": [
        {
          "format": "Flac",
          "filename": "20 The Other One.flac"
        }
      ]
    },
    {
      "track": "21",
      "title": "The Other One > New Potato Caboose",
      "duration": 117.54,
      "formats": [
        {
          "format": "Flac",
          "filename": "21 The Other One.flac"
        }
      ]
    }
  ]
}