{
  "rating": 1.575,
  "review_count": 2,
  "source_type": "UNKNOWN",
  "confidence": 0.4,
  "date": "1969-04-17",
  "venue": "Washington University",
  "location": "St. Louis, MO",
  "raw_rating": 4.5,
  "high_ratings": 2,
  "low_ratings": 0,
  "tracks": [
    {
      "track": "01",
      "title": "Introduction",
      "duration": 81.52,
      "formats": [
        {
          "format": "Flac",
          "filename": "01 Introduction.flac"
        }
      ]
    },
    {
      "track": "02",
      "title": "Hard To Handle",
      "duration": 374.77,
      "formats": [
        {
          "format": "Flac",
          "filename": "02 Hard To Handle.flac"
        }
      ]
    },
    {
      "track": "03",
      "title": "Morning Dew",
      "duration": 621.75,
      "formats": [
        {
          "format": "Flac",
          "filename": "03 Morning Dew.flac"
        }
      ]
    },
    {
      "track": "04",
      "title": "Good Morning Little Schoolgirl",
      "duration": 575.79,
      "formats": [
        {
          "format": "Flac",
          "filename": "04 Good Morning Little Schoolgirl.flac"
        }
      ]
    },
    {
      "track": "05",
      "title": "Dark Star >",
      "duration": 1294.13,
      "formats": [
        {
          "format": "Flac",
          "filename": "05 Dark Star.flac"
        }
      ]
    },
    {
      "track": "06",
      "title": "St. Stephen >",
      "duration": 154.71,
      "formats": [
        {
          "format": "Flac",
          "filename": "06 Saint Stephen.flac"
        }
      ]
    },
    {
      "track": "07",
      "title": "I Know It's a Sin >",
      "duration": 222.65,
      "formats": [
        {
          "format": "Flac",
          "filename": "07 I Know It's A Sin.flac"
        }
      ]
    },
    {
      "track": "08",
      "title": "St. Stephen >",
      "duration": 183.8,
      "formats": [
        {
          "format": "Flac",
          "filename": "08 Saint Stephen.flac"
        }
      ]
    },
    {
      "track": "09",
      "title": "Turn On Your Love Light",
      "duration": 1153.92,
      "formats": [
        {
          "format": "Flac",
          "filename": "09 Turn On Your Lovelight.flac"
        }
      ]
    },
    {
      "track": "10",
      "title": "Tuning",
      "duration": 91.92,
      "formats": [
        {
          "format": "Flac",
          "filename": "10 Tuning.flac"
        }
      ]
    },
    {
      "track": "11",
      "title": "That's It For The Other One >",
      "duration": 1287.12,
      "formats": [
        {
          "format": "Flac",
          "filename": "11 That's It For The Other One.flac"
        }
      ]
    },
    {
      "track": "12",
      "title": "Caution (Do Not Stop On Tracks)",
      "duration": 145.51,
      "formats": [
        {
          "format": "Flac",
          "filename": "12 Caution (Do Not Stop On Tracks).flac"
        }
      ]
    }
  ]
}