{
  "rating": 0.0,
  "review_count": 0,
  "source_type": "UNKNOWN",
  "confidence": 0.0,
  "date": "1969-06-21",
  "venue": "Fillmore East",
  "location": "New York City, NY",
  "raw_rating": 0.0,
  "high_ratings": 0,
  "low_ratings": 0,
  "tracks": [
    {
      "track": "01",
      "title": "Green, Green Grass Of Home",
      "duration": 324.2,
      "formats": [
        {
          "format": "VBR MP3",
          "filename": "gd69-06-21ad1t01.mp3",
          "bitrate": "173"
        },
        {
          "format": "Shorten",
          "filename": "gd69-06-21ad1t01.shn"
        }
      ]
    },
    {
      "track": "02",
      "title": "Me & My Uncle",
      "duration": 194.7,
      "formats": [
        {
          "format": "VBR MP3",
          "filename": "gd69-06-21ad1t02.mp3",
          "bitrate": "176"
        },
        {
          "format": "Shorten",
          "filename": "gd69-06-21ad1t02.shn"
        }
      ]
    },
    {
      "track": "03",
      "title": "High Time //",
      "duration": 307.6,
      "formats": [
        {
          "format": "VBR MP3",
          "filename": "gd69-06-21ad1t03.mp3",
          "bitrate": "174"
        },
        {
          "format": "Shorten",
          "filename": "gd69-06-21ad1t03.shn"
        }
      ]
    },
    {
      "track": "04",
      "title": "China Cat Sunflower ->",
      "duration": 277.1,
      "formats": [
        {
          "format": "VBR MP3",
          "filename": "gd69-06-21ad1t04.mp3",
          "bitrate": "180"
        },
        {
          "format": "Shorten",
          "filename": "gd69-06-21ad1t04.shn"
        }
      ]
    },
    {
      "track": "05",
      "title": "Morning Dew",
      "duration": 588.4,
      "formats": [
        {
          "format": "VBR MP3",
          "filename": "gd69-06-21ad1t05.mp3",
          "bitrate": "178"
        },
        {
          "format": "Shorten",
          "filename": "gd69-06-21ad1t05.shn"
        }
      ]
    },
    {
      "track": "06",
      "title": "Alligator->",
      "duration": 227.0,
      "formats": [
        {
          "format": "VBR MP3",
          "filename": "gd69-06-21ad1t06.mp3",
          "bitrate": "180"
        },
        {
          "format": "Shorten",
          "filename": "gd69-06-21ad1t06.shn"
        }
      ]
    },
    {
      "track": "07",
      "title": "Drums%->",
      "duration": 159.4,
      "formats": [
        {
          "format": "VBR MP3",
          "filename": "gd69-06-21ad1t07.mp3",
          "bitrate": "177"
        },
        {
          "format": "Shorten",
          "filename": "gd69-06-21ad1t07.shn"
        }
      ]
    },
    {
      "track": "08",
      "title": "Jam ->",
      "duration": 127.5,
      "formats": [
        {
          "format": "VBR MP3",
          "filename": "gd69-06-21ad1t08.mp3",
          "bitrate": "178"
        },
        {
          "format": "Shorten",
          "filename": "gd69-06-21ad1t08.shn"
        }
      ]
    },
    {
      "track": "09",
      "title": "The Other One ->",
      "duration": 469.3,
      "formats": [
        {
          "format": "VBR MP3",
          "filename": "gd69-06-21ad1t09.mp3",
          "bitrate": "176"
        },
        {
          "format": "Shorten",
          "filename": "gd69-06-21ad1t09.shn"
        }
      ]
    },
    {
      "track": "10",
      "title": "Cryptical Envelopment%-->",
      "duration": 92.1,
      "formats": [
        {
          "format": "VBR MP3",
          "filename": "gd69-06-21ad1t10.mp3",
          "bitrate": "172"
        },
        {
          "format": "Shorten",
          "filename": "gd69-06-21ad1t10.shn"
        }
      ]
    },
    {
      "track": "11",
      "title": "Ol' Slewfoot",
      "duration": 262.6,
      "formats": [
        {
          "format": "VBR MP3",
          "filename": "gd69-06-21ad1t11.mp3",
          "bitrate": "177"
        },
        {
          "format": "Shorten",
          "filename": "gd69-06-21ad1t11.shn"
        }
      ]
    },
    {
      "track": "12",
      "title": "Cosmic Charlie",
      "duration": 387.2,
      "formats": [
        {
          "format": "VBR MP3",
          "filename": "gd69-06-21ad1t12.mp3",
          "bitrate": "178"
        },
        {
          "format": "Shorten",
          "filename": "gd69-06-21ad1t12.shn"
        }
      ]
    }
  ]
}