{
  "rating": 1.75,
  "review_count": 2,
  "source_type": "UNKNOWN",
  "confidence": 0.4,
  "date": "1969-05-03",
  "venue": "Winterland Arena",
  "location": "San Francisco, CA",
  "raw_rating": 5.0,
  "high_ratings": 2,
  "low_ratings": 0,
  "tracks": [
    {
      "track": "01",
      "title": "Bill Graham introduction",
      "duration": 101.72,
      "formats": [
        {
          "format": "Flac",
          "filename": "gd69-05-03.PA.dusborne.droncitt01.flac"
        },
        {
          "format": "VBR MP3",
          "filename": "gd69-05-03.PA.dusborne.droncitt01.mp3",
          "bitrate": "189"
        }
      ]
    },
    {
      "track": "02",
      "title": "He Was a Friend of Mine",
      "duration": 549.71,
      "formats": [
        {
          "format": "Flac",
          "filename": "gd69-05-03.PA.dusborne.droncitt02.flac"
        },
        {
          "format": "VBR MP3",
          "filename": "gd69-05-03.PA.dusborne.droncitt02.mp3",
          "bitrate": "185"
        }
      ]
    },
    {
      "track": "03",
      "title": "Cryptical Envelopment ->",
      "duration": 121.28,
      "formats": [
        {
          "format": "Flac",
          "filename": "gd69-05-03.PA.dusborne.droncitt03.flac"
        },
        {
          "format": "VBR MP3",
          "filename": "gd69-05-03.PA.dusborne.droncitt03.mp3",
          "bitrate": "185"
        }
      ]
    },
    {
      "track": "04",
      "title": "Drums ->",
      "duration": 35.4,
      "formats": [
        {
          "format": "Flac",
          "filename": "gd69-05-03.PA.dusborne.droncitt04.flac"
        },
        {
          "format": "VBR MP3",
          "filename": "gd69-05-03.PA.dusborne.droncitt04.mp3",
          "bitrate": "183"
        }
      ]
    },
    {
      "track": "05",
      "title": "The Other One ->",
      "duration": 705.79,
      "formats": [
        {
          "format": "Flac",
          "filename": "gd69-05-03.PA.dusborne.droncitt05.flac"
        },
        {
          "format": "VBR MP3",
          "filename": "gd69-05-03.PA.dusborne.droncitt05.mp3",
          "bitrate": "193"
        }
      ]
    },
    {
      "track": "06",
      "title": "Cryptical reprise",
      "duration": 440.19,
      "formats": [
        {
          "format": "Flac",
          "filename": "gd69-05-03.PA.dusborne.droncitt06.flac"
        },
        {
          "format": "VBR MP3",
          "filename": "gd69-05-03.PA.dusborne.droncitt06.mp3",
          "bitrate": "188"
        }
      ]
    },
    {
      "track": "07",
      "title": "Doin That Rag",
      "duration": 452.8,
      "formats": [
        {
          "format": "Flac",
          "filename": "gd69-05-03.PA.dusborne.droncitt07.flac"
        },
        {
          "format": "VBR MP3",
          "filename": "gd69-05-03.PA.dusborne.droncitt07.mp3",
          "bitrate": "188"
        }
      ]
    },
    {
      "track": "08",
      "title": "Me & My Uncle",
      "duration": 206.35,
      "formats": [
        {
          "format": "Flac",
          "filename": "gd69-05-03.PA.dusborne.droncitt08.flac"
        },
        {
          "format": "VBR MP3",
          "filename": "gd69-05-03.PA.dusborne.droncitt08.mp3",
          "bitrate": "191"
        }
      ]
    }
  ]
}