{
  "rating": 1.2,
  "review_count": 1,
  "source_type": "UNKNOWN",
  "confidence": 0.2,
  "date": "1966-03-10",
  "venue": "Unknown",
  "location": "Los Angeles, CA",
  "raw_rating": 4.0,
  "high_ratings": 1,
  "low_ratings": 0,
  "tracks": [
    {
      "track": "01",
      "title": "full song",
      "duration": 229.63,
      "formats": [
        {
          "format": "Flac",
          "filename": "gd1966-03-10t01.flac"
        },
        {
          "format": "VBR MP3",
          "filename": "gd1966-03-10t01.mp3",
          "bitrate": "204"
        }
      ]
    },
    {
      "track": "02",
      "title": "partial x 3",
      "duration": 251.31,
      "formats": [
        {
          "format": "Flac",
          "filename": "gd1966-03-10t02.flac"
        },
        {
          "format": "VBR MP3",
          "filename": "gd1966-03-10t02.mp3",
          "bitrate": "192"
        }
      ]
    },
    {
      "track": "03",
      "title": "full song",
      "duration": 266.65,
      "formats": [
        {
          "format": "Flac",
          "filename": "gd1966-03-10t03.flac"
        },
        {
          "format": "VBR MP3",
          "filename": "gd1966-03-10t03.mp3",
          "bitrate": "203"
        }
      ]
    },
    {
      "track": "04",
      "title": "talking (very low volume) *",
      "duration": 111.21,
      "formats": [
        {
          "format": "Flac",
          "filename": "gd1966-03-10t04.flac"
        },
        {
          "format": "VBR MP3",
          "filename": "gd1966-03-10t04.mp3",
          "bitrate": "173"
        }
      ]
    }
  ]
}