{
  "rating": 2.1666666666666665,
  "review_count": 6,
  "source_type": "UNKNOWN",
  "confidence": 1.0,
  "date": "1966-09-16",
  "venue": "Avalon Ballroom",
  "location": "San Francisco, CA",
  "raw_rating": 4.333333333333333,
  "high_ratings": 5,
  "low_ratings": 0,
  "tracks": [
    {
      "track": "01",
      "title": "I Know You Rider",
      "duration": 262.08,
      "formats": [
        {
          "format": "Flac",
          "filename": "gd66-09-16t01.flac"
        },
        {
          "format": "VBR MP3",
          "filename": "gd66-09-16t01.mp3",
          "bitrate": "190"
        }
      ]
    },
    {
      "track": "02",
      "title": "It Hurts Me Too",
      "duration": 260.1,
      "formats": [
        {
          "format": "Flac",
          "filename": "gd66-09-16t02.flac"
        },
        {
          "format": "VBR MP3",
          "filename": "gd66-09-16t02.mp3",
          "bitrate": "188"
        }
      ]
    },
    {
      "track": "03",
      "title": "It's All Over Now, Baby Blue",
      "duration": 297.49,
      "formats": [
        {
          "format": "Flac",
          "filename": "gd66-09-16t03.flac"
        },
        {
          "format": "VBR MP3",
          "filename": "gd66-09-16t03.mp3",
          "bitrate": "186"
        }
      ]
    },
    {
      "track": "04",
      "title": "Dancing in the Streets",
      "duration": 413.42,
      "formats": [
        {
          "format": "Flac",
          "filename": "gd66-09-16t04.flac"
        },
        {
          "format": "VBR MP3",
          "filename": "gd66-09-16t04.mp3",
          "bitrate": "189"
        }
      ]
    },
    {
      "track": "05",
      "title": "Midnight Hour",
      "duration": 1100.92,
      "formats": [
        {
          "format": "Flac",
          "filename": "gd66-09-16t05.flac"
        },
        {
          "format": "VBR MP3",
          "filename": "gd66-09-16t05.mp3",
          "bitrate": "189"
        }
      ]
    },
    {
      "track": "06",
      "title": "Good Morning Little Schoolgirl",
      "duration": 665.07,
      "formats": [
        {
          "format": "Flac",
          "filename": "gd66-09-16t06.flac"
        },
        {
          "format": "VBR MP3",
          "filename": "gd66-09-16t06.mp3",
          "bitrate": "189"
        }
      ]
    },
    {
      "track": "07",
      "title": "Lindy",
      "duration": 173.76,
      "formats": [
        {
          "format": "Flac",
          "filename": "gd66-09-16t07.flac"
        },
        {
          "format": "VBR MP3",
          "filename": "gd66-09-16t07.mp3",
          "bitrate": "194"
        }
      ]
    },
    {
      "track": "08",
      "title": "Stealin'",
      "duration": 182.78,
      "formats": [
        {
          "format": "Flac",
          "filename": "gd66-09-16t08.flac"
        },
        {
          "format": "VBR MP3",
          "filename": "gd66-09-16t08.mp3",
          "bitrate": "189"
        }
      ]
    },
    {
      "track": "09",
      "title": "The Same Thing",
      "duration": 719.71,
      "formats": [
        {
          "format": "Flac",
          "filename": "gd66-09-16t09.flac"
        },
        {
          "format": "VBR MP3",
          "filename": "gd66-09-16t09.mp3",
          "bitrate": "188"
        }
      ]
    }
  ]
}