{
  "rating": 2.3,
  "review_count": 5,
  "source_type": "UNKNOWN",
  "confidence": 1.0,
  "date": "1969-06-08",
  "venue": "Fillmore West",
  "location": "San Francisco, CA",
  "raw_rating": 4.6,
  "high_ratings": 5,
  "low_ratings": 0,
  "tracks": [
    {
      "track": "01",
      "title": "Dancin' In The Streets",
      "duration": 478.26,
      "formats": [
        {
          "format": "VBR MP3",
          "filename": "gd69-06-08d1t01.mp3",
          "bitrate": "186"
        },
        {
          "format": "Shorten",
          "filename": "gd69-06-08d1t01.shn"
        }
      ]
    },
    {
      "track": "02",
      "title": "He Was A Friend Of Mine ->",
      "duration": 397.31,
      "formats": [
        {
          "format": "VBR MP3",
          "filename": "gd69-06-08d1t02.mp3",
          "bitrate": "183"
        },
        {
          "format": "Shorten",
          "filename": "gd69-06-08d1t02.shn"
        }
      ]
    },
    {
      "track": "03",
      "title": "China Cat Sunflower ->",
      "duration": 160.29,
      "formats": [
        {
          "format": "VBR MP3",
          "filename": "gd69-06-08d1t03.mp3",
          "bitrate": "187"
        },
        {
          "format": "Shorten",
          "filename": "gd69-06-08d1t03.shn"
        }
      ]
    },
    {
      "track": "04",
      "title": "New Potato Caboose",
      "duration": 494.54,
      "formats": [
        {
          "format": "VBR MP3",
          "filename": "gd69-06-08d1t04.mp3",
          "bitrate": "186"
        },
        {
          "format": "Shorten",
          "filename": "gd69-06-08d1t04.shn"
        }
      ]
    },
    {
      "track": "05",
      "title": "Me & My Uncle",
      "duration": 142.65,
      "formats": [
        {
          "format": "VBR MP3",
          "filename": "gd69-06-08d1t05.mp3",
          "bitrate": "184"
        },
        {
          "format": "Shorten",
          "filename": "gd69-06-08d1t05.shn"
        }
      ]
    },
    {
      "track": "06",
      "title": "Turn On Your Lovelight",
      "duration": 1313.39,
      "formats": [
        {
          "format": "VBR MP3",
          "filename": "gd69-06-08d2t01.mp3",
          "bitrate": "181"
        },
        {
          "format": "Shorten",
          "filename": "gd69-06-08d2t01.shn"
        }
      ]
    },
    {
      "track": "07",
      "title": "The Things I USed To Do",
      "duration": 266.35,
      "formats": [
        {
          "format": "VBR MP3",
          "filename": "gd69-06-08d2t02.mp3",
          "bitrate": "169"
        },
        {
          "format": "Shorten",
          "filename": "gd69-06-08d2t02.shn"
        }
      ]
    },
    {
      "track": "08",
      "title": "Who's Lovin' You Tonight",
      "duration": 190.61,
      "formats": [
        {
          "format": "VBR MP3",
          "filename": "gd69-06-08d2t03.mp3",
          "bitrate": "177"
        },
        {
          "format": "Shorten",
          "filename": "gd69-06-08d2t03.shn"
        }
      ]
    },
    {
      "track": "09",
      "title": "Cryptical Envelopment ->",
      "duration": 66.43,
      "formats": [
        {
          "format": "VBR MP3",
          "filename": "gd69-06-08d2t04.mp3",
          "bitrate": "174"
        },
        {
          "format": "Shorten",
          "filename": "gd69-06-08d2t04.shn"
        }
      ]
    },
    {
      "track": "10",
      "title": "Drums ->",
      "duration": 29.65,
      "formats": [
        {
          "format": "VBR MP3",
          "filename": "gd69-06-08d2t05.mp3",
          "bitrate": "179"
        },
        {
          "format": "Shorten",
          "filename": "gd69-06-08d2t05.shn"
        }
      ]
    },
    {
      "track": "11",
      "title": "The Other One ->",
      "duration": 393.27,
      "formats": [
        {
          "format": "VBR MP3",
          "filename": "gd69-06-08d2t06.mp3",
          "bitrate": "177"
        },
        {
          "format": "Shorten",
          "filename": "gd69-06-08d2t06.shn"
        }
      ]
    },
    {
      "track": "12",
      "title": "Cosmic Charlie",
      "duration": 260.39,
      "formats": [
        {
          "format": "VBR MP3",
          "filename": "gd69-06-08d2t07.mp3",
          "bitrate": "172"
        },
        {
          "format": "Shorten",
          "filename": "gd69-06-08d2t07.shn"
        }
      ]
    }
  ]
}