{
  "rating": 1.9125,
  "review_count": 4,
  "source_type": "UNKNOWN",
  "confidence": 0.8,
  "date": "1969-05-24",
  "venue": "Seminole Indian Village",
  "location": "West Hollywood, FL",
  "raw_rating": 4.25,
  "high_ratings": 3,
  "low_ratings": 0,
  "tracks": [
    {
      "track": "01",
      "title": "Turn On Your Lovelight",
      "duration": 1015.27,
      "formats": [
        {
          "format": "VBR MP3",
          "filename": "gd69-05-24d1t01.mp3",
          "bitrate": "184"
        },
        {
          "format": "Shorten",
          "filename": "gd69-05-24d1t01.shn"
        }
      ]
    },
    {
      "track": "02",
      "title": "Doin' That Rag",
      "duration": 237.5,
      "formats": [
        {
          "format": "VBR MP3",
          "filename": "gd69-05-24d1t02.mp3",
          "bitrate": "181"
        },
        {
          "format": "Shorten",
          "filename": "gd69-05-24d1t02.shn"
        }
      ]
    },
    {
      "track": "03",
      "title": "He Was A Friend Of Mine >",
      "duration": 271.06,
      "formats": [
        {
          "format": "VBR MP3",
          "filename": "gd69-05-24d1t03.mp3",
          "bitrate": "183"
        },
        {
          "format": "Shorten",
          "filename": "gd69-05-24d1t03.shn"
        }
      ]
    },
    {
      "track": "04",
      "title": "China Cat Sunflower >",
      "duration": 174.1,
      "formats": [
        {
          "format": "VBR MP3",
          "filename": "gd69-05-24d1t04.mp3",
          "bitrate": "185"
        },
        {
          "format": "Shorten",
          "filename": "gd69-05-24d1t04.shn"
        }
      ]
    },
    {
      "track": "05",
      "title": "The Eleven >",
      "duration": 337.8,
      "formats": [
        {
          "format": "VBR MP3",
          "filename": "gd69-05-24d1t05.mp3",
          "bitrate": "184"
        },
        {
          "format": "Shorten",
          "filename": "gd69-05-24d1t05.shn"
        }
      ]
    },
    {
      "track": "06",
      "title": "Death Don't Have No Mercy",
      "duration": 224.2,
      "formats": [
        {
          "format": "VBR MP3",
          "filename": "gd69-05-24d1t06.mp3",
          "bitrate": "181"
        },
        {
          "format": "Shorten",
          "filename": "gd69-05-24d1t06.shn"
        }
      ]
    },
    {
      "track": "07",
      "title": "Yellow Dog Story",
      "duration": 87.95,
      "formats": [
        {
          "format": "VBR MP3",
          "filename": "gd69-05-24d1t07.mp3",
          "bitrate": "179"
        },
        {
          "format": "Shorten",
          "filename": "gd69-05-24d1t07.shn"
        }
      ]
    },
    {
      "track": "08",
      "title": "Alligator >",
      "duration": 145.13,
      "formats": [
        {
          "format": "VBR MP3",
          "filename": "gd69-05-24d2t01.mp3",
          "bitrate": "187"
        },
        {
          "format": "Shorten",
          "filename": "gd69-05-24d2t01.shn"
        }
      ]
    },
    {
      "track": "09",
      "title": "Drums >",
      "duration": 236.61,
      "formats": [
        {
          "format": "VBR MP3",
          "filename": "gd69-05-24d2t02.mp3",
          "bitrate": "192"
        },
        {
          "format": "Shorten",
          "filename": "gd69-05-24d2t02.shn"
        }
      ]
    },
    {
      "track": "10",
      "title": "St. Stephen >",
      "duration": 222.69,
      "formats": [
        {
          "format": "VBR MP3",
          "filename": "gd69-05-24d2t03.mp3",
          "bitrate": "184"
        },
        {
          "format": "Shorten",
          "filename": "gd69-05-24d2t03.shn"
        }
      ]
    },
    {
      "track": "11",
      "title": "Feedback // >",
      "duration": 124.91,
      "formats": [
        {
          "format": "VBR MP3",
          "filename": "gd69-05-24d2t04.mp3",
          "bitrate": "181"
        },
        {
          "format": "Shorten",
          "filename": "gd69-05-24d2t04.shn"
        }
      ]
    },
    {
      "track": "12",
      "title": "We Bid You Goodnight",
      "duration": 99.02,
      "formats": [
        {
          "format": "VBR MP3",
          "filename": "gd69-05-24d2t05.mp3",
          "bitrate": "178"
        },
        {
          "format": "Shorten",
          "filename": "gd69-05-24d2t05.shn"
        }
      ]
    }
  ]
}