{
  "rating": 1.7333333333333334,
  "review_count": 3,
  "source_type": "UNKNOWN",
  "confidence": 0.6,
  "date": "1969-07-03",
  "venue": "Reed's Ranch",
  "location": "Colorado Springs, CO",
  "raw_rating": 4.333333333333333,
  "high_ratings": 2,
  "low_ratings": 0,
  "tracks": [
    {
      "track": "01",
      "title": "Green Green Grass Of Home >",
      "duration": 312.44,
      "formats": [
        {
          "format": "Flac",
          "filename": "gd69-07-03d1t01.flac"
        },
        {
          "format": "VBR MP3",
          "filename": "gd69-07-03d1t01.mp3",
          "bitrate": "177"
        }
      ]
    },
    {
      "track": "02",
      "title": "Ol' Slewfoot",
      "duration": 195.81,
      "formats": [
        {
          "format": "Flac",
          "filename": "gd69-07-03d1t02.flac"
        },
        {
          "format": "VBR MP3",
          "filename": "gd69-07-03d1t02.mp3",
          "bitrate": "179"
        }
      ]
    },
    {
      "track": "03",
      "title": "Sittin' On Top Of The World",
      "duration": 221.72,
      "formats": [
        {
          "format": "Flac",
          "filename": "gd69-07-03d1t03.flac"
        },
        {
          "format": "VBR MP3",
          "filename": "gd69-07-03d1t03.mp3",
          "bitrate": "182"
        }
      ]
    },
    {
      "track": "04",
      "title": "Morning Dew",
      "duration": 620.01,
      "formats": [
        {
          "format": "Flac",
          "filename": "gd69-07-03d1t04.flac"
        },
        {
          "format": "VBR MP3",
          "filename": "gd69-07-03d1t04.mp3",
          "bitrate": "180"
        }
      ]
    },
    {
      "track": "05",
      "title": "High Time",
      "duration": 416.09,
      "formats": [
        {
          "format": "Flac",
          "filename": "gd69-07-03d1t05.flac"
        },
        {
          "format": "VBR MP3",
          "filename": "gd69-07-03d1t05.mp3",
          "bitrate": "178"
        }
      ]
    },
    {
      "track": "06",
      "title": "Me And My Uncle",
      "duration": 217.6,
      "formats": [
        {
          "format": "Flac",
          "filename": "gd69-07-03d1t06.flac"
        },
        {
          "format": "VBR MP3",
          "filename": "gd69-07-03d1t06.mp3",
          "bitrate": "177"
        }
      ]
    },
    {
      "track": "07",
      "title": "Casey Jones",
      "duration": 346.71,
      "formats": [
        {
          "format": "Flac",
          "filename": "gd69-07-03d1t07.flac"
        },
        {
          "format": "VBR MP3",
          "filename": "gd69-07-03d1t07.mp3",
          "bitrate": "169"
        }
      ]
    },
    {
      "track": "08",
      "title": "Hard To Handle",
      "duration": 316.6,
      "formats": [
        {
          "format": "Flac",
          "filename": "gd69-07-03d1t08.flac"
        },
        {
          "format": "VBR MP3",
          "filename": "gd69-07-03d1t08.mp3",
          "bitrate": "181"
        }
      ]
    },
    {
      "track": "09",
      "title": "He Was A Friend Of Mine",
      "duration": 825.57,
      "formats": [
        {
          "format": "Flac",
          "filename": "gd69-07-03d1t09.flac"
        },
        {
          "format": "VBR MP3",
          "filename": "gd69-07-03d1t09.mp3",
          "bitrate": "178"
        }
      ]
    },
    {
      "track": "10",
      "title": "Turn On Your Lovelight",
      "duration": 1639.56,
      "formats": [
        {
          "format": "Flac",
          "filename": "gd69-07-03d2t01.flac"
        },
        {
          "format": "VBR MP3",
          "filename": "gd69-07-03d2t01.mp3",
          "bitrate": "180"
        }
      ]
    }
  ]
}