{
  "rating": 1.5,
  "review_count": 1,
  "source_type": "UNKNOWN",
  "confidence": 0.2,
  "date": "1969-03-01",
  "venue": "Fillmore West",
  "location": "San Francisco, CA",
  "raw_rating": 5.0,
  "high_ratings": 1,
  "low_ratings": 0,
  "tracks": [
    {
      "track": "01",
      "title": "Cryptical Envelopment >",
      "duration": 31.38,
      "formats": [
        {
          "format": "VBR MP3",
          "filename": "gd69-03-01newd1t01.mp3",
          "bitrate": "179"
        },
        {
          "format": "Shorten",
          "filename": "gd69-03-01newd1t01.shn"
        }
      ]
    },
    {
      "track": "02",
      "title": "The Other One >",
      "duration": 80.0,
      "formats": [
        {
          "format": "VBR MP3",
          "filename": "gd69-03-01newd1t02.mp3",
          "bitrate": "180"
        },
        {
          "format": "Shorten",
          "filename": "gd69-03-01newd1t02.shn"
        }
      ]
    },
    {
      "track": "03",
      "title": "Cryptical Envelopement->",
      "duration": 456.39,
      "formats": [
        {
          "format": "VBR MP3",
          "filename": "gd69-03-01newd1t03.mp3",
          "bitrate": "194"
        },
        {
          "format": "Shorten",
          "filename": "gd69-03-01newd1t03.shn"
        }
      ]
    },
    {
      "track": "04",
      "title": "New Potato Caboose ->",
      "duration": 365.89,
      "formats": [
        {
          "format": "VBR MP3",
          "filename": "gd69-03-01newd1t04.mp3",
          "bitrate": "192"
        },
        {
          "format": "Shorten",
          "filename": "gd69-03-01newd1t04.shn"
        }
      ]
    },
    {
      "track": "05",
      "title": "Doin' That Rag ->",
      "duration": 484.77,
      "formats": [
        {
          "format": "VBR MP3",
          "filename": "gd69-03-01newd1t05.mp3",
          "bitrate": "188"
        },
        {
          "format": "Shorten",
          "filename": "gd69-03-01newd1t05.shn"
        }
      ]
    },
    {
      "track": "06",
      "title": "Cosmic Charlie",
      "duration": 244.48,
      "formats": [
        {
          "format": "VBR MP3",
          "filename": "gd69-03-01newd1t06.mp3",
          "bitrate": "186"
        },
        {
          "format": "Shorten",
          "filename": "gd69-03-01newd1t06.shn"
        }
      ]
    },
    {
      "track": "07",
      "title": "Dupree's Diamond Blues",
      "duration": 241.47,
      "formats": [
        {
          "format": "VBR MP3",
          "filename": "gd69-03-01newd1t07.mp3",
          "bitrate": "183"
        },
        {
          "format": "Shorten",
          "filename": "gd69-03-01newd1t07.shn"
        }
      ]
    },
    {
      "track": "08",
      "title": "Mountains Of the Moon",
      "duration": 191.44,
      "formats": [
        {
          "format": "VBR MP3",
          "filename": "gd69-03-01newd2t01.mp3",
          "bitrate": "181"
        },
        {
          "format": "Shorten",
          "filename": "gd69-03-01newd2t01.shn"
        }
      ]
    },
    {
      "track": "09",
      "title": "Dark Star->",
      "duration": 166.7,
      "formats": [
        {
          "format": "VBR MP3",
          "filename": "gd69-03-01newd2t02.mp3",
          "bitrate": "170"
        },
        {
          "format": "Shorten",
          "filename": "gd69-03-01newd2t02.shn"
        }
      ]
    },
    {
      "track": "10",
      "title": "St. Stephen ->",
      "duration": 875.13,
      "formats": [
        {
          "format": "VBR MP3",
          "filename": "gd69-03-01newd2t03.mp3",
          "bitrate": "190"
        },
        {
          "format": "Shorten",
          "filename": "gd69-03-01newd2t03.shn"
        }
      ]
    },
    {
      "track": "11",
      "title": "The Eleven->",
      "duration": 222.46,
      "formats": [
        {
          "format": "VBR MP3",
          "filename": "gd69-03-01newd2t04.mp3",
          "bitrate": "183"
        },
        {
          "format": "Shorten",
          "filename": "gd69-03-01newd2t04.shn"
        }
      ]
    },
    {
      "track": "12",
      "title": "Turn On Your Lovelight",
      "duration": 40.75,
      "formats": [
        {
          "format": "VBR MP3",
          "filename": "gd69-03-01newd2t05.mp3",
          "bitrate": "174"
        },
        {
          "format": "Shorten",
          "filename": "gd69-03-01newd2t05.shn"
        }
      ]
    },
    {
      "track": "13",
      "title": "Hey Jude",
      "duration": 294.31,
      "formats": [
        {
          "format": "VBR MP3",
          "filename": "gd69-03-01newd2t06.mp3",
          "bitrate": "195"
        },
        {
          "format": "Shorten",
          "filename": "gd69-03-01newd2t06.shn"
        }
      ]
    }
  ]
}