{
  "rating": 0.8999999999999999,
  "review_count": 1,
  "source_type": "UNKNOWN",
  "confidence": 0.2,
  "date": "1966-05-19",
  "venue": "Avalon Ballroom",
  "location": "San Francisco, CA",
  "raw_rating": 3.0,
  "high_ratings": 0,
  "low_ratings": 0,
  "tracks": [
    {
      "track": "01",
      "title": "Beat It On Down The Line",
      "duration": 154.31,
      "formats": [
        {
          "format": "Flac",
          "filename": "gd1966-05-19t01.flac"
        },
        {
          "format": "VBR MP3",
          "filename": "gd1966-05-19t01.mp3",
          "bitrate": "200"
        }
      ]
    },
    {
      "track": "02",
      "title": "Standing On The Corner",
      "duration": 225.73,
      "formats": [
        {
          "format": "Flac",
          "filename": "gd1966-05-19t02.flac"
        },
        {
          "format": "VBR MP3",
          "filename": "gd1966-05-19t02.mp3",
          "bitrate": "196"
        }
      ]
    },
    {
      "track": "03",
      "title": "Mindbender",
      "duration": 183.92,
      "formats": [
        {
          "format": "Flac",
          "filename": "gd1966-05-19t03.flac"
        },
        {
          "format": "VBR MP3",
          "filename": "gd1966-05-19t03.mp3",
          "bitrate": "201"
        }
      ]
    },
    {
      "track": "04",
      "title": "It Hurts Me Too",
      "duration": 246.92,
      "formats": [
        {
          "format": "Flac",
          "filename": "gd1966-05-19t04.flac"
        },
        {
          "format": "VBR MP3",
          "filename": "gd1966-05-19t04.mp3",
          "bitrate": "195"
        }
      ]
    },
    {
      "track": "05",
      "title": "Viola Lee Blues",
      "duration": 475.04,
      "formats": [
        {
          "format": "Flac",
          "filename": "gd1966-05-19t05.flac"
        },
        {
          "format": "VBR MP3",
          "filename": "gd1966-05-19t05.mp3",
          "bitrate": "194"
        }
      ]
    },
    {
      "track": "06",
      "title": "I Know You Rider",
      "duration": 172.19,
      "formats": [
        {
          "format": "Flac",
          "filename": "gd1966-05-19t06.flac"
        },
        {
          "format": "VBR MP3",
          "filename": "gd1966-05-19t06.mp3",
          "bitrate": "195"
        }
      ]
    },
    {
      "track": "07",
      "title": "It's A Sin",
      "duration": 197.59,
      "formats": [
        {
          "format": "Flac",
          "filename": "gd1966-05-19t07.flac"
        },
        {
          "format": "VBR MP3",
          "filename": "gd1966-05-19t07.mp3",
          "bitrate": "192"
        }
      ]
    },
    {
      "track": "08",
      "title": "Sick And Tired",
      "duration": 224.76,
      "formats": [
        {
          "format": "Flac",
          "filename": "gd1966-05-19t08.flac"
        },
        {
          "format": "VBR MP3",
          "filename": "gd1966-05-19t08.mp3",
          "bitrate": "193"
        }
      ]
    },
    {
      "track": "09",
      "title": "Cream Puff War//",
      "duration": 140.77,
      "formats": [
        {
          "format": "Flac",
          "filename": "gd1966-05-19t09.flac"
        },
        {
          "format": "VBR MP3",
          "filename": "gd1966-05-19t09.mp3",
          "bitrate": "197"
        }
      ]
    }
  ]
}