{
  "rating": 1.866666666666667,
  "review_count": 3,
  "source_type": "UNKNOWN",
  "confidence": 0.6,
  "date": "1969-03-01",
  "venue": "Fillmore West",
  "location": "San Francisco, CA",
  "raw_rating": 4.666666666666667,
  "high_ratings": 3,
  "low_ratings": 0,
  "tracks": [
    {
      "track": "01",
      "title": "Bill Graham Introduction",
      "duration": 11.69,
      "formats": [
        {
          "format": "Flac",
          "filename": "gd69-03-01.s1t01.flac"
        },
        {
          "format": "VBR MP3",
          "filename": "gd69-03-01.s1t01.mp3",
          "bitrate": "184"
        }
      ]
    },
    {
      "track": "02",
      "title": "Thats It for the Other One ->",
      "duration": 1267.38,
      "formats": [
        {
          "format": "Flac",
          "filename": "gd69-03-01.s1t02.flac"
        },
        {
          "format": "VBR MP3",
          "filename": "gd69-03-01.s1t02.mp3",
          "bitrate": "189"
        }
      ]
    },
    {
      "track": "03",
      "title": "New Potato Caboose ->",
      "duration": 708.71,
      "formats": [
        {
          "format": "Flac",
          "filename": "gd69-03-01.s1t03.flac"
        },
        {
          "format": "VBR MP3",
          "filename": "gd69-03-01.s1t03.mp3",
          "bitrate": "188"
        }
      ]
    },
    {
      "track": "04",
      "title": "Doin' That Rag ->",
      "duration": 364.49,
      "formats": [
        {
          "format": "Flac",
          "filename": "gd69-03-01.s1t04.flac"
        },
        {
          "format": "VBR MP3",
          "filename": "gd69-03-01.s1t04.mp3",
          "bitrate": "188"
        }
      ]
    },
    {
      "track": "05",
      "title": "Cosmic Charlie",
      "duration": 358.36,
      "formats": [
        {
          "format": "Flac",
          "filename": "gd69-03-01.s1t05.flac"
        },
        {
          "format": "VBR MP3",
          "filename": "gd69-03-01.s1t05.mp3",
          "bitrate": "184"
        }
      ]
    },
    {
      "track": "06",
      "title": "Bill Graham Introduction",
      "duration": 13.37,
      "formats": [
        {
          "format": "Flac",
          "filename": "gd69-03-01.s2t01.flac"
        },
        {
          "format": "VBR MP3",
          "filename": "gd69-03-01.s2t01.mp3",
          "bitrate": "175"
        }
      ]
    },
    {
      "track": "07",
      "title": "Dupree's Diamond Blues",
      "duration": 248.56,
      "formats": [
        {
          "format": "Flac",
          "filename": "gd69-03-01.s2t02.flac"
        },
        {
          "format": "VBR MP3",
          "filename": "gd69-03-01.s2t02.mp3",
          "bitrate": "187"
        }
      ]
    },
    {
      "track": "08",
      "title": "Mountains of the Moon",
      "duration": 306.24,
      "formats": [
        {
          "format": "Flac",
          "filename": "gd69-03-01.s2t03.flac"
        },
        {
          "format": "VBR MP3",
          "filename": "gd69-03-01.s2t03.mp3",
          "bitrate": "178"
        }
      ]
    },
    {
      "track": "09",
      "title": "Dark Star ->",
      "duration": 1377.58,
      "formats": [
        {
          "format": "Flac",
          "filename": "gd69-03-01.s2t04.flac"
        },
        {
          "format": "VBR MP3",
          "filename": "gd69-03-01.s2t04.mp3",
          "bitrate": "191"
        }
      ]
    },
    {
      "track": "10",
      "title": "Saint Stephen ->",
      "duration": 484.89,
      "formats": [
        {
          "format": "Flac",
          "filename": "gd69-03-01.s2t05.flac"
        },
        {
          "format": "VBR MP3",
          "filename": "gd69-03-01.s2t05.mp3",
          "bitrate": "188"
        }
      ]
    },
    {
      "track": "11",
      "title": "The Eleven ->",
      "duration": 346.24,
      "formats": [
        {
          "format": "Flac",
          "filename": "gd69-03-01.s2t06.flac"
        },
        {
          "format": "VBR MP3",
          "filename": "gd69-03-01.s2t06.mp3",
          "bitrate": "194"
        }
      ]
    },
    {
      "track": "12",
      "title": "Turn On Your Lovelight",
      "duration": 1104.93,
      "formats": [
        {
          "format": "Flac",
          "filename": "gd69-03-01.s2t07.flac"
        },
        {
          "format": "VBR MP3",
          "filename": "gd69-03-01.s2t07.mp3",
          "bitrate": "188"
        }
      ]
    },
    {
      "track": "13",
      "title": "encore break",
      "duration": 395.31,
      "formats": [
        {
          "format": "Flac",
          "filename": "gd69-03-01.s2t08.flac"
        },
        {
          "format": "VBR MP3",
          "filename": "gd69-03-01.s2t08.mp3",
          "bitrate": "177"
        }
      ]
    },
    {
      "track": "14",
      "title": "Hey Jude",
      "duration": 457.64,
      "formats": [
        {
          "format": "Flac",
          "filename": "gd69-03-01.s2t09.flac"
        },
        {
          "format": "VBR MP3",
          "filename": "gd69-03-01.s2t09.mp3",
          "bitrate": "187"
        }
      ]
    }
  ]
}