{
  "rating": 2.0,
  "review_count": 3,
  "source_type": "UNKNOWN",
  "confidence": 0.6,
  "date": "1968-02-14",
  "venue": "Carousel Ballroom",
  "location": "San Francisco, CA",
  "raw_rating": 5.0,
  "high_ratings": 3,
  "low_ratings": 0,
  "tracks": [
    {
      "track": "01",
      "title": "Dark Star >",
      "duration": 179.51,
      "formats": [
        {
          "format": "VBR MP3",
          "filename": "gd68-02-14d1t01.mp3",
          "bitrate": "181"
        },
        {
          "format": "Shorten",
          "filename": "gd68-02-14d1t01.shn"
        }
      ]
    },
    {
      "track": "02",
      "title": "China Cat Sunflower >",
      "duration": 145.79,
      "formats": [
        {
          "format": "VBR MP3",
          "filename": "gd68-02-14d1t02.mp3",
          "bitrate": "186"
        },
        {
          "format": "Shorten",
          "filename": "gd68-02-14d1t02.shn"
        }
      ]
    },
    {
      "track": "03",
      "title": "The Eleven >",
      "duration": 180.16,
      "formats": [
        {
          "format": "VBR MP3",
          "filename": "gd68-02-14d1t03.mp3",
          "bitrate": "179"
        },
        {
          "format": "Shorten",
          "filename": "gd68-02-14d1t03.shn"
        }
      ]
    },
    {
      "track": "04",
      "title": "Turn On Your Lovelight",
      "duration": 312.26,
      "formats": [
        {
          "format": "VBR MP3",
          "filename": "gd68-02-14d1t04.mp3",
          "bitrate": "178"
        },
        {
          "format": "Shorten",
          "filename": "gd68-02-14d1t04.shn"
        }
      ]
    },
    {
      "track": "05",
      "title": "banter",
      "duration": 22.54,
      "formats": [
        {
          "format": "VBR MP3",
          "filename": "gd68-02-14d1t05.mp3",
          "bitrate": "143"
        },
        {
          "format": "Shorten",
          "filename": "gd68-02-14d1t05.shn"
        }
      ]
    },
    {
      "track": "06",
      "title": "Cryptical Envelopment >",
      "duration": 59.12,
      "formats": [
        {
          "format": "VBR MP3",
          "filename": "gd68-02-14d1t06.mp3",
          "bitrate": "168"
        },
        {
          "format": "Shorten",
          "filename": "gd68-02-14d1t06.shn"
        }
      ]
    },
    {
      "track": "07",
      "title": "The Other One >",
      "duration": 112.89,
      "formats": [
        {
          "format": "VBR MP3",
          "filename": "gd68-02-14d1t07.mp3",
          "bitrate": "180"
        },
        {
          "format": "Shorten",
          "filename": "gd68-02-14d1t07.shn"
        }
      ]
    },
    {
      "track": "08",
      "title": "Cryptical Envelopment >",
      "duration": 133.07,
      "formats": [
        {
          "format": "VBR MP3",
          "filename": "gd68-02-14d1t08.mp3",
          "bitrate": "179"
        },
        {
          "format": "Shorten",
          "filename": "gd68-02-14d1t08.shn"
        }
      ]
    },
    {
      "track": "09",
      "title": "New Potato Caboose >",
      "duration": 309.27,
      "formats": [
        {
          "format": "VBR MP3",
          "filename": "gd68-02-14d1t09.mp3",
          "bitrate": "174"
        },
        {
          "format": "Shorten",
          "filename": "gd68-02-14d1t09.shn"
        }
      ]
    },
    {
      "track": "10",
      "title": "Born Cross-Eyed >",
      "duration": 85.55,
      "formats": [
        {
          "format": "VBR MP3",
          "filename": "gd68-02-14d1t10.mp3",
          "bitrate": "176"
        },
        {
          "format": "Shorten",
          "filename": "gd68-02-14d1t10.shn"
        }
      ]
    },
    {
      "track": "11",
      "title": "Spanish Jam",
      "duration": 370.14,
      "formats": [
        {
          "format": "VBR MP3",
          "filename": "gd68-02-14d1t11.mp3",
          "bitrate": "173"
        },
        {
          "format": "Shorten",
          "filename": "gd68-02-14d1t11.shn"
        }
      ]
    },
    {
      "track": "12",
      "title": "banter",
      "duration": 91.32,
      "formats": [
        {
          "format": "VBR MP3",
          "filename": "gd68-02-14d2t01.mp3",
          "bitrate": "190"
        },
        {
          "format": "Shorten",
          "filename": "gd68-02-14d2t01.shn"
        }
      ]
    },
    {
      "track": "13",
      "title": "Alligator > Drums > Jam >",
      "duration": 476.41,
      "formats": [
        {
          "format": "VBR MP3",
          "filename": "gd68-02-14d2t02.mp3",
          "bitrate": "191"
        },
        {
          "format": "Shorten",
          "filename": "gd68-02-14d2t02.shn"
        }
      ]
    },
    {
      "track": "14",
      "title": "Caution (Do Not Step On The Tracks) >",
      "duration": 314.49,
      "formats": [
        {
          "format": "VBR MP3",
          "filename": "gd68-02-14d2t03.mp3",
          "bitrate": "183"
        },
        {
          "format": "Shorten",
          "filename": "gd68-02-14d2t03.shn"
        }
      ]
    },
    {
      "track": "15",
      "title": "Feedback",
      "duration": 201.28,
      "formats": [
        {
          "format": "VBR MP3",
          "filename": "gd68-02-14d2t04.mp3",
          "bitrate": "181"
        },
        {
          "format": "Shorten",
          "filename": "gd68-02-14d2t04.shn"
        }
      ]
    },
    {
      "track": "16",
      "title": "tuning",
      "duration": 154.45,
      "formats": [
        {
          "format": "VBR MP3",
          "filename": "gd68-02-14d2t05.mp3",
          "bitrate": "178"
        },
        {
          "format": "Shorten",
          "filename": "gd68-02-14d2t05.shn"
        }
      ]
    },
    {
      "track": "17",
      "title": "Midnight Hour",
      "duration": 323.61,
      "formats": [
        {
          "format": "VBR MP3",
          "filename": "gd68-02-14d2t06.mp3",
          "bitrate": "181"
        },
        {
          "format": "Shorten",
          "filename": "gd68-02-14d2t06.shn"
        }
      ]
    },
    {
      "track": "18",
      "title": "announcements",
      "duration": 49.0,
      "formats": [
        {
          "format": "VBR MP3",
          "filename": "gd68-02-14d2t07.mp3",
          "bitrate": "189"
        },
        {
          "format": "Shorten",
          "filename": "gd68-02-14d2t07.shn"
        }
      ]
    }
  ]
}