{
  "rating": 2.5,
  "review_count": 5,
  "source_type": "UNKNOWN",
  "confidence": 1.0,
  "date": "1969-02-12",
  "venue": "Fillmore East",
  "location": "New York, NY",
  "raw_rating": 5.0,
  "high_ratings": 5,
  "low_ratings": 0,
  "tracks": [
    {
      "track": "01",
      "title": "Dark Star-->",
      "duration": 169.02,
      "formats": [
        {
          "format": "VBR MP3",
          "filename": "gd69-02-12d1t01.mp3",
          "bitrate": "176"
        },
        {
          "format": "Shorten",
          "filename": "gd69-02-12d1t01.shn"
        }
      ]
    },
    {
      "track": "02",
      "title": "St. Stephen-->",
      "duration": 241.28,
      "formats": [
        {
          "format": "VBR MP3",
          "filename": "gd69-02-12d1t02.mp3",
          "bitrate": "177"
        },
        {
          "format": "Shorten",
          "filename": "gd69-02-12d1t02.shn"
        }
      ]
    },
    {
      "track": "03",
      "title": "The Eleven-->",
      "duration": 523.04,
      "formats": [
        {
          "format": "VBR MP3",
          "filename": "gd69-02-12d1t03.mp3",
          "bitrate": "178"
        },
        {
          "format": "Shorten",
          "filename": "gd69-02-12d1t03.shn"
        }
      ]
    },
    {
      "track": "04",
      "title": "Death Don't Have No Mercy",
      "duration": 271.58,
      "formats": [
        {
          "format": "VBR MP3",
          "filename": "gd69-02-12d1t04.mp3",
          "bitrate": "177"
        },
        {
          "format": "Shorten",
          "filename": "gd69-02-12d1t04.shn"
        }
      ]
    },
    {
      "track": "05",
      "title": "Alligator-->",
      "duration": 139.78,
      "formats": [
        {
          "format": "VBR MP3",
          "filename": "gd69-02-12d1t05.mp3",
          "bitrate": "179"
        },
        {
          "format": "Shorten",
          "filename": "gd69-02-12d1t05.shn"
        }
      ]
    },
    {
      "track": "06",
      "title": "Drums-->",
      "duration": 155.83,
      "formats": [
        {
          "format": "VBR MP3",
          "filename": "gd69-02-12d1t06.mp3",
          "bitrate": "184"
        },
        {
          "format": "Shorten",
          "filename": "gd69-02-12d1t06.shn"
        }
      ]
    },
    {
      "track": "07",
      "title": "Caution-->",
      "duration": 160.42,
      "formats": [
        {
          "format": "VBR MP3",
          "filename": "gd69-02-12d1t07.mp3",
          "bitrate": "181"
        },
        {
          "format": "Shorten",
          "filename": "gd69-02-12d1t07.shn"
        }
      ]
    },
    {
      "track": "08",
      "title": "Feedback-->",
      "duration": 157.93,
      "formats": [
        {
          "format": "VBR MP3",
          "filename": "gd69-02-12d1t08.mp3",
          "bitrate": "175"
        },
        {
          "format": "Shorten",
          "filename": "gd69-02-12d1t08.shn"
        }
      ]
    },
    {
      "track": "09",
      "title": "We Bid You Goodnight",
      "duration": 144.77,
      "formats": [
        {
          "format": "VBR MP3",
          "filename": "gd69-02-12d1t09.mp3",
          "bitrate": "173"
        },
        {
          "format": "Shorten",
          "filename": "gd69-02-12d1t09.shn"
        }
      ]
    }
  ]
}