{
  "rating": 2.357142857142857,
  "review_count": 7,
  "source_type": "UNKNOWN",
  "confidence": 1.0,
  "date": "1969-03-02",
  "venue": "Fillmore West",
  "location": "San Francisco, CA",
  "raw_rating": 4.714285714285714,
  "high_ratings": 6,
  "low_ratings": 0,
  "tracks": [
    {
      "track": "01",
      "title": "Dark Star",
      "duration": 1231.13,
      "formats": [
        {
          "format": "Flac",
          "filename": "t01.flac"
        },
        {
          "format": "VBR MP3",
          "filename": "t01.mp3",
          "bitrate": "189"
        }
      ]
    },
    {
      "track": "02",
      "title": "Saint Stephen",
      "duration": 336.67,
      "formats": [
        {
          "format": "Flac",
          "filename": "t02.flac"
        },
        {
          "format": "VBR MP3",
          "filename": "t02.mp3",
          "bitrate": "187"
        }
      ]
    },
    {
      "track": "03",
      "title": "The Eleven",
      "duration": 927.2,
      "formats": [
        {
          "format": "Flac",
          "filename": "t03.flac"
        },
        {
          "format": "VBR MP3",
          "filename": "t03.mp3",
          "bitrate": "193"
        }
      ]
    },
    {
      "track": "04",
      "title": "Turn On Your Love light",
      "duration": 965.78,
      "formats": [
        {
          "format": "Flac",
          "filename": "t04.flac"
        },
        {
          "format": "VBR MP3",
          "filename": "t04.mp3",
          "bitrate": "192"
        }
      ]
    },
    {
      "track": "05",
      "title": "Stage Banter-Intro",
      "duration": 25.0,
      "formats": [
        {
          "format": "Flac",
          "filename": "t05.flac"
        },
        {
          "format": "VBR MP3",
          "filename": "t05.mp3",
          "bitrate": "181"
        }
      ]
    },
    {
      "track": "06",
      "title": "Doin That Rag",
      "duration": 395.7,
      "formats": [
        {
          "format": "Flac",
          "filename": "t06.flac"
        },
        {
          "format": "VBR MP3",
          "filename": "t06.mp3",
          "bitrate": "190"
        }
      ]
    },
    {
      "track": "07",
      "title": "Cryptical Suite",
      "duration": 1361.3,
      "formats": [
        {
          "format": "Flac",
          "filename": "t07.flac"
        },
        {
          "format": "VBR MP3",
          "filename": "t07.mp3",
          "bitrate": "194"
        }
      ]
    },
    {
      "track": "08",
      "title": "Death Don't Have No Mercy",
      "duration": 699.0,
      "formats": [
        {
          "format": "Flac",
          "filename": "t08.flac"
        },
        {
          "format": "VBR MP3",
          "filename": "t08.mp3",
          "bitrate": "184"
        }
      ]
    },
    {
      "track": "09",
      "title": "Morning Dew",
      "duration": 661.82,
      "formats": [
        {
          "format": "Flac",
          "filename": "t09.flac"
        },
        {
          "format": "VBR MP3",
          "filename": "t09.mp3",
          "bitrate": "187"
        }
      ]
    },
    {
      "track": "10",
      "title": "Alligator",
      "duration": 248.88,
      "formats": [
        {
          "format": "Flac",
          "filename": "t10.flac"
        },
        {
          "format": "VBR MP3",
          "filename": "t10.mp3",
          "bitrate": "193"
        }
      ]
    },
    {
      "track": "11",
      "title": "Drums",
      "duration": 389.29,
      "formats": [
        {
          "format": "Flac",
          "filename": "t11.flac"
        },
        {
          "format": "VBR MP3",
          "filename": "t11.mp3",
          "bitrate": "198"
        }
      ]
    },
    {
      "track": "12",
      "title": "PRIMAL JAM!",
      "duration": 1396.5,
      "formats": [
        {
          "format": "Flac",
          "filename": "t12.flac"
        },
        {
          "format": "VBR MP3",
          "filename": "t12.mp3",
          "bitrate": "194"
        }
      ]
    },
    {
      "track": "13",
      "title": "Caution:Do Not Stop On Tracks",
      "duration": 692.5,
      "formats": [
        {
          "format": "Flac",
          "filename": "t13.flac"
        },
        {
          "format": "VBR MP3",
          "filename": "t13.mp3",
          "bitrate": "196"
        }
      ]
    },
    {
      "track": "14",
      "title": "Feedback",
      "duration": 466.59,
      "formats": [
        {
          "format": "Flac",
          "filename": "t14.flac"
        },
        {
          "format": "VBR MP3",
          "filename": "t14.mp3",
          "bitrate": "180"
        }
      ]
    },
    {
      "track": "15",
      "title": "We Bid You Goodnight",
      "duration": 121.21,
      "formats": [
        {
          "format": "Flac",
          "filename": "t15.flac"
        },
        {
          "format": "VBR MP3",
          "filename": "t15.mp3",
          "bitrate": "176"
        }
      ]
    }
  ]
}