{
  "rating": 0.0,
  "review_count": 0,
  "source_type": "UNKNOWN",
  "confidence": 0.0,
  "date": "1969-07-11",
  "venue": "NY State Pavilion, Flushing Meadows Park",
  "location": "Queens, NY",
  "raw_rating": 0.0,
  "high_ratings": 0,
  "low_ratings": 0,
  "tracks": [
    {
      "track": "01",
      "title": "banter/tuning",
      "duration": 113.27,
      "formats": [
        {
          "format": "Flac",
          "filename": "gd1969-07-11t01.flac"
        },
        {
          "format": "VBR MP3",
          "filename": "gd1969-07-11t01.mp3",
          "bitrate": "179"
        }
      ]
    },
    {
      "track": "02",
      "title": "The Story Of A Brick",
      "duration": 167.05,
      "formats": [
        {
          "format": "Flac",
          "filename": "gd1969-07-11t02.flac"
        },
        {
          "format": "VBR MP3",
          "filename": "gd1969-07-11t02.mp3",
          "bitrate": "177"
        }
      ]
    },
    {
      "track": "03",
      "title": "Dupree's Diamond Blues >",
      "duration": 241.77,
      "formats": [
        {
          "format": "Flac",
          "filename": "gd1969-07-11t03.flac"
        },
        {
          "format": "VBR MP3",
          "filename": "gd1969-07-11t03.mp3",
          "bitrate": "180"
        }
      ]
    },
    {
      "track": "04",
      "title": "Dire Wolf",
      "duration": 196.76,
      "formats": [
        {
          "format": "Flac",
          "filename": "gd1969-07-11t04.flac"
        },
        {
          "format": "VBR MP3",
          "filename": "gd1969-07-11t04.mp3",
          "bitrate": "178"
        }
      ]
    },
    {
      "track": "05",
      "title": "Hard To Handle",
      "duration": 257.63,
      "formats": [
        {
          "format": "Flac",
          "filename": "gd1969-07-11t05.flac"
        },
        {
          "format": "VBR MP3",
          "filename": "gd1969-07-11t05.mp3",
          "bitrate": "185"
        }
      ]
    },
    {
      "track": "06",
      "title": "Silver Threads And Golden Needles",
      "duration": 215.93,
      "formats": [
        {
          "format": "Flac",
          "filename": "gd1969-07-11t06.flac"
        },
        {
          "format": "VBR MP3",
          "filename": "gd1969-07-11t06.mp3",
          "bitrate": "178"
        }
      ]
    },
    {
      "track": "07",
      "title": "Casey Jones",
      "duration": 360.09,
      "formats": [
        {
          "format": "Flac",
          "filename": "gd1969-07-11t07.flac"
        },
        {
          "format": "VBR MP3",
          "filename": "gd1969-07-11t07.mp3",
          "bitrate": "183"
        }
      ]
    },
    {
      "track": "08",
      "title": "Sittin' On Top Of The World",
      "duration": 202.05,
      "formats": [
        {
          "format": "Flac",
          "filename": "gd1969-07-11t08.flac"
        },
        {
          "format": "VBR MP3",
          "filename": "gd1969-07-11t08.mp3",
          "bitrate": "186"
        }
      ]
    },
    {
      "track": "09",
      "title": "Big Boss Man",
      "duration": 351.71,
      "formats": [
        {
          "format": "Flac",
          "filename": "gd1969-07-11t09.flac"
        },
        {
          "format": "VBR MP3",
          "filename": "gd1969-07-11t09.mp3",
          "bitrate": "182"
        }
      ]
    },
    {
      "track": "10",
      "title": "Mama Tried",
      "duration": 194.99,
      "formats": [
        {
          "format": "Flac",
          "filename": "gd1969-07-11t10.flac"
        },
        {
          "format": "VBR MP3",
          "filename": "gd1969-07-11t10.mp3",
          "bitrate": "180"
        }
      ]
    },
    {
      "track": "11",
      "title": "High Time//",
      "duration": 205.77,
      "formats": [
        {
          "format": "Flac",
          "filename": "gd1969-07-11t11.flac"
        },
        {
          "format": "VBR MP3",
          "filename": "gd1969-07-11t11.mp3",
          "bitrate": "174"
        }
      ]
    },
    {
      "track": "12",
      "title": "Drums >",
      "duration": 305.47,
      "formats": [
        {
          "format": "Flac",
          "filename": "gd1969-07-11t12.flac"
        },
        {
          "format": "VBR MP3",
          "filename": "gd1969-07-11t12.mp3",
          "bitrate": "182"
        }
      ]
    },
    {
      "track": "13",
      "title": "Jam >",
      "duration": 845.85,
      "formats": [
        {
          "format": "Flac",
          "filename": "gd1969-07-11t13.flac"
        },
        {
          "format": "VBR MP3",
          "filename": "gd1969-07-11t13.mp3",
          "bitrate": "181"
        }
      ]
    },
    {
      "track": "14",
      "title": "The Other One >",
      "duration": 482.2,
      "formats": [
        {
          "format": "Flac",
          "filename": "gd1969-07-11t14.flac"
        },
        {
          "format": "VBR MP3",
          "filename": "gd1969-07-11t14.mp3",
          "bitrate": "181"
        }
      ]
    },
    {
      "track": "15",
      "title": "Death Don't Have No Mercy >",
      "duration": 650.85,
      "formats": [
        {
          "format": "Flac",
          "filename": "gd1969-07-11t15.flac"
        },
        {
          "format": "VBR MP3",
          "filename": "gd1969-07-11t15.mp3",
          "bitrate": "177"
        }
      ]
    },
    {
      "track": "16",
      "title": "Turn On Your Love Light//",
      "duration": 538.64,
      "formats": [
        {
          "format": "Flac",
          "filename": "gd1969-07-11t16.flac"
        },
        {
          "format": "VBR MP3",
          "filename": "gd1969-07-11t16.mp3",
          "bitrate": "182"
        }
      ]
    }
  ]
}