{
  "rating": 1.6875,
  "review_count": 4,
  "source_type": "UNKNOWN",
  "confidence": 0.8,
  "date": "1967-00-00",
  "venue": "Studio Sessions for Anthem of the Sun",
  "location": "Unknown, CA",
  "raw_rating": 3.75,
  "high_ratings": 2,
  "low_ratings": 1,
  "tracks": [
    {
      "track": "01",
      "title": "That's It For The Other One",
      "duration": 463.1,
      "formats": [
        {
          "format": "Flac",
          "filename": "gd1967-xx-xx-studio-t01.flac"
        },
        {
          "format": "VBR MP3",
          "filename": "gd1967-xx-xx-studio-t01.mp3",
          "bitrate": "181"
        }
      ]
    },
    {
      "track": "02",
      "title": "Alligator >",
      "duration": 675.25,
      "formats": [
        {
          "format": "Flac",
          "filename": "gd1967-xx-xx-studio-t02.flac"
        },
        {
          "format": "VBR MP3",
          "filename": "gd1967-xx-xx-studio-t02.mp3",
          "bitrate": "184"
        }
      ]
    },
    {
      "track": "03",
      "title": "Caution",
      "duration": 504.14,
      "formats": [
        {
          "format": "Flac",
          "filename": "gd1967-xx-xx-studio-t03.flac"
        },
        {
          "format": "VBR MP3",
          "filename": "gd1967-xx-xx-studio-t03.mp3",
          "bitrate": "180"
        }
      ]
    },
    {
      "track": "04",
      "title": "Turn On Your Lovelight",
      "duration": 693.33,
      "formats": [
        {
          "format": "Flac",
          "filename": "gd1967-xx-xx-studio-t04.flac"
        },
        {
          "format": "VBR MP3",
          "filename": "gd1967-xx-xx-studio-t04.mp3",
          "bitrate": "197"
        }
      ]
    },
    {
      "track": "05",
      "title": "Smokestack Lightnin'",
      "duration": 227.13,
      "formats": [
        {
          "format": "Flac",
          "filename": "gd1967-xx-xx-studio-t05.flac"
        },
        {
          "format": "VBR MP3",
          "filename": "gd1967-xx-xx-studio-t05.mp3",
          "bitrate": "176"
        }
      ]
    }
  ]
}