{
  "rating": 1.75,
  "review_count": 2,
  "source_type": "UNKNOWN",
  "confidence": 0.4,
  "date": "1969-02-14",
  "venue": "Electric Factory",
  "location": "Philadelphia, PA",
  "raw_rating": 5.0,
  "high_ratings": 2,
  "low_ratings": 0,
  "tracks": [
    {
      "track": "01",
      "title": "gd69-02-14 tGood Morning Little Schoolgirl",
      "duration": 598.28,
      "formats": [
        {
          "format": "Flac",
          "filename": "Gd69-02-14T01GoodMorningLittleSchoolgirl.flac"
        },
        {
          "format": "VBR MP3",
          "filename": "Gd69-02-14T01GoodMorningLittleSchoolgirl.mp3",
          "bitrate": "164"
        }
      ]
    },
    {
      "track": "02",
      "title": "gd69-02-14 tLadies and Gentlemen that's Bear",
      "duration": 96.36,
      "formats": [
        {
          "format": "Flac",
          "filename": "Gd69-02-14T02LadiesAndGentlemenThatsBear.flac"
        },
        {
          "format": "VBR MP3",
          "filename": "Gd69-02-14T02LadiesAndGentlemenThatsBear.mp3",
          "bitrate": "179"
        }
      ]
    },
    {
      "track": "03",
      "title": "gd69-02-14 tDark Star",
      "duration": 1143.39,
      "formats": [
        {
          "format": "Flac",
          "filename": "Gd69-02-14T03DarkStar.flac"
        },
        {
          "format": "VBR MP3",
          "filename": "Gd69-02-14T03DarkStar.mp3",
          "bitrate": "173"
        }
      ]
    },
    {
      "track": "04",
      "title": "gd69-02-14 tSt. Stephen",
      "duration": 375.99,
      "formats": [
        {
          "format": "Flac",
          "filename": "Gd69-02-14T04St.Stephen.flac"
        },
        {
          "format": "VBR MP3",
          "filename": "Gd69-02-14T04St.Stephen.mp3",
          "bitrate": "174"
        }
      ]
    },
    {
      "track": "05",
      "title": "gd69-02-14 tThe Eleven",
      "duration": 966.67,
      "formats": [
        {
          "format": "Flac",
          "filename": "Gd69-02-14T05TheEleven.flac"
        },
        {
          "format": "VBR MP3",
          "filename": "Gd69-02-14T05TheEleven.mp3",
          "bitrate": "175"
        }
      ]
    },
    {
      "track": "06",
      "title": "gd69-02-14 tTurn On Your Lovelight",
      "duration": 786.64,
      "formats": [
        {
          "format": "Flac",
          "filename": "Gd69-02-14T06TurnOnYourLovelight.flac"
        },
        {
          "format": "VBR MP3",
          "filename": "Gd69-02-14T06TurnOnYourLovelight.mp3",
          "bitrate": "175"
        }
      ]
    },
    {
      "track": "07",
      "title": "gd69-02-14 tMorning Dew",
      "duration": 658.71,
      "formats": [
        {
          "format": "Flac",
          "filename": "Gd69-02-14T07MorningDew.flac"
        },
        {
          "format": "VBR MP3",
          "filename": "Gd69-02-14T07MorningDew.mp3",
          "bitrate": "175"
        }
      ]
    },
    {
      "track": "08",
      "title": "gd69-02-14 tCryptical Envelopment",
      "duration": 138.75,
      "formats": [
        {
          "format": "Flac",
          "filename": "Gd69-02-14T08CrypticalEnvelopment.flac"
        },
        {
          "format": "VBR MP3",
          "filename": "Gd69-02-14T08CrypticalEnvelopment.mp3",
          "bitrate": "174"
        }
      ]
    },
    {
      "track": "09",
      "title": "gd69-02-14 tThe Other One",
      "duration": 566.25,
      "formats": [
        {
          "format": "Flac",
          "filename": "Gd69-02-14T09TheOtherOne.flac"
        },
        {
          "format": "VBR MP3",
          "filename": "Gd69-02-14T09TheOtherOne.mp3",
          "bitrate": "178"
        }
      ]
    },
    {
      "track": "10",
      "title": "gd69-02-14 tCryptical Envelopment",
      "duration": 749.73,
      "formats": [
        {
          "format": "Flac",
          "filename": "Gd69-02-14T10CrypticalEnvelopment.flac"
        },
        {
          "format": "VBR MP3",
          "filename": "Gd69-02-14T10CrypticalEnvelopment.mp3",
          "bitrate": "178"
        }
      ]
    },
    {
      "track": "11",
      "title": "gd69-02-14 tDeath Don't Have No Mercy",
      "duration": 771.23,
      "formats": [
        {
          "format": "Flac",
          "filename": "Gd69-02-14T11DeathDontHaveNoMercy.flac"
        },
        {
          "format": "VBR MP3",
          "filename": "Gd69-02-14T11DeathDontHaveNoMercy.mp3",
          "bitrate": "179"
        }
      ]
    }
  ]
}