{
  "rating": 2.9,
  "review_count": 7,
  "source_type": "AUD",
  "confidence": 1.0,
  "date": "1966-07-30",
  "venue": "P.N.E. Garden Auditorium",
  "location": "Vancouver, British Columbia",
  "raw_rating": 4.142857142857143,
  "high_ratings": 6,
  "low_ratings": 1,
  "tracks": [
    {
      "track": "01",
      "title": "Standing On The Corner",
      "duration": 226.82,
      "formats": [
        {
          "format": "Flac",
          "filename": "gd1966-07-30.d1t01.flac"
        },
        {
          "format": "VBR MP3",
          "filename": "gd1966-07-30.d1t01.mp3",
          "bitrate": "191"
        }
      ]
    },
    {
      "track": "02",
      "title": "I Know You Rider",
      "duration": 198.16,
      "formats": [
        {
          "format": "Flac",
          "filename": "gd1966-07-30.d1t02.flac"
        },
        {
          "format": "VBR MP3",
          "filename": "gd1966-07-30.d1t02.mp3",
          "bitrate": "193"
        }
      ]
    },
    {
      "track": "03",
      "title": "Next Time You See Me",
      "duration": 240.16,
      "formats": [
        {
          "format": "Flac",
          "filename": "gd1966-07-30.d1t03.flac"
        },
        {
          "format": "VBR MP3",
          "filename": "gd1966-07-30.d1t03.mp3",
          "bitrate": "192"
        }
      ]
    },
    {
      "track": "04",
      "title": "Sitting On Top Of The World",
      "duration": 266.38,
      "formats": [
        {
          "format": "Flac",
          "filename": "gd1966-07-30.d1t04.flac"
        },
        {
          "format": "VBR MP3",
          "filename": "gd1966-07-30.d1t04.mp3",
          "bitrate": "189"
        }
      ]
    },
    {
      "track": "05",
      "title": "You Don't Have To Ask",
      "duration": 320.8,
      "formats": [
        {
          "format": "Flac",
          "filename": "gd1966-07-30.d1t05.flac"
        },
        {
          "format": "VBR MP3",
          "filename": "gd1966-07-30.d1t05.mp3",
          "bitrate": "189"
        }
      ]
    },
    {
      "track": "06",
      "title": "Big Boss Man",
      "duration": 277.52,
      "formats": [
        {
          "format": "Flac",
          "filename": "gd1966-07-30.d1t06.flac"
        },
        {
          "format": "VBR MP3",
          "filename": "gd1966-07-30.d1t06.mp3",
          "bitrate": "188"
        }
      ]
    },
    {
      "track": "07",
      "title": "Stealin'",
      "duration": 218.76,
      "formats": [
        {
          "format": "Flac",
          "filename": "gd1966-07-30.d1t07.flac"
        },
        {
          "format": "VBR MP3",
          "filename": "gd1966-07-30.d1t07.mp3",
          "bitrate": "192"
        }
      ]
    },
    {
      "track": "08",
      "title": "Cardboard Cowboy",
      "duration": 205.72,
      "formats": [
        {
          "format": "Flac",
          "filename": "gd1966-07-30.d1t08.flac"
        },
        {
          "format": "VBR MP3",
          "filename": "gd1966-07-30.d1t08.mp3",
          "bitrate": "192"
        }
      ]
    },
    {
      "track": "09",
      "title": "Baby Blue",
      "duration": 332.32,
      "formats": [
        {
          "format": "Flac",
          "filename": "gd1966-07-30.d1t09.flac"
        },
        {
          "format": "VBR MP3",
          "filename": "gd1966-07-30.d1t09.mp3",
          "bitrate": "190"
        }
      ]
    },
    {
      "track": "10",
      "title": "Cream Puff War",
      "duration": 484.26,
      "formats": [
        {
          "format": "Flac",
          "filename": "gd1966-07-30.d1t10.flac"
        },
        {
          "format": "VBR MP3",
          "filename": "gd1966-07-30.d1t10.mp3",
          "bitrate": "191"
        }
      ]
    },
    {
      "track": "11",
      "title": "Viola Lee Blues",
      "duration": 601.7,
      "formats": [
        {
          "format": "Flac",
          "filename": "gd1966-07-30.d1t11.flac"
        },
        {
          "format": "VBR MP3",
          "filename": "gd1966-07-30.d1t11.mp3",
          "bitrate": "191"
        }
      ]
    },
    {
      "track": "12",
      "title": "Beat It On Down the Line",
      "duration": 167.8,
      "formats": [
        {
          "format": "Flac",
          "filename": "gd1966-07-30.d1t12.flac"
        },
        {
          "format": "VBR MP3",
          "filename": "gd1966-07-30.d1t12.mp3",
          "bitrate": "194"
        }
      ]
    },
    {
      "track": "13",
      "title": "Good Morning Little Schoolgirl //",
      "duration": 345.21,
      "formats": [
        {
          "format": "Flac",
          "filename": "gd1966-07-30.d1t13.flac"
        },
        {
          "format": "VBR MP3",
          "filename": "gd1966-07-30.d1t13.mp3",
          "bitrate": "192"
        }
      ]
    }
  ]
}