{
  "rating": 1.2,
  "review_count": 1,
  "source_type": "UNKNOWN",
  "confidence": 0.2,
  "date": "1969-06-14",
  "venue": "Monterey Performing Arts Center",
  "location": "Monterey, CA",
  "raw_rating": 4.0,
  "high_ratings": 1,
  "low_ratings": 0,
  "tracks": [
    {
      "track": "1",
      "title": "Turn On Your Love Light ->",
      "duration": 1578.6,
      "formats": [
        {
          "format": "Flac",
          "filename": "gd69-06-14.t01.flac"
        },
        {
          "format": "VBR MP3",
          "filename": "gd69-06-14.t01.mp3",
          "bitrate": "207"
        }
      ]
    },
    {
      "track": "2",
      "title": "Me and My Uncle ->",
      "duration": 191.11,
      "formats": [
        {
          "format": "Flac",
          "filename": "gd69-06-14.t02.flac"
        },
        {
          "format": "VBR MP3",
          "filename": "gd69-06-14.t02.mp3",
          "bitrate": "212"
        }
      ]
    },
    {
      "track": "3",
      "title": "Doin' That Rag ->",
      "duration": 431.44,
      "formats": [
        {
          "format": "Flac",
          "filename": "gd69-06-14.t03.flac"
        },
        {
          "format": "VBR MP3",
          "filename": "gd69-06-14.t03.mp3",
          "bitrate": "208"
        }
      ]
    },
    {
      "track": "4",
      "title": "He Was A Friend of Mine",
      "duration": 595.65,
      "formats": [
        {
          "format": "Flac",
          "filename": "gd69-06-14.t04.flac"
        },
        {
          "format": "VBR MP3",
          "filename": "gd69-06-14.t04.mp3",
          "bitrate": "191"
        }
      ]
    },
    {
      "track": "5",
      "title": "Dire Wolf",
      "duration": 236.15,
      "formats": [
        {
          "format": "Flac",
          "filename": "gd69-06-14.t05.flac"
        },
        {
          "format": "VBR MP3",
          "filename": "gd69-06-14.t05.mp3",
          "bitrate": "186"
        }
      ]
    },
    {
      "track": "6",
      "title": "Dark Star",
      "duration": 877.31,
      "formats": [
        {
          "format": "Flac",
          "filename": "gd69-06-14.t06.flac"
        },
        {
          "format": "VBR MP3",
          "filename": "gd69-06-14.t06.mp3",
          "bitrate": "209"
        }
      ]
    },
    {
      "track": "7",
      "title": "Saint Stephen ->",
      "duration": 344.35,
      "formats": [
        {
          "format": "Flac",
          "filename": "gd69-06-14.t07.flac"
        },
        {
          "format": "VBR MP3",
          "filename": "gd69-06-14.t07.mp3",
          "bitrate": "210"
        }
      ]
    },
    {
      "track": "8",
      "title": "The Eleven ->",
      "duration": 847.81,
      "formats": [
        {
          "format": "Flac",
          "filename": "gd69-06-14.t08.flac"
        },
        {
          "format": "VBR MP3",
          "filename": "gd69-06-14.t08.mp3",
          "bitrate": "201"
        }
      ]
    },
    {
      "track": "9",
      "title": "Love Light ->",
      "duration": 240.1,
      "formats": [
        {
          "format": "Flac",
          "filename": "gd69-06-14.t09.flac"
        },
        {
          "format": "VBR MP3",
          "filename": "gd69-06-14.t09.mp3",
          "bitrate": "192"
        }
      ]
    },
    {
      "track": "10",
      "title": "Drums ->",
      "duration": 306.99,
      "formats": [
        {
          "format": "Flac",
          "filename": "gd69-06-14.t10.flac"
        },
        {
          "format": "VBR MP3",
          "filename": "gd69-06-14.t10.mp3",
          "bitrate": "196"
        }
      ]
    },
    {
      "track": "11",
      "title": "Turn On Your Love Light",
      "duration": 425.79,
      "formats": [
        {
          "format": "Flac",
          "filename": "gd69-06-14.t11.flac"
        },
        {
          "format": "VBR MP3",
          "filename": "gd69-06-14.t11.mp3",
          "bitrate": "210"
        }
      ]
    }
  ]
}