{
  "rating": 0.0,
  "review_count": 0,
  "source_type": "UNKNOWN",
  "confidence": 0.0,
  "date": "1968-03-16",
  "venue": "Carousel Ballroom",
  "location": "San Francisco, CA",
  "raw_rating": 0.0,
  "high_ratings": 0,
  "low_ratings": 0,
  "tracks": [
    {
      "track": "01",
      "title": "Dark Star >",
      "duration": 435.28,
      "formats": [
        {
          "format": "Flac",
          "filename": "01 Dark Star.flac"
        }
      ]
    },
    {
      "track": "02",
      "title": "China Cat Sunflower >",
      "duration": 207.13,
      "formats": [
        {
          "format": "Flac",
          "filename": "02 China Cat Sunflower.flac"
        }
      ]
    },
    {
      "track": "03",
      "title": "The Eleven >",
      "duration": 860.11,
      "formats": [
        {
          "format": "Flac",
          "filename": "03 The Eleven.flac"
        }
      ]
    },
    {
      "track": "04",
      "title": "Good Morning Little Schoolgirl",
      "duration": 604.92,
      "formats": [
        {
          "format": "Flac",
          "filename": "04 Good Morning Little Schoolgirl.flac"
        }
      ]
    },
    {
      "track": "05",
      "title": "Morning Dew",
      "duration": 535.31,
      "formats": [
        {
          "format": "Flac",
          "filename": "05 Morning Dew.flac"
        }
      ]
    },
    {
      "track": "06",
      "title": "It Hurts Me Too",
      "duration": 286.32,
      "formats": [
        {
          "format": "Flac",
          "filename": "06 It Hurts Me Too.flac"
        }
      ]
    },
    {
      "track": "07",
      "title": "That's It For The Other One",
      "duration": 371.57,
      "formats": [
        {
          "format": "Flac",
          "filename": "07 That's It For The Other One.flac"
        }
      ]
    },
    {
      "track": "08",
      "title": "Alligator >",
      "duration": 820.29,
      "formats": [
        {
          "format": "Flac",
          "filename": "08 Alligator.flac"
        }
      ]
    },
    {
      "track": "09",
      "title": "Caution (Do Not Stop On Tracks) >",
      "duration": 704.11,
      "formats": [
        {
          "format": "Flac",
          "filename": "09 Caution (Do Not Stop On tracks).flac"
        }
      ]
    },
    {
      "track": "10",
      "title": "Feedback",
      "duration": 148.64,
      "formats": [
        {
          "format": "Flac",
          "filename": "10 Feedback.flac"
        }
      ]
    },
    {
      "track": "11",
      "title": "And We Bid You Good Night",
      "duration": 92.89,
      "formats": [
        {
          "format": "Flac",
          "filename": "11 And We Bid You Goodnight.flac"
        }
      ]
    }
  ]
}