{
  "rating": 2.4545454545454546,
  "review_count": 11,
  "source_type": "UNKNOWN",
  "confidence": 1.0,
  "date": "1968-03-29",
  "venue": "Carousel Ballroom",
  "location": "San Francisco, CA",
  "raw_rating": 4.909090909090909,
  "high_ratings": 11,
  "low_ratings": 0,
  "tracks": [
    {
      "track": "01",
      "title": "Good Morning Little Schoolgirl",
      "duration": 643.61,
      "formats": [
        {
          "format": "Flac",
          "filename": "gd68-03-29d1t01.flac"
        },
        {
          "format": "VBR MP3",
          "filename": "gd68-03-29d1t01.mp3",
          "bitrate": "164"
        }
      ]
    },
    {
      "track": "02",
      "title": "Death Don't Have No Mercy",
      "duration": 438.46,
      "formats": [
        {
          "format": "Flac",
          "filename": "gd68-03-29d1t02.flac"
        },
        {
          "format": "VBR MP3",
          "filename": "gd68-03-29d1t02.mp3",
          "bitrate": "160"
        }
      ]
    },
    {
      "track": "03",
      "title": "Sitting On Top Of The World",
      "duration": 170.52,
      "formats": [
        {
          "format": "Flac",
          "filename": "gd68-03-29d1t03.flac"
        },
        {
          "format": "VBR MP3",
          "filename": "gd68-03-29d1t03.mp3",
          "bitrate": "174"
        }
      ]
    },
    {
      "track": "04",
      "title": "Dark Star",
      "duration": 448.2,
      "formats": [
        {
          "format": "Flac",
          "filename": "gd68-03-29d1t04.flac"
        },
        {
          "format": "VBR MP3",
          "filename": "gd68-03-29d1t04.mp3",
          "bitrate": "175"
        }
      ]
    },
    {
      "track": "05",
      "title": "Morning Dew",
      "duration": 392.42,
      "formats": [
        {
          "format": "Flac",
          "filename": "gd68-03-29d1t05.flac"
        },
        {
          "format": "VBR MP3",
          "filename": "gd68-03-29d1t05.mp3",
          "bitrate": "181"
        }
      ]
    },
    {
      "track": "06",
      "title": "Turn On Your Lovelight ->",
      "duration": 447.57,
      "formats": [
        {
          "format": "Flac",
          "filename": "gd68-03-29d1t06.flac"
        },
        {
          "format": "VBR MP3",
          "filename": "gd68-03-29d1t06.mp3",
          "bitrate": "180"
        }
      ]
    },
    {
      "track": "07",
      "title": "That's It For The Other One ->",
      "duration": 572.78,
      "formats": [
        {
          "format": "Flac",
          "filename": "gd68-03-29d1t07.flac"
        },
        {
          "format": "VBR MP3",
          "filename": "gd68-03-29d1t07.mp3",
          "bitrate": "178"
        }
      ]
    },
    {
      "track": "08",
      "title": "New Potato Caboose ->",
      "duration": 551.9,
      "formats": [
        {
          "format": "Flac",
          "filename": "gd68-03-29d1t08.flac"
        },
        {
          "format": "VBR MP3",
          "filename": "gd68-03-29d1t08.mp3",
          "bitrate": "178"
        }
      ]
    },
    {
      "track": "09",
      "title": "Born Cross Eyed",
      "duration": 18.64,
      "formats": [
        {
          "format": "Flac",
          "filename": "gd68-03-29d1t09.flac"
        },
        {
          "format": "VBR MP3",
          "filename": "gd68-03-29d1t09.mp3",
          "bitrate": "183"
        }
      ]
    }
  ]
}