{
  "rating": 2.4166666666666665,
  "review_count": 6,
  "source_type": "UNKNOWN",
  "confidence": 1.0,
  "date": "1969-04-26",
  "venue": "Electric Theater",
  "location": "Chicago, IL",
  "raw_rating": 4.833333333333333,
  "high_ratings": 6,
  "low_ratings": 0,
  "tracks": [
    {
      "track": "01",
      "title": "Intro",
      "duration": 15.3,
      "formats": [
        {
          "format": "Flac",
          "filename": "gd1969-04-26d1t01.flac"
        },
        {
          "format": "VBR MP3",
          "filename": "gd1969-04-26d1t01.mp3",
          "bitrate": "173"
        }
      ]
    },
    {
      "track": "02",
      "title": "Dupree's Diamond Blues",
      "duration": 239.36,
      "formats": [
        {
          "format": "Flac",
          "filename": "gd1969-04-26d1t02.flac"
        },
        {
          "format": "VBR MP3",
          "filename": "gd1969-04-26d1t02.mp3",
          "bitrate": "172"
        }
      ]
    },
    {
      "track": "03",
      "title": "Mountains Of The Moon >",
      "duration": 408.74,
      "formats": [
        {
          "format": "Flac",
          "filename": "gd1969-04-26d1t03.flac"
        },
        {
          "format": "VBR MP3",
          "filename": "gd1969-04-26d1t03.mp3",
          "bitrate": "173"
        }
      ]
    },
    {
      "track": "04",
      "title": "China Cat Sunflower >",
      "duration": 343.06,
      "formats": [
        {
          "format": "Flac",
          "filename": "gd1969-04-26d1t04.flac"
        },
        {
          "format": "VBR MP3",
          "filename": "gd1969-04-26d1t04.mp3",
          "bitrate": "186"
        }
      ]
    },
    {
      "track": "05",
      "title": "Doin' That Rag",
      "duration": 482.72,
      "formats": [
        {
          "format": "Flac",
          "filename": "gd1969-04-26d1t05.flac"
        },
        {
          "format": "VBR MP3",
          "filename": "gd1969-04-26d1t05.mp3",
          "bitrate": "178"
        }
      ]
    },
    {
      "track": "06",
      "title": "It Hurts Me Too",
      "duration": 349.01,
      "formats": [
        {
          "format": "Flac",
          "filename": "gd1969-04-26d1t06.flac"
        },
        {
          "format": "VBR MP3",
          "filename": "gd1969-04-26d1t06.mp3",
          "bitrate": "181"
        }
      ]
    },
    {
      "track": "07",
      "title": "Hard To Handle",
      "duration": 290.61,
      "formats": [
        {
          "format": "Flac",
          "filename": "gd1969-04-26d1t07.flac"
        },
        {
          "format": "VBR MP3",
          "filename": "gd1969-04-26d1t07.mp3",
          "bitrate": "183"
        }
      ]
    },
    {
      "track": "08",
      "title": "Cryptical Envelopment >",
      "duration": 128.21,
      "formats": [
        {
          "format": "Flac",
          "filename": "gd1969-04-26d1t08.flac"
        },
        {
          "format": "VBR MP3",
          "filename": "gd1969-04-26d1t08.mp3",
          "bitrate": "179"
        }
      ]
    },
    {
      "track": "09",
      "title": "The Other One >",
      "duration": 536.94,
      "formats": [
        {
          "format": "Flac",
          "filename": "gd1969-04-26d1t09.flac"
        },
        {
          "format": "VBR MP3",
          "filename": "gd1969-04-26d1t09.mp3",
          "bitrate": "186"
        }
      ]
    },
    {
      "track": "10",
      "title": "The Eleven Jam >",
      "duration": 233.94,
      "formats": [
        {
          "format": "Flac",
          "filename": "gd1969-04-26d1t10.flac"
        },
        {
          "format": "VBR MP3",
          "filename": "gd1969-04-26d1t10.mp3",
          "bitrate": "189"
        }
      ]
    },
    {
      "track": "11",
      "title": "The Other One >",
      "duration": 68.45,
      "formats": [
        {
          "format": "Flac",
          "filename": "gd1969-04-26d1t11.flac"
        },
        {
          "format": "VBR MP3",
          "filename": "gd1969-04-26d1t11.mp3",
          "bitrate": "186"
        }
      ]
    },
    {
      "track": "12",
      "title": "It's A Sin",
      "duration": 325.38,
      "formats": [
        {
          "format": "Flac",
          "filename": "gd1969-04-26d1t12.flac"
        },
        {
          "format": "VBR MP3",
          "filename": "gd1969-04-26d1t12.mp3",
          "bitrate": "179"
        }
      ]
    },
    {
      "track": "13",
      "title": "Morning Dew",
      "duration": 609.16,
      "formats": [
        {
          "format": "Flac",
          "filename": "gd1969-04-26d1t13.flac"
        },
        {
          "format": "VBR MP3",
          "filename": "gd1969-04-26d1t13.mp3",
          "bitrate": "181"
        }
      ]
    },
    {
      "track": "14",
      "title": "Sittin' On Top Of The World",
      "duration": 291.08,
      "formats": [
        {
          "format": "Flac",
          "filename": "gd1969-04-26d2t01.flac"
        },
        {
          "format": "VBR MP3",
          "filename": "gd1969-04-26d2t01.mp3",
          "bitrate": "185"
        }
      ]
    },
    {
      "track": "15",
      "title": "Minglewood Blues",
      "duration": 290.98,
      "formats": [
        {
          "format": "Flac",
          "filename": "gd1969-04-26d2t02.flac"
        },
        {
          "format": "VBR MP3",
          "filename": "gd1969-04-26d2t02.mp3",
          "bitrate": "185"
        }
      ]
    },
    {
      "track": "16",
      "title": "Silver Threads And Golden Needles",
      "duration": 237.77,
      "formats": [
        {
          "format": "Flac",
          "filename": "gd1969-04-26d2t03.flac"
        },
        {
          "format": "VBR MP3",
          "filename": "gd1969-04-26d2t03.mp3",
          "bitrate": "180"
        }
      ]
    },
    {
      "track": "17",
      "title": "It's All Over Now, Baby Blue",
      "duration": 477.21,
      "formats": [
        {
          "format": "Flac",
          "filename": "gd1969-04-26d2t04.flac"
        },
        {
          "format": "VBR MP3",
          "filename": "gd1969-04-26d2t04.mp3",
          "bitrate": "177"
        }
      ]
    },
    {
      "track": "18",
      "title": "Saint Stephen >",
      "duration": 351.68,
      "formats": [
        {
          "format": "Flac",
          "filename": "gd1969-04-26d2t05.flac"
        },
        {
          "format": "VBR MP3",
          "filename": "gd1969-04-26d2t05.mp3",
          "bitrate": "184"
        }
      ]
    },
    {
      "track": "19",
      "title": "Turn On Your Lovelight",
      "duration": 1993.44,
      "formats": [
        {
          "format": "Flac",
          "filename": "gd1969-04-26d2t06.flac"
        },
        {
          "format": "VBR MP3",
          "filename": "gd1969-04-26d2t06.mp3",
          "bitrate": "185"
        }
      ]
    },
    {
      "track": "20",
      "title": "Viola Lee Blues >",
      "duration": 659.46,
      "formats": [
        {
          "format": "Flac",
          "filename": "gd1969-04-26d3t01.flac"
        },
        {
          "format": "VBR MP3",
          "filename": "gd1969-04-26d3t01.mp3",
          "bitrate": "188"
        }
      ]
    },
    {
      "track": "21",
      "title": "Caution Jam >",
      "duration": 465.41,
      "formats": [
        {
          "format": "Flac",
          "filename": "gd1969-04-26d3t02.flac"
        },
        {
          "format": "VBR MP3",
          "filename": "gd1969-04-26d3t02.mp3",
          "bitrate": "190"
        }
      ]
    },
    {
      "track": "22",
      "title": "Viola Lee Blues >",
      "duration": 95.68,
      "formats": [
        {
          "format": "Flac",
          "filename": "gd1969-04-26d3t03.flac"
        },
        {
          "format": "VBR MP3",
          "filename": "gd1969-04-26d3t03.mp3",
          "bitrate": "183"
        }
      ]
    },
    {
      "track": "23",
      "title": "Feedback >",
      "duration": 240.42,
      "formats": [
        {
          "format": "Flac",
          "filename": "gd1969-04-26d3t04.flac"
        },
        {
          "format": "VBR MP3",
          "filename": "gd1969-04-26d3t04.mp3",
          "bitrate": "189"
        }
      ]
    },
    {
      "track": "24",
      "title": "What's Become Of The Baby (tape) >",
      "duration": 546.01,
      "formats": [
        {
          "format": "Flac",
          "filename": "gd1969-04-26d3t05.flac"
        },
        {
          "format": "VBR MP3",
          "filename": "gd1969-04-26d3t05.mp3",
          "bitrate": "188"
        }
      ]
    },
    {
      "track": "25",
      "title": "Feedback >",
      "duration": 132.04,
      "formats": [
        {
          "format": "Flac",
          "filename": "gd1969-04-26d3t06.flac"
        },
        {
          "format": "VBR MP3",
          "filename": "gd1969-04-26d3t06.mp3",
          "bitrate": "176"
        }
      ]
    },
    {
      "track": "26",
      "title": "And We Bid You Goodnight",
      "duration": 240.76,
      "formats": [
        {
          "format": "Flac",
          "filename": "gd1969-04-26d3t07.flac"
        },
        {
          "format": "VBR MP3",
          "filename": "gd1969-04-26d3t07.mp3",
          "bitrate": "175"
        }
      ]
    }
  ]
}