{
  "rating": 1.7333333333333334,
  "review_count": 3,
  "source_type": "UNKNOWN",
  "confidence": 0.6,
  "date": "1969-08-21",
  "venue": "Aqua Theater",
  "location": "Seattle, WA",
  "raw_rating": 4.333333333333333,
  "high_ratings": 2,
  "low_ratings": 0,
  "tracks": [
    {
      "track": "01",
      "title": "China Cat Sunflower > Jam >",
      "duration": 202.38,
      "formats": [
        {
          "format": "VBR MP3",
          "filename": "GD69-08-21t01.wav.mp3",
          "bitrate": "179"
        },
        {
          "format": "Shorten",
          "filename": "GD69-08-21t01.wav.shn"
        }
      ]
    },
    {
      "track": "02",
      "title": "Doin' That Rag",
      "duration": 168.55,
      "formats": [
        {
          "format": "VBR MP3",
          "filename": "GD69-08-21t02.wav.mp3",
          "bitrate": "177"
        },
        {
          "format": "Shorten",
          "filename": "GD69-08-21t02.wav.shn"
        }
      ]
    },
    {
      "track": "03",
      "title": "Big Boss Man",
      "duration": 94.91,
      "formats": [
        {
          "format": "VBR MP3",
          "filename": "GD69-08-21t03.wav.mp3",
          "bitrate": "177"
        },
        {
          "format": "Shorten",
          "filename": "GD69-08-21t03.wav.shn"
        }
      ]
    },
    {
      "track": "04",
      "title": "Sitting On Top Of The World",
      "duration": 129.39,
      "formats": [
        {
          "format": "VBR MP3",
          "filename": "GD69-08-21t04.wav.mp3",
          "bitrate": "179"
        },
        {
          "format": "Shorten",
          "filename": "GD69-08-21t04.wav.shn"
        }
      ]
    },
    {
      "track": "05",
      "title": "Cryptical Envelopment >",
      "duration": 61.48,
      "formats": [
        {
          "format": "VBR MP3",
          "filename": "GD69-08-21t05.wav.mp3",
          "bitrate": "175"
        },
        {
          "format": "Shorten",
          "filename": "GD69-08-21t05.wav.shn"
        }
      ]
    },
    {
      "track": "06",
      "title": "Drums >",
      "duration": 45.7,
      "formats": [
        {
          "format": "VBR MP3",
          "filename": "GD69-08-21t06.wav.mp3",
          "bitrate": "178"
        },
        {
          "format": "Shorten",
          "filename": "GD69-08-21t06.wav.shn"
        }
      ]
    },
    {
      "track": "07",
      "title": "The Other One >",
      "duration": 333.24,
      "formats": [
        {
          "format": "VBR MP3",
          "filename": "GD69-08-21t07.wav.mp3",
          "bitrate": "180"
        },
        {
          "format": "Shorten",
          "filename": "GD69-08-21t07.wav.shn"
        }
      ]
    },
    {
      "track": "08",
      "title": "Cryptical Envelopment >",
      "duration": 43.92,
      "formats": [
        {
          "format": "VBR MP3",
          "filename": "GD69-08-21t08.wav.mp3",
          "bitrate": "175"
        },
        {
          "format": "Shorten",
          "filename": "GD69-08-21t08.wav.shn"
        }
      ]
    },
    {
      "track": "09",
      "title": "Dark Star >",
      "duration": 181.0,
      "formats": [
        {
          "format": "VBR MP3",
          "filename": "GD69-08-21t09.wav.mp3",
          "bitrate": "176"
        },
        {
          "format": "Shorten",
          "filename": "GD69-08-21t09.wav.shn"
        }
      ]
    },
    {
      "track": "10",
      "title": "Cosmic Charlie",
      "duration": 165.96,
      "formats": [
        {
          "format": "VBR MP3",
          "filename": "GD69-08-21t10.wav.mp3",
          "bitrate": "176"
        },
        {
          "format": "Shorten",
          "filename": "GD69-08-21t10.wav.shn"
        }
      ]
    }
  ]
}