{
  "rating": 1.9599999999999997,
  "review_count": 2,
  "source_type": "AUD",
  "confidence": 0.4,
  "date": "1968-01-23",
  "venue": "Eagles Auditorium",
  "location": "Seattle, WA",
  "raw_rating": 4.0,
  "high_ratings": 1,
  "low_ratings": 0,
  "tracks": [
    {
      "track": "01",
      "title": "Cryptical Envelopment ->",
      "duration": 66.24,
      "formats": [
        {
          "format": "VBR MP3",
          "filename": "GD68-01-23T01.mp3",
          "bitrate": "178"
        },
        {
          "format": "Shorten",
          "filename": "GD68-01-23T01.shn"
        }
      ]
    },
    {
      "track": "02",
      "title": "The Other One ->",
      "duration": 120.85,
      "formats": [
        {
          "format": "VBR MP3",
          "filename": "GD68-01-23T02.mp3",
          "bitrate": "179"
        },
        {
          "format": "Shorten",
          "filename": "GD68-01-23T02.shn"
        }
      ]
    },
    {
      "track": "03",
      "title": "Cryptical Envelopment ->",
      "duration": 241.12,
      "formats": [
        {
          "format": "VBR MP3",
          "filename": "GD68-01-23T03.mp3",
          "bitrate": "178"
        },
        {
          "format": "Shorten",
          "filename": "GD68-01-23T03.shn"
        }
      ]
    },
    {
      "track": "04",
      "title": "Clementine ->",
      "duration": 229.09,
      "formats": [
        {
          "format": "VBR MP3",
          "filename": "GD68-01-23T04.mp3",
          "bitrate": "177"
        },
        {
          "format": "Shorten",
          "filename": "GD68-01-23T04.shn"
        }
      ]
    },
    {
      "track": "05",
      "title": "New Potato Caboose ->",
      "duration": 328.45,
      "formats": [
        {
          "format": "VBR MP3",
          "filename": "GD68-01-23T05.mp3",
          "bitrate": "178"
        },
        {
          "format": "Shorten",
          "filename": "GD68-01-23T05.shn"
        }
      ]
    },
    {
      "track": "06",
      "title": "Born Cross Eyed ->",
      "duration": 125.05,
      "formats": [
        {
          "format": "VBR MP3",
          "filename": "GD68-01-23T06.mp3",
          "bitrate": "178"
        },
        {
          "format": "Shorten",
          "filename": "GD68-01-23T06.shn"
        }
      ]
    },
    {
      "track": "07",
      "title": "Spanish Jam #",
      "duration": 180.05,
      "formats": [
        {
          "format": "VBR MP3",
          "filename": "GD68-01-23T07.mp3",
          "bitrate": "171"
        },
        {
          "format": "Shorten",
          "filename": "GD68-01-23T07.shn"
        }
      ]
    },
    {
      "track": "08",
      "title": "St Stephen ->",
      "duration": 188.84,
      "formats": [
        {
          "format": "VBR MP3",
          "filename": "GD68-01-23T08.mp3",
          "bitrate": "180"
        },
        {
          "format": "Shorten",
          "filename": "GD68-01-23T08.shn"
        }
      ]
    },
    {
      "track": "09",
      "title": "The Eleven ->",
      "duration": 154.53,
      "formats": [
        {
          "format": "VBR MP3",
          "filename": "GD68-01-23T09.mp3",
          "bitrate": "186"
        },
        {
          "format": "Shorten",
          "filename": "GD68-01-23T09.shn"
        }
      ]
    },
    {
      "track": "10",
      "title": "Drum Solo w/ unknown Tabla Artist",
      "duration": 686.37,
      "formats": [
        {
          "format": "VBR MP3",
          "filename": "GD68-01-23T10.mp3",
          "bitrate": "191"
        },
        {
          "format": "Shorten",
          "filename": "GD68-01-23T10.shn"
        }
      ]
    }
  ]
}