{
  "rating": 1.9285714285714286,
  "review_count": 7,
  "source_type": "UNKNOWN",
  "confidence": 1.0,
  "date": "1969-08-16",
  "venue": "Woodstock Music",
  "location": "Bethel, NY",
  "raw_rating": 3.857142857142857,
  "high_ratings": 5,
  "low_ratings": 1,
  "tracks": [
    {
      "track": "01",
      "title": "Stage Announcements, Introduction",
      "duration": 188.53,
      "formats": [
        {
          "format": "24bit Flac",
          "filename": "gd1969-08-16t01.flac"
        },
        {
          "format": "VBR MP3",
          "filename": "gd1969-08-16t01.mp3",
          "bitrate": "171"
        }
      ]
    },
    {
      "track": "02",
      "title": "Saint Stephen >",
      "duration": 124.85,
      "formats": [
        {
          "format": "24bit Flac",
          "filename": "gd1969-08-16t02.flac"
        },
        {
          "format": "VBR MP3",
          "filename": "gd1969-08-16t02.mp3",
          "bitrate": "190"
        }
      ]
    },
    {
      "track": "03",
      "title": "Mama Tried >",
      "duration": 162.33,
      "formats": [
        {
          "format": "24bit Flac",
          "filename": "gd1969-08-16t03.flac"
        },
        {
          "format": "VBR MP3",
          "filename": "gd1969-08-16t03.mp3",
          "bitrate": "185"
        }
      ]
    },
    {
      "track": "04",
      "title": "High Time false start",
      "duration": 38.92,
      "formats": [
        {
          "format": "24bit Flac",
          "filename": "gd1969-08-16t04.flac"
        },
        {
          "format": "VBR MP3",
          "filename": "gd1969-08-16t04.mp3",
          "bitrate": "161"
        }
      ]
    },
    {
      "track": "05",
      "title": "Stage Banter. Technical Difficulties",
      "duration": 628.58,
      "formats": [
        {
          "format": "24bit Flac",
          "filename": "gd1969-08-16t05.flac"
        },
        {
          "format": "VBR MP3",
          "filename": "gd1969-08-16t05.mp3",
          "bitrate": "158"
        }
      ]
    },
    {
      "track": "06",
      "title": "Dark Star >",
      "duration": 1145.72,
      "formats": [
        {
          "format": "24bit Flac",
          "filename": "gd1969-08-16t06.flac"
        },
        {
          "format": "VBR MP3",
          "filename": "gd1969-08-16t06.mp3",
          "bitrate": "185"
        }
      ]
    },
    {
      "track": "07",
      "title": "High Time",
      "duration": 370.42,
      "formats": [
        {
          "format": "24bit Flac",
          "filename": "gd1969-08-16t07.flac"
        },
        {
          "format": "VBR MP3",
          "filename": "gd1969-08-16t07.mp3",
          "bitrate": "173"
        }
      ]
    },
    {
      "track": "08",
      "title": "Turn On Your Lovelight",
      "duration": 2876.26,
      "formats": [
        {
          "format": "24bit Flac",
          "filename": "gd1969-08-16t08.flac"
        },
        {
          "format": "VBR MP3",
          "filename": "gd1969-08-16t08.mp3",
          "bitrate": "183"
        }
      ]
    },
    {
      "track": "09",
      "title": "Applause, Stage Announcements",
      "duration": 111.98,
      "formats": [
        {
          "format": "24bit Flac",
          "filename": "gd1969-08-16t09.flac"
        },
        {
          "format": "VBR MP3",
          "filename": "gd1969-08-16t09.mp3",
          "bitrate": "151"
        }
      ]
    }
  ]
}