{
  "rating": 1.5,
  "review_count": 1,
  "source_type": "UNKNOWN",
  "confidence": 0.2,
  "date": "1969-03-02",
  "venue": "Fillmore West",
  "location": "San Francisco, CA",
  "raw_rating": 5.0,
  "high_ratings": 1,
  "low_ratings": 0,
  "tracks": [
    {
      "track": "01",
      "title": "Dark Star ->",
      "duration": 741.26,
      "formats": [
        {
          "format": "VBR MP3",
          "filename": "gd69-03-02newd1t01.mp3",
          "bitrate": "193"
        },
        {
          "format": "Shorten",
          "filename": "gd69-03-02newd1t01.shn"
        }
      ]
    },
    {
      "track": "02",
      "title": "St Stephen ->",
      "duration": 248.24,
      "formats": [
        {
          "format": "VBR MP3",
          "filename": "gd69-03-02newd1t02.mp3",
          "bitrate": "189"
        },
        {
          "format": "Shorten",
          "filename": "gd69-03-02newd1t02.shn"
        }
      ]
    },
    {
      "track": "03",
      "title": "The Eleven ->",
      "duration": 585.62,
      "formats": [
        {
          "format": "VBR MP3",
          "filename": "gd69-03-02newd1t03.mp3",
          "bitrate": "197"
        },
        {
          "format": "Shorten",
          "filename": "gd69-03-02newd1t03.shn"
        }
      ]
    },
    {
      "track": "04",
      "title": "Turn On Your Lovelight",
      "duration": 619.02,
      "formats": [
        {
          "format": "VBR MP3",
          "filename": "gd69-03-02newd1t04.mp3",
          "bitrate": "194"
        },
        {
          "format": "Shorten",
          "filename": "gd69-03-02newd1t04.shn"
        }
      ]
    },
    {
      "track": "05",
      "title": "Doin' That Rag",
      "duration": 266.26,
      "formats": [
        {
          "format": "VBR MP3",
          "filename": "gd69-03-02newd2t01.mp3",
          "bitrate": "194"
        },
        {
          "format": "Shorten",
          "filename": "gd69-03-02newd2t01.shn"
        }
      ]
    },
    {
      "track": "06",
      "title": "Cryptical Envelopment ->",
      "duration": 81.44,
      "formats": [
        {
          "format": "VBR MP3",
          "filename": "gd69-03-02newd2t02.mp3",
          "bitrate": "195"
        },
        {
          "format": "Shorten",
          "filename": "gd69-03-02newd2t02.shn"
        }
      ]
    },
    {
      "track": "07",
      "title": "The Other One >",
      "duration": 401.78,
      "formats": [
        {
          "format": "VBR MP3",
          "filename": "gd69-03-02newd2t03.mp3",
          "bitrate": "199"
        },
        {
          "format": "Shorten",
          "filename": "gd69-03-02newd2t03.shn"
        }
      ]
    },
    {
      "track": "08",
      "title": "Cryptical Envelopment ->",
      "duration": 424.9,
      "formats": [
        {
          "format": "VBR MP3",
          "filename": "gd69-03-02newd2t04.mp3",
          "bitrate": "198"
        },
        {
          "format": "Shorten",
          "filename": "gd69-03-02newd2t04.shn"
        }
      ]
    },
    {
      "track": "09",
      "title": "Death Don't Have No Mercy",
      "duration": 383.08,
      "formats": [
        {
          "format": "VBR MP3",
          "filename": "gd69-03-02newd2t05.mp3",
          "bitrate": "187"
        },
        {
          "format": "Shorten",
          "filename": "gd69-03-02newd2t05.shn"
        }
      ]
    },
    {
      "track": "10",
      "title": "Morning Dew",
      "duration": 394.77,
      "formats": [
        {
          "format": "VBR MP3",
          "filename": "gd69-03-02newd2t06.mp3",
          "bitrate": "190"
        },
        {
          "format": "Shorten",
          "filename": "gd69-03-02newd2t06.shn"
        }
      ]
    },
    {
      "track": "11",
      "title": "Alligator ->",
      "duration": 161.71,
      "formats": [
        {
          "format": "VBR MP3",
          "filename": "gd69-03-02newd3t01.mp3",
          "bitrate": "195"
        },
        {
          "format": "Shorten",
          "filename": "gd69-03-02newd3t01.shn"
        }
      ]
    },
    {
      "track": "12",
      "title": "Drums ->",
      "duration": 259.07,
      "formats": [
        {
          "format": "VBR MP3",
          "filename": "gd69-03-02newd3t02.mp3",
          "bitrate": "200"
        },
        {
          "format": "Shorten",
          "filename": "gd69-03-02newd3t02.shn"
        }
      ]
    },
    {
      "track": "13",
      "title": "Caution Jam ->",
      "duration": 915.25,
      "formats": [
        {
          "format": "VBR MP3",
          "filename": "gd69-03-02newd3t03.mp3",
          "bitrate": "199"
        },
        {
          "format": "Shorten",
          "filename": "gd69-03-02newd3t03.shn"
        }
      ]
    },
    {
      "track": "14",
      "title": "Caution (Do Not Stop On Tracks)->",
      "duration": 443.26,
      "formats": [
        {
          "format": "VBR MP3",
          "filename": "gd69-03-02newd3t04.mp3",
          "bitrate": "201"
        },
        {
          "format": "Shorten",
          "filename": "gd69-03-02newd3t04.shn"
        }
      ]
    },
    {
      "track": "15",
      "title": "Feedback",
      "duration": 262.01,
      "formats": [
        {
          "format": "VBR MP3",
          "filename": "gd69-03-02newd3t05.mp3",
          "bitrate": "184"
        },
        {
          "format": "Shorten",
          "filename": "gd69-03-02newd3t05.shn"
        }
      ]
    },
    {
      "track": "16",
      "title": "And We Bid You Goodnight",
      "duration": 17.88,
      "formats": [
        {
          "format": "VBR MP3",
          "filename": "gd69-03-02newd3t06.mp3",
          "bitrate": "169"
        },
        {
          "format": "Shorten",
          "filename": "gd69-03-02newd3t06.shn"
        }
      ]
    }
  ]
}