{
  "rating": 1.9375,
  "review_count": 8,
  "source_type": "UNKNOWN",
  "confidence": 1.0,
  "date": "1966-01-29",
  "venue": "363 6th Street",
  "location": "San Francisco, CA",
  "raw_rating": 3.875,
  "high_ratings": 5,
  "low_ratings": 2,
  "tracks": [
    {
      "track": "01",
      "title": "Ken Kesey interviewed by Frank Fey",
      "duration": 206.12,
      "formats": [
        {
          "format": "VBR MP3",
          "filename": "Acid1_07.mp3",
          "bitrate": "177"
        },
        {
          "format": "Shorten",
          "filename": "Acid1_07.shn"
        }
      ]
    },
    {
      "track": "02",
      "title": "Ken Babbs and harmonica",
      "duration": 101.82,
      "formats": [
        {
          "format": "VBR MP3",
          "filename": "Acid1_08.mp3",
          "bitrate": "180"
        },
        {
          "format": "Shorten",
          "filename": "Acid1_08.shn"
        }
      ]
    },
    {
      "track": "03",
      "title": "Take Two: Ken Kesey",
      "duration": 23.98,
      "formats": [
        {
          "format": "VBR MP3",
          "filename": "Acid1_09.mp3",
          "bitrate": "177"
        },
        {
          "format": "Shorten",
          "filename": "Acid1_09.shn"
        }
      ]
    },
    {
      "track": "04",
      "title": "Bull",
      "duration": 25.01,
      "formats": [
        {
          "format": "VBR MP3",
          "filename": "Acid1_10.mp3",
          "bitrate": "177"
        },
        {
          "format": "Shorten",
          "filename": "Acid1_10.shn"
        }
      ]
    },
    {
      "track": "05",
      "title": "Peggy The Pistol",
      "duration": 143.46,
      "formats": [
        {
          "format": "VBR MP3",
          "filename": "Acid1_11.mp3",
          "bitrate": "179"
        },
        {
          "format": "Shorten",
          "filename": "Acid1_11.shn"
        }
      ]
    },
    {
      "track": "06",
      "title": "One-way Ticket",
      "duration": 278.49,
      "formats": [
        {
          "format": "VBR MP3",
          "filename": "Acid1_12.mp3",
          "bitrate": "180"
        },
        {
          "format": "Shorten",
          "filename": "Acid1_12.shn"
        }
      ]
    },
    {
      "track": "07",
      "title": "Bells and Fairies",
      "duration": 52.02,
      "formats": [
        {
          "format": "VBR MP3",
          "filename": "Acid1_13.mp3",
          "bitrate": "181"
        },
        {
          "format": "Shorten",
          "filename": "Acid1_13.shn"
        }
      ]
    },
    {
      "track": "08",
      "title": "Levitation",
      "duration": 151.22,
      "formats": [
        {
          "format": "VBR MP3",
          "filename": "Acid1_14.mp3",
          "bitrate": "181"
        },
        {
          "format": "Shorten",
          "filename": "Acid1_14.shn"
        }
      ]
    },
    {
      "track": "09",
      "title": "Trip X",
      "duration": 54.72,
      "formats": [
        {
          "format": "VBR MP3",
          "filename": "Acid1_15.mp3",
          "bitrate": "181"
        },
        {
          "format": "Shorten",
          "filename": "Acid1_15.shn"
        }
      ]
    },
    {
      "track": "10",
      "title": "The End",
      "duration": 22.15,
      "formats": [
        {
          "format": "VBR MP3",
          "filename": "Acid1_16.mp3",
          "bitrate": "164"
        },
        {
          "format": "Shorten",
          "filename": "Acid1_16.shn"
        }
      ]
    }
  ]
}