{
  "rating": 2.3,
  "review_count": 5,
  "source_type": "UNKNOWN",
  "confidence": 1.0,
  "date": "1967-03-18",
  "venue": "Carousel Ballroom",
  "location": "San Francisco, CA",
  "raw_rating": 4.6,
  "high_ratings": 5,
  "low_ratings": 0,
  "tracks": [
    {
      "track": "01",
      "title": "Me and My Uncle",
      "duration": 176.08,
      "formats": [
        {
          "format": "Flac",
          "filename": "01 Me and My Uncle.flac"
        }
      ]
    },
    {
      "track": "02",
      "title": "Next Time You See Me",
      "duration": 211.51,
      "formats": [
        {
          "format": "Flac",
          "filename": "02 Next Time You See Me.flac"
        }
      ]
    },
    {
      "track": "03",
      "title": "He Was A Friend of Mine",
      "duration": 289.72,
      "formats": [
        {
          "format": "Flac",
          "filename": "03 He Was A Friend Of Mine.flac"
        }
      ]
    },
    {
      "track": "04",
      "title": "Smokestack Lightnin'",
      "duration": 545.01,
      "formats": [
        {
          "format": "Flac",
          "filename": "04 Smokestack Lightinin'.flac"
        }
      ]
    },
    {
      "track": "05",
      "title": "Morning Dew",
      "duration": 329.96,
      "formats": [
        {
          "format": "Flac",
          "filename": "05 Morning Dew.flac"
        }
      ]
    },
    {
      "track": "06",
      "title": "It Hurts Me Too",
      "duration": 244.32,
      "formats": [
        {
          "format": "Flac",
          "filename": "06 It Hurts Me Too.flac"
        }
      ]
    },
    {
      "track": "07",
      "title": "Beat It On Down the Line",
      "duration": 169.15,
      "formats": [
        {
          "format": "Flac",
          "filename": "07 Beat It On Down the Line.flac"
        }
      ]
    },
    {
      "track": "08",
      "title": "Dancing in the Streets",
      "duration": 661.41,
      "formats": [
        {
          "format": "Flac",
          "filename": "08 Dancing in the Streets.flac"
        }
      ]
    },
    {
      "track": "09",
      "title": "The Golden Road (To Unlimited Devotion)",
      "duration": 119.41,
      "formats": [
        {
          "format": "Flac",
          "filename": "09 The Golden Road (To Unlimited Devotion).flac"
        }
      ]
    },
    {
      "track": "10",
      "title": "Cream Puff War",
      "duration": 386.69,
      "formats": [
        {
          "format": "Flac",
          "filename": "10 Cream Puff War.flac"
        }
      ]
    },
    {
      "track": "11",
      "title": "The Same Thing",
      "duration": 707.24,
      "formats": [
        {
          "format": "Flac",
          "filename": "11 The Same Thing.flac"
        }
      ]
    },
    {
      "track": "12",
      "title": "Cold Rain and Snow",
      "duration": 191.55,
      "formats": [
        {
          "format": "Flac",
          "filename": "12 Cold Rain and Snow.flac"
        }
      ]
    },
    {
      "track": "13",
      "title": "Viola Lee Blues",
      "duration": 854.38,
      "formats": [
        {
          "format": "Flac",
          "filename": "13 Viola Lee Blues.flac"
        }
      ]
    },
    {
      "track": "14",
      "title": "Death Don't Have No Mercy//",
      "duration": 397.45,
      "formats": [
        {
          "format": "Flac",
          "filename": "14 Death Don't Have No Mercy.flac"
        }
      ]
    }
  ]
}