{
  "rating": 3.3249999999999997,
  "review_count": 8,
  "source_type": "AUD",
  "confidence": 1.0,
  "date": "1966-07-17",
  "venue": "Fillmore Auditorium",
  "location": "San Francisco, CA",
  "raw_rating": 4.75,
  "high_ratings": 8,
  "low_ratings": 0,
  "tracks": [
    {
      "track": "01",
      "title": "Big Boss Man",
      "duration": 159.98,
      "formats": [
        {
          "format": "VBR MP3",
          "filename": "gd66-07-17d1t01.mp3",
          "bitrate": "192"
        },
        {
          "format": "Shorten",
          "filename": "gd66-07-17d1t01.shn"
        }
      ]
    },
    {
      "track": "02",
      "title": "Standing On The Corner",
      "duration": 118.86,
      "formats": [
        {
          "format": "VBR MP3",
          "filename": "gd66-07-17d1t02.mp3",
          "bitrate": "194"
        },
        {
          "format": "Shorten",
          "filename": "gd66-07-17d1t02.shn"
        }
      ]
    },
    {
      "track": "03",
      "title": "Beat It On Down The Line",
      "duration": 100.13,
      "formats": [
        {
          "format": "VBR MP3",
          "filename": "gd66-07-17d1t03.mp3",
          "bitrate": "200"
        },
        {
          "format": "Shorten",
          "filename": "gd66-07-17d1t03.shn"
        }
      ]
    },
    {
      "track": "04",
      "title": "In The Pines",
      "duration": 168.56,
      "formats": [
        {
          "format": "VBR MP3",
          "filename": "gd66-07-17d1t04.mp3",
          "bitrate": "194"
        },
        {
          "format": "Shorten",
          "filename": "gd66-07-17d1t04.shn"
        }
      ]
    },
    {
      "track": "05",
      "title": "Cardboard Cowboy",
      "duration": 88.02,
      "formats": [
        {
          "format": "VBR MP3",
          "filename": "gd66-07-17d1t05.mp3",
          "bitrate": "196"
        },
        {
          "format": "Shorten",
          "filename": "gd66-07-17d1t05.shn"
        }
      ]
    },
    {
      "track": "06",
      "title": "Noby's Fault But Mine",
      "duration": 138.46,
      "formats": [
        {
          "format": "VBR MP3",
          "filename": "gd66-07-17d1t06.mp3",
          "bitrate": "196"
        },
        {
          "format": "Shorten",
          "filename": "gd66-07-17d1t06.shn"
        }
      ]
    },
    {
      "track": "07",
      "title": "Next Time You See Me",
      "duration": 89.18,
      "formats": [
        {
          "format": "VBR MP3",
          "filename": "gd66-07-17d1t07.mp3",
          "bitrate": "193"
        },
        {
          "format": "Shorten",
          "filename": "gd66-07-17d1t07.shn"
        }
      ]
    }
  ]
}