{
  "rating": 2.25,
  "review_count": 4,
  "source_type": "UNKNOWN",
  "confidence": 0.8,
  "date": "1969-02-07",
  "venue": "Stanley Theater (Early, Late)",
  "location": "Pittsburgh, PA",
  "raw_rating": 5.0,
  "high_ratings": 4,
  "low_ratings": 0,
  "tracks": [
    {
      "track": "01",
      "title": "Intro >",
      "duration": 28.63,
      "formats": [
        {
          "format": "Flac",
          "filename": "gd1969-02-07et01.flac"
        },
        {
          "format": "VBR MP3",
          "filename": "gd1969-02-07et01.mp3",
          "bitrate": "176"
        }
      ]
    },
    {
      "track": "02",
      "title": "Dark Star >",
      "duration": 846.69,
      "formats": [
        {
          "format": "Flac",
          "filename": "gd1969-02-07et02.flac"
        },
        {
          "format": "VBR MP3",
          "filename": "gd1969-02-07et02.mp3",
          "bitrate": "179"
        }
      ]
    },
    {
      "track": "03",
      "title": "St. Stephen >",
      "duration": 321.71,
      "formats": [
        {
          "format": "Flac",
          "filename": "gd1969-02-07et03.flac"
        },
        {
          "format": "VBR MP3",
          "filename": "gd1969-02-07et03.mp3",
          "bitrate": "176"
        }
      ]
    },
    {
      "track": "04",
      "title": "William Tell Bridge >",
      "duration": 309.41,
      "formats": [
        {
          "format": "Flac",
          "filename": "gd1969-02-07et04.flac"
        },
        {
          "format": "VBR MP3",
          "filename": "gd1969-02-07et04.mp3",
          "bitrate": "179"
        }
      ]
    },
    {
      "track": "05",
      "title": "The Eleven >",
      "duration": 621.55,
      "formats": [
        {
          "format": "Flac",
          "filename": "gd1969-02-07et05.flac"
        },
        {
          "format": "VBR MP3",
          "filename": "gd1969-02-07et05.mp3",
          "bitrate": "177"
        }
      ]
    },
    {
      "track": "06",
      "title": "Turn On Your//Love Light",
      "duration": 810.8,
      "formats": [
        {
          "format": "Flac",
          "filename": "gd1969-02-07et06.flac"
        },
        {
          "format": "VBR MP3",
          "filename": "gd1969-02-07et06.mp3",
          "bitrate": "177"
        }
      ]
    },
    {
      "track": "07",
      "title": "George Washington Story/banter",
      "duration": 82.6,
      "formats": [
        {
          "format": "Flac",
          "filename": "gd1969-02-07lt01.flac"
        },
        {
          "format": "VBR MP3",
          "filename": "gd1969-02-07lt01.mp3",
          "bitrate": "176"
        }
      ]
    },
    {
      "track": "08",
      "title": "Cryptical Envelopment >",
      "duration": 114.6,
      "formats": [
        {
          "format": "Flac",
          "filename": "gd1969-02-07lt02.flac"
        },
        {
          "format": "VBR MP3",
          "filename": "gd1969-02-07lt02.mp3",
          "bitrate": "178"
        }
      ]
    },
    {
      "track": "09",
      "title": "The Other One >",
      "duration": 447.11,
      "formats": [
        {
          "format": "Flac",
          "filename": "gd1969-02-07lt03.flac"
        },
        {
          "format": "VBR MP3",
          "filename": "gd1969-02-07lt03.mp3",
          "bitrate": "181"
        }
      ]
    },
    {
      "track": "10",
      "title": "Cryptical Envelopment >",
      "duration": 544.49,
      "formats": [
        {
          "format": "Flac",
          "filename": "gd1969-02-07lt04.flac"
        },
        {
          "format": "VBR MP3",
          "filename": "gd1969-02-07lt04.mp3",
          "bitrate": "179"
        }
      ]
    },
    {
      "track": "11",
      "title": "Death Don't Have No Mercy",
      "duration": 594.92,
      "formats": [
        {
          "format": "Flac",
          "filename": "gd1969-02-07lt05.flac"
        },
        {
          "format": "VBR MP3",
          "filename": "gd1969-02-07lt05.mp3",
          "bitrate": "177"
        }
      ]
    },
    {
      "track": "12",
      "title": "tuning",
      "duration": 99.76,
      "formats": [
        {
          "format": "Flac",
          "filename": "gd1969-02-07lt06.flac"
        },
        {
          "format": "VBR MP3",
          "filename": "gd1969-02-07lt06.mp3",
          "bitrate": "177"
        }
      ]
    },
    {
      "track": "13",
      "title": "Alligator >",
      "duration": 223.41,
      "formats": [
        {
          "format": "Flac",
          "filename": "gd1969-02-07lt07.flac"
        },
        {
          "format": "VBR MP3",
          "filename": "gd1969-02-07lt07.mp3",
          "bitrate": "179"
        }
      ]
    },
    {
      "track": "14",
      "title": "Drums >",
      "duration": 231.19,
      "formats": [
        {
          "format": "Flac",
          "filename": "gd1969-02-07lt08.flac"
        },
        {
          "format": "VBR MP3",
          "filename": "gd1969-02-07lt08.mp3",
          "bitrate": "183"
        }
      ]
    },
    {
      "track": "15",
      "title": "Jam >",
      "duration": 65.27,
      "formats": [
        {
          "format": "Flac",
          "filename": "gd1969-02-07lt09.flac"
        },
        {
          "format": "VBR MP3",
          "filename": "gd1969-02-07lt09.mp3",
          "bitrate": "181"
        }
      ]
    },
    {
      "track": "16",
      "title": "China Cat jam >",
      "duration": 79.04,
      "formats": [
        {
          "format": "Flac",
          "filename": "gd1969-02-07lt10.flac"
        },
        {
          "format": "VBR MP3",
          "filename": "gd1969-02-07lt10.mp3",
          "bitrate": "180"
        }
      ]
    },
    {
      "track": "17",
      "title": "Jam >",
      "duration": 472.03,
      "formats": [
        {
          "format": "Flac",
          "filename": "gd1969-02-07lt11.flac"
        },
        {
          "format": "VBR MP3",
          "filename": "gd1969-02-07lt11.mp3",
          "bitrate": "179"
        }
      ]
    },
    {
      "track": "18",
      "title": "Caution (Do Not Stop On Tracks) >",
      "duration": 393.28,
      "formats": [
        {
          "format": "Flac",
          "filename": "gd1969-02-07lt12.flac"
        },
        {
          "format": "VBR MP3",
          "filename": "gd1969-02-07lt12.mp3",
          "bitrate": "181"
        }
      ]
    },
    {
      "track": "19",
      "title": "Feedback >",
      "duration": 242.81,
      "formats": [
        {
          "format": "Flac",
          "filename": "gd1969-02-07lt13.flac"
        },
        {
          "format": "VBR MP3",
          "filename": "gd1969-02-07lt13.mp3",
          "bitrate": "179"
        }
      ]
    },
    {
      "track": "20",
      "title": "And We Bid You Good Night",
      "duration": 107.19,
      "formats": [
        {
          "format": "Flac",
          "filename": "gd1969-02-07lt14.flac"
        },
        {
          "format": "VBR MP3",
          "filename": "gd1969-02-07lt14.mp3",
          "bitrate": "175"
        }
      ]
    }
  ]
}