{
  "rating": 1.575,
  "review_count": 4,
  "source_type": "UNKNOWN",
  "confidence": 0.8,
  "date": "1968-11-22",
  "venue": "Veterans Hall",
  "location": "Columbus, OH",
  "raw_rating": 3.5,
  "high_ratings": 2,
  "low_ratings": 1,
  "tracks": [
    {
      "track": "01",
      "title": "Morning Dew",
      "duration": 265.91,
      "formats": [
        {
          "format": "VBR MP3",
          "filename": "gd68-11-22d1t01.mp3",
          "bitrate": "191"
        },
        {
          "format": "Shorten",
          "filename": "gd68-11-22d1t01.shn"
        }
      ]
    },
    {
      "track": "02",
      "title": "Good Morning, Little Schoolgirl",
      "duration": 338.11,
      "formats": [
        {
          "format": "VBR MP3",
          "filename": "gd68-11-22d1t02.mp3",
          "bitrate": "194"
        },
        {
          "format": "Shorten",
          "filename": "gd68-11-22d1t02.shn"
        }
      ]
    },
    {
      "track": "03",
      "title": "Dark Star-->",
      "duration": 391.21,
      "formats": [
        {
          "format": "VBR MP3",
          "filename": "gd68-11-22d1t03.mp3",
          "bitrate": "189"
        },
        {
          "format": "Shorten",
          "filename": "gd68-11-22d1t03.shn"
        }
      ]
    },
    {
      "track": "04",
      "title": "St. Stephen-->",
      "duration": 154.67,
      "formats": [
        {
          "format": "VBR MP3",
          "filename": "gd68-11-22d1t04.mp3",
          "bitrate": "184"
        },
        {
          "format": "Shorten",
          "filename": "gd68-11-22d1t04.shn"
        }
      ]
    },
    {
      "track": "05",
      "title": "The Eleven-->",
      "duration": 349.42,
      "formats": [
        {
          "format": "VBR MP3",
          "filename": "gd68-11-22d1t05.mp3",
          "bitrate": "204"
        },
        {
          "format": "Shorten",
          "filename": "gd68-11-22d1t05.shn"
        }
      ]
    },
    {
      "track": "06",
      "title": "Turn On Your Lovelight",
      "duration": 330.42,
      "formats": [
        {
          "format": "VBR MP3",
          "filename": "gd68-11-22d1t06-fixed.mp3",
          "bitrate": "196"
        },
        {
          "format": "Shorten",
          "filename": "gd68-11-22d1t06-fixed.shn"
        }
      ]
    },
    {
      "track": "07",
      "title": "Cryptical Envelopment-->",
      "duration": 54.91,
      "formats": [
        {
          "format": "VBR MP3",
          "filename": "gd68-11-22d2t01.mp3",
          "bitrate": "200"
        },
        {
          "format": "Shorten",
          "filename": "gd68-11-22d2t01.shn"
        }
      ]
    },
    {
      "track": "08",
      "title": "The Other One-->",
      "duration": 171.04,
      "formats": [
        {
          "format": "VBR MP3",
          "filename": "gd68-11-22d2t02.mp3",
          "bitrate": "206"
        },
        {
          "format": "Shorten",
          "filename": "gd68-11-22d2t02.shn"
        }
      ]
    },
    {
      "track": "09",
      "title": "Cryptical Envelopment-->",
      "duration": 279.18,
      "formats": [
        {
          "format": "VBR MP3",
          "filename": "gd68-11-22d2t03.mp3",
          "bitrate": "205"
        },
        {
          "format": "Shorten",
          "filename": "gd68-11-22d2t03.shn"
        }
      ]
    },
    {
      "track": "10",
      "title": "New Potato Caboose",
      "duration": 357.47,
      "formats": [
        {
          "format": "VBR MP3",
          "filename": "gd68-11-22d2t04.mp3",
          "bitrate": "192"
        },
        {
          "format": "Shorten",
          "filename": "gd68-11-22d2t04.shn"
        }
      ]
    },
    {
      "track": "11",
      "title": "We Bid You Goodnight",
      "duration": 89.31,
      "formats": [
        {
          "format": "VBR MP3",
          "filename": "gd68-11-22d2t05-fixed.mp3",
          "bitrate": "212"
        },
        {
          "format": "Shorten",
          "filename": "gd68-11-22d2t05-fixed.shn"
        }
      ]
    }
  ]
}