{
  "rating": 3.7500000000000004,
  "review_count": 6,
  "source_type": "MATRIX",
  "confidence": 1.0,
  "date": "1968-10-08",
  "venue": "The Matrix Club",
  "location": "San Francisco, CA",
  "raw_rating": 4.166666666666667,
  "high_ratings": 4,
  "low_ratings": 0,
  "tracks": [
    {
      "track": "01",
      "title": "Clementine Jam (",
      "duration": 329.04,
      "formats": [
        {
          "format": "Flac",
          "filename": "gd68-10-08d1t01.flac"
        },
        {
          "format": "VBR MP3",
          "filename": "gd68-10-08d1t01.mp3",
          "bitrate": "176"
        }
      ]
    },
    {
      "track": "02",
      "title": "Clementine Jam >",
      "duration": 815.77,
      "formats": [
        {
          "format": "Flac",
          "filename": "gd68-10-08d1t02.flac"
        },
        {
          "format": "VBR MP3",
          "filename": "gd68-10-08d1t02.mp3",
          "bitrate": "176"
        }
      ]
    },
    {
      "track": "03",
      "title": "The Eleven Jam >",
      "duration": 561.96,
      "formats": [
        {
          "format": "Flac",
          "filename": "gd68-10-08d1t03.flac"
        },
        {
          "format": "VBR MP3",
          "filename": "gd68-10-08d1t03.mp3",
          "bitrate": "193"
        }
      ]
    },
    {
      "track": "04",
      "title": "Death Don't Have No Mercy",
      "duration": 664.04,
      "formats": [
        {
          "format": "Flac",
          "filename": "gd68-10-08d1t04.flac"
        },
        {
          "format": "VBR MP3",
          "filename": "gd68-10-08d1t04.mp3",
          "bitrate": "178"
        }
      ]
    },
    {
      "track": "05",
      "title": "The Seven",
      "duration": 1045.09,
      "formats": [
        {
          "format": "Flac",
          "filename": "gd68-10-08d1t05.flac"
        },
        {
          "format": "VBR MP3",
          "filename": "gd68-10-08d1t05.mp3",
          "bitrate": "186"
        }
      ]
    },
    {
      "track": "06",
      "title": "Dark Star Jam >",
      "duration": 774.66,
      "formats": [
        {
          "format": "Flac",
          "filename": "gd68-10-08d1t06.flac"
        },
        {
          "format": "VBR MP3",
          "filename": "gd68-10-08d1t06.mp3",
          "bitrate": "178"
        }
      ]
    },
    {
      "track": "07",
      "title": "Cosmic Charlie",
      "duration": 261.66,
      "formats": [
        {
          "format": "Flac",
          "filename": "gd68-10-08d1t07.flac"
        },
        {
          "format": "VBR MP3",
          "filename": "gd68-10-08d1t07.mp3",
          "bitrate": "194"
        }
      ]
    }
  ]
}