{
  "rating": 1.5,
  "review_count": 1,
  "source_type": "UNKNOWN",
  "confidence": 0.2,
  "date": "1969-08-30",
  "venue": "Family Dog at the Great Highway",
  "location": "San Francisco, CA",
  "raw_rating": 5.0,
  "high_ratings": 1,
  "low_ratings": 0,
  "tracks": [
    {
      "track": "01",
      "title": "China Cat Sunflower ->",
      "duration": 338.08,
      "formats": [
        {
          "format": "Flac",
          "filename": "gd1969-08-30d1t01.flac"
        },
        {
          "format": "VBR MP3",
          "filename": "gd1969-08-30d1t01.mp3",
          "bitrate": "190"
        }
      ]
    },
    {
      "track": "02",
      "title": "Doin' that Rag",
      "duration": 504.48,
      "formats": [
        {
          "format": "Flac",
          "filename": "gd1969-08-30d1t02.flac"
        },
        {
          "format": "VBR MP3",
          "filename": "gd1969-08-30d1t02.mp3",
          "bitrate": "188"
        }
      ]
    },
    {
      "track": "03",
      "title": "Morning Dew",
      "duration": 659.28,
      "formats": [
        {
          "format": "Flac",
          "filename": "gd1969-08-30d1t03.flac"
        },
        {
          "format": "VBR MP3",
          "filename": "gd1969-08-30d1t03.mp3",
          "bitrate": "193"
        }
      ]
    },
    {
      "track": "04",
      "title": "Easy wind",
      "duration": 527.46,
      "formats": [
        {
          "format": "Flac",
          "filename": "gd1969-08-30d1t04.flac"
        },
        {
          "format": "VBR MP3",
          "filename": "gd1969-08-30d1t04.mp3",
          "bitrate": "184"
        }
      ]
    },
    {
      "track": "05",
      "title": "Dark Star ->",
      "duration": 1736.01,
      "formats": [
        {
          "format": "Flac",
          "filename": "gd1969-08-30d2t01.flac"
        },
        {
          "format": "VBR MP3",
          "filename": "gd1969-08-30d2t01.mp3",
          "bitrate": "193"
        }
      ]
    },
    {
      "track": "06",
      "title": "Saint Stephen ->",
      "duration": 386.3,
      "formats": [
        {
          "format": "Flac",
          "filename": "gd1969-08-30d2t02.flac"
        },
        {
          "format": "VBR MP3",
          "filename": "gd1969-08-30d2t02.mp3",
          "bitrate": "187"
        }
      ]
    },
    {
      "track": "07",
      "title": "The Eleven ->",
      "duration": 385.66,
      "formats": [
        {
          "format": "Flac",
          "filename": "gd1969-08-30d2t03.flac"
        },
        {
          "format": "VBR MP3",
          "filename": "gd1969-08-30d2t03.mp3",
          "bitrate": "192"
        }
      ]
    },
    {
      "track": "08",
      "title": "Drums ->",
      "duration": 350.74,
      "formats": [
        {
          "format": "Flac",
          "filename": "gd1969-08-30d2t04.flac"
        },
        {
          "format": "VBR MP3",
          "filename": "gd1969-08-30d2t04.mp3",
          "bitrate": "193"
        }
      ]
    },
    {
      "track": "09",
      "title": "High /Time",
      "duration": 389.92,
      "formats": [
        {
          "format": "Flac",
          "filename": "gd1969-08-30d2t05.flac"
        },
        {
          "format": "VBR MP3",
          "filename": "gd1969-08-30d2t05.mp3",
          "bitrate": "186"
        }
      ]
    }
  ]
}