{
  "rating": 1.4,
  "review_count": 5,
  "source_type": "UNKNOWN",
  "confidence": 1.0,
  "date": "1969-05-10",
  "venue": "Rose Palace",
  "location": "Pasadena, CA",
  "raw_rating": 2.8,
  "high_ratings": 3,
  "low_ratings": 2,
  "tracks": [
    {
      "track": "01",
      "title": "Intro",
      "duration": 278.61,
      "formats": [
        {
          "format": "Flac",
          "filename": "gd1969-05-10t01.flac"
        },
        {
          "format": "VBR MP3",
          "filename": "gd1969-05-10t01.mp3",
          "bitrate": "162"
        }
      ]
    },
    {
      "track": "02",
      "title": "Hard To Handle",
      "duration": 397.52,
      "formats": [
        {
          "format": "Flac",
          "filename": "gd1969-05-10t02.flac"
        },
        {
          "format": "VBR MP3",
          "filename": "gd1969-05-10t02.mp3",
          "bitrate": "166"
        }
      ]
    },
    {
      "track": "03",
      "title": "Me And My Uncle",
      "duration": 265.83,
      "formats": [
        {
          "format": "Flac",
          "filename": "gd1969-05-10t03.flac"
        },
        {
          "format": "VBR MP3",
          "filename": "gd1969-05-10t03.mp3",
          "bitrate": "165"
        }
      ]
    },
    {
      "track": "04",
      "title": "Morning Dew",
      "duration": 493.0,
      "formats": [
        {
          "format": "Flac",
          "filename": "gd1969-05-10t04.flac"
        },
        {
          "format": "VBR MP3",
          "filename": "gd1969-05-10t04.mp3",
          "bitrate": "167"
        }
      ]
    },
    {
      "track": "05",
      "title": "power failure/banter/Yellow Dog Story/tuning",
      "duration": 139.25,
      "formats": [
        {
          "format": "Flac",
          "filename": "gd1969-05-10t05.flac"
        },
        {
          "format": "VBR MP3",
          "filename": "gd1969-05-10t05.mp3",
          "bitrate": "164"
        }
      ]
    },
    {
      "track": "06",
      "title": "Doin'//That Rag",
      "duration": 393.49,
      "formats": [
        {
          "format": "Flac",
          "filename": "gd1969-05-10t06.flac"
        },
        {
          "format": "VBR MP3",
          "filename": "gd1969-05-10t06.mp3",
          "bitrate": "166"
        }
      ]
    },
    {
      "track": "07",
      "title": "tech problem/banter/tuning",
      "duration": 127.39,
      "formats": [
        {
          "format": "Flac",
          "filename": "gd1969-05-10t07.flac"
        },
        {
          "format": "VBR MP3",
          "filename": "gd1969-05-10t07.mp3",
          "bitrate": "167"
        }
      ]
    },
    {
      "track": "08",
      "title": "Dark Star >",
      "duration": 1256.47,
      "formats": [
        {
          "format": "Flac",
          "filename": "gd1969-05-10t08.flac"
        },
        {
          "format": "VBR MP3",
          "filename": "gd1969-05-10t08.mp3",
          "bitrate": "165"
        }
      ]
    },
    {
      "track": "09",
      "title": "St. Stephen >",
      "duration": 545.28,
      "formats": [
        {
          "format": "Flac",
          "filename": "gd1969-05-10t09.flac"
        },
        {
          "format": "VBR MP3",
          "filename": "gd1969-05-10t09.mp3",
          "bitrate": "173"
        }
      ]
    },
    {
      "track": "10",
      "title": "The Eleven >",
      "duration": 773.93,
      "formats": [
        {
          "format": "Flac",
          "filename": "gd1969-05-10t10.flac"
        },
        {
          "format": "VBR MP3",
          "filename": "gd1969-05-10t10.mp3",
          "bitrate": "178"
        }
      ]
    },
    {
      "track": "11",
      "title": "Turn//On Your Love Light",
      "duration": 1775.45,
      "formats": [
        {
          "format": "Flac",
          "filename": "gd1969-05-10t11.flac"
        },
        {
          "format": "VBR MP3",
          "filename": "gd1969-05-10t11.mp3",
          "bitrate": "171"
        }
      ]
    }
  ]
}