{
  "rating": 0.0,
  "review_count": 0,
  "source_type": "UNKNOWN",
  "confidence": 0.0,
  "date": "1969-06-01",
  "venue": "Avalon Ballroom",
  "location": "San Framcisco, CA",
  "raw_rating": 0.0,
  "high_ratings": 0,
  "low_ratings": 0,
  "tracks": [
    {
      "track": "01",
      "title": "The//Other One *",
      "duration": 725.56,
      "formats": [
        {
          "format": "Flac",
          "filename": "gd1969-xx-xxt01.flac"
        },
        {
          "format": "VBR MP3",
          "filename": "gd1969-xx-xxt01.mp3",
          "bitrate": "171"
        }
      ]
    },
    {
      "track": "02",
      "title": "Doin' That Rag",
      "duration": 243.45,
      "formats": [
        {
          "format": "Flac",
          "filename": "gd1969-xx-xxt02.flac"
        },
        {
          "format": "VBR MP3",
          "filename": "gd1969-xx-xxt02.mp3",
          "bitrate": "171"
        }
      ]
    },
    {
      "track": "03",
      "title": "discussion regarding monitors",
      "duration": 82.8,
      "formats": [
        {
          "format": "Flac",
          "filename": "gd1969-xx-xxt03.flac"
        },
        {
          "format": "VBR MP3",
          "filename": "gd1969-xx-xxt03.mp3",
          "bitrate": "175"
        }
      ]
    },
    {
      "track": "04",
      "title": "Doin' That Rag x 2",
      "duration": 288.07,
      "formats": [
        {
          "format": "Flac",
          "filename": "gd1969-xx-xxt04.flac"
        },
        {
          "format": "VBR MP3",
          "filename": "gd1969-xx-xxt04.mp3",
          "bitrate": "174"
        }
      ]
    },
    {
      "track": "05",
      "title": "Doin' That Rag",
      "duration": 460.92,
      "formats": [
        {
          "format": "Flac",
          "filename": "gd1969-xx-xxt05.flac"
        },
        {
          "format": "VBR MP3",
          "filename": "gd1969-xx-xxt05.mp3",
          "bitrate": "173"
        }
      ]
    },
    {
      "track": "06",
      "title": "Cosmic//Charlie",
      "duration": 254.87,
      "formats": [
        {
          "format": "Flac",
          "filename": "gd1969-xx-xxt06.flac"
        },
        {
          "format": "VBR MP3",
          "filename": "gd1969-xx-xxt06.mp3",
          "bitrate": "171"
        }
      ]
    },
    {
      "track": "07",
      "title": "Born Cross-Eyed > banter",
      "duration": 249.8,
      "formats": [
        {
          "format": "Flac",
          "filename": "gd1969-xx-xxt07.flac"
        },
        {
          "format": "VBR MP3",
          "filename": "gd1969-xx-xxt07.mp3",
          "bitrate": "176"
        }
      ]
    },
    {
      "track": "08",
      "title": "Dupree's Diamond Blues",
      "duration": 315.19,
      "formats": [
        {
          "format": "Flac",
          "filename": "gd1969-xx-xxt08.flac"
        },
        {
          "format": "VBR MP3",
          "filename": "gd1969-xx-xxt08.mp3",
          "bitrate": "174"
        }
      ]
    },
    {
      "track": "09",
      "title": "The Other One",
      "duration": 1303.0,
      "formats": [
        {
          "format": "Flac",
          "filename": "gd1969-xx-xxt09.flac"
        },
        {
          "format": "VBR MP3",
          "filename": "gd1969-xx-xxt09.mp3",
          "bitrate": "175"
        }
      ]
    }
  ]
}