{
  "rating": 0.0,
  "review_count": 0,
  "source_type": "UNKNOWN",
  "confidence": 0.0,
  "date": "1967-08-05",
  "venue": "O'Keefe Center",
  "location": "Toronto, ON",
  "raw_rating": 0.0,
  "high_ratings": 0,
  "low_ratings": 0,
  "tracks": [
    {
      "track": "01",
      "title": "Deep Elem Blues",
      "duration": 379.24,
      "formats": [
        {
          "format": "Flac",
          "filename": "01 Deep Elem Blues.flac"
        }
      ]
    },
    {
      "track": "02",
      "title": "Cold Rain and Snow",
      "duration": 223.75,
      "formats": [
        {
          "format": "Flac",
          "filename": "02 Cold Rain and Snow.flac"
        }
      ]
    },
    {
      "track": "03",
      "title": "Big Boss Man",
      "duration": 258.95,
      "formats": [
        {
          "format": "Flac",
          "filename": "03 Big Boss Man.flac"
        }
      ]
    },
    {
      "track": "04",
      "title": "That's It For The Other One *",
      "duration": 578.87,
      "formats": [
        {
          "format": "Flac",
          "filename": "04 That's It For The Other One.flac"
        }
      ]
    },
    {
      "track": "05",
      "title": "Tuning / Stage Banter}",
      "duration": 105.45,
      "formats": [
        {
          "format": "Flac",
          "filename": "05 {Tuning - Stage Banter}.flac"
        }
      ]
    },
    {
      "track": "06",
      "title": "I Know You Rider",
      "duration": 188.75,
      "formats": [
        {
          "format": "Flac",
          "filename": "06 I Know You Rider.flac"
        }
      ]
    },
    {
      "track": "07",
      "title": "Stage Banter / Tuning}",
      "duration": 103.44,
      "formats": [
        {
          "format": "Flac",
          "filename": "07 {Stage Banter - Tuning}.flac"
        }
      ]
    },
    {
      "track": "08",
      "title": "Dancing In The Streets",
      "duration": 506.2,
      "formats": [
        {
          "format": "Flac",
          "filename": "08 Dancing In The Streets.flac"
        }
      ]
    },
    {
      "track": "09",
      "title": "Stage Banter / Tuning}",
      "duration": 126.75,
      "formats": [
        {
          "format": "Flac",
          "filename": "09 {Stage Banter - Tuning}.flac"
        }
      ]
    },
    {
      "track": "10",
      "title": "Morning Dew",
      "duration": 325.11,
      "formats": [
        {
          "format": "Flac",
          "filename": "10 Morning Dew.flac"
        }
      ]
    },
    {
      "track": "11",
      "title": "It Hurts Me Too",
      "duration": 265.44,
      "formats": [
        {
          "format": "Flac",
          "filename": "11 It Hurts Me Too.flac"
        }
      ]
    },
    {
      "track": "12",
      "title": "Cold Rain and Snow",
      "duration": 208.95,
      "formats": [
        {
          "format": "Flac",
          "filename": "12 Cold Rain and Snow.flac"
        }
      ]
    },
    {
      "track": "13",
      "title": "Stage Banter / Tuning}",
      "duration": 99.63,
      "formats": [
        {
          "format": "Flac",
          "filename": "13 {Stage Banter - Tuning}.flac"
        }
      ]
    },
    {
      "track": "14",
      "title": "Turn On Your Lovelight *",
      "duration": 196.4,
      "formats": [
        {
          "format": "Flac",
          "filename": "14 Turn On Your Lovelight.flac"
        }
      ]
    }
  ]
}