{
  "rating": 2.3636363636363638,
  "review_count": 11,
  "source_type": "UNKNOWN",
  "confidence": 1.0,
  "date": "1969-04-21",
  "venue": "The Ark",
  "location": "Boston, MA",
  "raw_rating": 4.7272727272727275,
  "high_ratings": 11,
  "low_ratings": 0,
  "tracks": [
    {
      "track": "01",
      "title": "Introduction",
      "duration": 89.38,
      "formats": [
        {
          "format": "Flac",
          "filename": "gd69-04-21d1t01.flac"
        },
        {
          "format": "VBR MP3",
          "filename": "gd69-04-21d1t01.mp3",
          "bitrate": "182"
        }
      ]
    },
    {
      "track": "02",
      "title": "Hard To Handle",
      "duration": 326.12,
      "formats": [
        {
          "format": "Flac",
          "filename": "gd69-04-21d1t02.flac"
        },
        {
          "format": "VBR MP3",
          "filename": "gd69-04-21d1t02.mp3",
          "bitrate": "184"
        }
      ]
    },
    {
      "track": "03",
      "title": "Morning Dew",
      "duration": 565.13,
      "formats": [
        {
          "format": "Flac",
          "filename": "gd69-04-21d1t03.flac"
        },
        {
          "format": "VBR MP3",
          "filename": "gd69-04-21d1t03.mp3",
          "bitrate": "180"
        }
      ]
    },
    {
      "track": "04",
      "title": "Cryptical Envelopment ->",
      "duration": 117.6,
      "formats": [
        {
          "format": "Flac",
          "filename": "gd69-04-21d1t04.flac"
        },
        {
          "format": "VBR MP3",
          "filename": "gd69-04-21d1t04.mp3",
          "bitrate": "181"
        }
      ]
    },
    {
      "track": "05",
      "title": "Drums ->",
      "duration": 39.48,
      "formats": [
        {
          "format": "Flac",
          "filename": "gd69-04-21d1t05.flac"
        },
        {
          "format": "VBR MP3",
          "filename": "gd69-04-21d1t05.mp3",
          "bitrate": "181"
        }
      ]
    },
    {
      "track": "06",
      "title": "The Other One ->",
      "duration": 550.6,
      "formats": [
        {
          "format": "Flac",
          "filename": "gd69-04-21d1t06.flac"
        },
        {
          "format": "VBR MP3",
          "filename": "gd69-04-21d1t06.mp3",
          "bitrate": "188"
        }
      ]
    },
    {
      "track": "07",
      "title": "Cryptical Envelopment ->",
      "duration": 474.14,
      "formats": [
        {
          "format": "Flac",
          "filename": "gd69-04-21d1t07.flac"
        },
        {
          "format": "VBR MP3",
          "filename": "gd69-04-21d1t07.mp3",
          "bitrate": "175"
        }
      ]
    },
    {
      "track": "08",
      "title": "Sittin' On Top Of The World",
      "duration": 207.18,
      "formats": [
        {
          "format": "Flac",
          "filename": "gd69-04-21d1t08.flac"
        },
        {
          "format": "VBR MP3",
          "filename": "gd69-04-21d1t08.mp3",
          "bitrate": "184"
        }
      ]
    },
    {
      "track": "09",
      "title": "Alligator ->",
      "duration": 246.97,
      "formats": [
        {
          "format": "Flac",
          "filename": "gd69-04-21d1t09.flac"
        },
        {
          "format": "VBR MP3",
          "filename": "gd69-04-21d1t09.mp3",
          "bitrate": "185"
        }
      ]
    },
    {
      "track": "10",
      "title": "Drums ->",
      "duration": 206.58,
      "formats": [
        {
          "format": "Flac",
          "filename": "gd69-04-21d1t10.flac"
        },
        {
          "format": "VBR MP3",
          "filename": "gd69-04-21d1t10.mp3",
          "bitrate": "189"
        }
      ]
    },
    {
      "track": "11",
      "title": "Jam ->",
      "duration": 466.13,
      "formats": [
        {
          "format": "Flac",
          "filename": "gd69-04-21d1t11.flac"
        },
        {
          "format": "VBR MP3",
          "filename": "gd69-04-21d1t11.mp3",
          "bitrate": "186"
        }
      ]
    },
    {
      "track": "12",
      "title": "Doin' That Rag",
      "duration": 423.32,
      "formats": [
        {
          "format": "Flac",
          "filename": "gd69-04-21d1t12.flac"
        },
        {
          "format": "VBR MP3",
          "filename": "gd69-04-21d1t12.mp3",
          "bitrate": "181"
        }
      ]
    },
    {
      "track": "13",
      "title": "Foxy Lady Jam",
      "duration": 205.34,
      "formats": [
        {
          "format": "Flac",
          "filename": "gd69-04-21d2t01.flac"
        },
        {
          "format": "VBR MP3",
          "filename": "gd69-04-21d2t01.mp3",
          "bitrate": "179"
        }
      ]
    },
    {
      "track": "14",
      "title": "Dark Star ->",
      "duration": 1361.05,
      "formats": [
        {
          "format": "Flac",
          "filename": "gd69-04-21d2t02.flac"
        },
        {
          "format": "VBR MP3",
          "filename": "gd69-04-21d2t02.mp3",
          "bitrate": "183"
        }
      ]
    },
    {
      "track": "15",
      "title": "St. Stephen ->",
      "duration": 411.74,
      "formats": [
        {
          "format": "Flac",
          "filename": "gd69-04-21d2t03.flac"
        },
        {
          "format": "VBR MP3",
          "filename": "gd69-04-21d2t03.mp3",
          "bitrate": "183"
        }
      ]
    },
    {
      "track": "16",
      "title": "The Eleven ->",
      "duration": 659.22,
      "formats": [
        {
          "format": "Flac",
          "filename": "gd69-04-21d2t04.flac"
        },
        {
          "format": "VBR MP3",
          "filename": "gd69-04-21d2t04.mp3",
          "bitrate": "188"
        }
      ]
    },
    {
      "track": "17",
      "title": "Turn On Your Lovelight",
      "duration": 1524.73,
      "formats": [
        {
          "format": "Flac",
          "filename": "gd69-04-21d2t05.flac"
        },
        {
          "format": "VBR MP3",
          "filename": "gd69-04-21d2t05.mp3",
          "bitrate": "187"
        }
      ]
    },
    {
      "track": "18",
      "title": "Tuning",
      "duration": 147.02,
      "formats": [
        {
          "format": "Flac",
          "filename": "gd69-04-21d3t01.flac"
        },
        {
          "format": "VBR MP3",
          "filename": "gd69-04-21d3t01.mp3",
          "bitrate": "178"
        }
      ]
    },
    {
      "track": "19",
      "title": "Viola Lee Blues ->",
      "duration": 827.78,
      "formats": [
        {
          "format": "Flac",
          "filename": "gd69-04-21d3t02.flac"
        },
        {
          "format": "VBR MP3",
          "filename": "gd69-04-21d3t02.mp3",
          "bitrate": "185"
        }
      ]
    },
    {
      "track": "20",
      "title": "Feedback",
      "duration": 339.06,
      "formats": [
        {
          "format": "Flac",
          "filename": "gd69-04-21d3t03.flac"
        },
        {
          "format": "VBR MP3",
          "filename": "gd69-04-21d3t03.mp3",
          "bitrate": "182"
        }
      ]
    }
  ]
}