{
  "rating": 2.1666666666666665,
  "review_count": 6,
  "source_type": "UNKNOWN",
  "confidence": 1.0,
  "date": "1969-03-01",
  "venue": "Fillmore West",
  "location": "San Francisco, CA",
  "raw_rating": 4.333333333333333,
  "high_ratings": 4,
  "low_ratings": 0,
  "tracks": [
    {
      "track": "01",
      "title": "Intro-Cryptical Suite",
      "duration": 1264.0,
      "formats": [
        {
          "format": "Flac",
          "filename": "t01.flac"
        },
        {
          "format": "VBR MP3",
          "filename": "t01.mp3",
          "bitrate": "189"
        }
      ]
    },
    {
      "track": "02",
      "title": "New Potato Caboose",
      "duration": 703.24,
      "formats": [
        {
          "format": "Flac",
          "filename": "t02.flac"
        },
        {
          "format": "VBR MP3",
          "filename": "t02.mp3",
          "bitrate": "185"
        }
      ]
    },
    {
      "track": "03",
      "title": "Doin That Rag",
      "duration": 356.76,
      "formats": [
        {
          "format": "Flac",
          "filename": "t03.flac"
        },
        {
          "format": "VBR MP3",
          "filename": "t03.mp3",
          "bitrate": "182"
        }
      ]
    },
    {
      "track": "04",
      "title": "Cosmic Charlie",
      "duration": 361.52,
      "formats": [
        {
          "format": "Flac",
          "filename": "t04.flac"
        },
        {
          "format": "VBR MP3",
          "filename": "t04.mp3",
          "bitrate": "181"
        }
      ]
    },
    {
      "track": "05",
      "title": "Stage Banter-Intro",
      "duration": 13.06,
      "formats": [
        {
          "format": "Flac",
          "filename": "t05.flac"
        },
        {
          "format": "VBR MP3",
          "filename": "t05.mp3",
          "bitrate": "171"
        }
      ]
    },
    {
      "track": "06",
      "title": "Duprees Diamond Blues",
      "duration": 246.42,
      "formats": [
        {
          "format": "Flac",
          "filename": "t06.flac"
        },
        {
          "format": "VBR MP3",
          "filename": "t06.mp3",
          "bitrate": "181"
        }
      ]
    },
    {
      "track": "07",
      "title": "Mountains Of The Moon",
      "duration": 310.0,
      "formats": [
        {
          "format": "Flac",
          "filename": "t07.flac"
        },
        {
          "format": "VBR MP3",
          "filename": "t07.mp3",
          "bitrate": "172"
        }
      ]
    },
    {
      "track": "08",
      "title": "Dark Star",
      "duration": 1381.38,
      "formats": [
        {
          "format": "Flac",
          "filename": "t08.flac"
        },
        {
          "format": "VBR MP3",
          "filename": "t08.mp3",
          "bitrate": "188"
        }
      ]
    },
    {
      "track": "09",
      "title": "Saint Stephen",
      "duration": 336.53,
      "formats": [
        {
          "format": "Flac",
          "filename": "t09.flac"
        },
        {
          "format": "VBR MP3",
          "filename": "t09.mp3",
          "bitrate": "181"
        }
      ]
    },
    {
      "track": "10",
      "title": "The Eleven",
      "duration": 503.08,
      "formats": [
        {
          "format": "Flac",
          "filename": "t10.flac"
        },
        {
          "format": "VBR MP3",
          "filename": "t10.mp3",
          "bitrate": "189"
        }
      ]
    },
    {
      "track": "11",
      "title": "Turn On Your Lovelight",
      "duration": 1170.0,
      "formats": [
        {
          "format": "Flac",
          "filename": "t11.flac"
        },
        {
          "format": "VBR MP3",
          "filename": "t11.mp3",
          "bitrate": "184"
        }
      ]
    },
    {
      "track": "12",
      "title": "Hey Jude",
      "duration": 472.83,
      "formats": [
        {
          "format": "Flac",
          "filename": "t12.flac"
        },
        {
          "format": "VBR MP3",
          "filename": "t12.mp3",
          "bitrate": "181"
        }
      ]
    }
  ]
}