{
  "rating": 1.575,
  "review_count": 2,
  "source_type": "UNKNOWN",
  "confidence": 0.4,
  "date": "1968-06-08",
  "venue": "Carousel Ballroom",
  "location": "San Francisco, CA",
  "raw_rating": 4.5,
  "high_ratings": 2,
  "low_ratings": 0,
  "tracks": [
    {
      "track": "01",
      "title": "//St. Stephen [tape speed variable at the start] >",
      "duration": 453.03,
      "formats": [
        {
          "format": "Flac",
          "filename": "01-St. Stephen.flac"
        }
      ]
    },
    {
      "track": "02",
      "title": "That's It For The Other One >",
      "duration": 652.63,
      "formats": [
        {
          "format": "Flac",
          "filename": "02-That's It For The Other One.flac"
        }
      ]
    },
    {
      "track": "03",
      "title": "Turn On Your Lovelight//",
      "duration": 615.37,
      "formats": [
        {
          "format": "Flac",
          "filename": "03-Turn On Your Lovelight.flac"
        }
      ]
    },
    {
      "track": "04",
      "title": "//Morning Dew//",
      "duration": 378.32,
      "formats": [
        {
          "format": "Flac",
          "filename": "04-Morning Dew.flac"
        }
      ]
    },
    {
      "track": "05",
      "title": "//Hurts Me Too//",
      "duration": 220.03,
      "formats": [
        {
          "format": "Flac",
          "filename": "05-It Hurts Me Too.flac"
        }
      ]
    },
    {
      "track": "06",
      "title": "\"Return The Scratcher\"",
      "duration": 77.19,
      "formats": [
        {
          "format": "Flac",
          "filename": "06-Return the Scratcher.flac"
        }
      ]
    },
    {
      "track": "07",
      "title": "Dark Star",
      "duration": 945.56,
      "formats": [
        {
          "format": "Flac",
          "filename": "07-Dark Star.flac"
        }
      ]
    },
    {
      "track": "08",
      "title": "St. Stephen >",
      "duration": 497.41,
      "formats": [
        {
          "format": "Flac",
          "filename": "08-St. Stephen.flac"
        }
      ]
    },
    {
      "track": "09",
      "title": "Turn On Your Lovelight//",
      "duration": 657.44,
      "formats": [
        {
          "format": "Flac",
          "filename": "09-Turn On Your Lovelight.flac"
        }
      ]
    }
  ]
}