{
  "rating": 1.866666666666667,
  "review_count": 3,
  "source_type": "UNKNOWN",
  "confidence": 0.6,
  "date": "1969-06-07",
  "venue": "Fillmore West",
  "location": "San Francisco, CA",
  "raw_rating": 4.666666666666667,
  "high_ratings": 3,
  "low_ratings": 0,
  "tracks": [
    {
      "track": "01",
      "title": "Dire Wolf",
      "duration": 162.63,
      "formats": [
        {
          "format": "Flac",
          "filename": "t01.flac"
        },
        {
          "format": "VBR MP3",
          "filename": "t01.mp3",
          "bitrate": "183"
        }
      ]
    },
    {
      "track": "02",
      "title": "Duprees Diamond Blues",
      "duration": 243.46,
      "formats": [
        {
          "format": "Flac",
          "filename": "t02.flac"
        },
        {
          "format": "VBR MP3",
          "filename": "t02.mp3",
          "bitrate": "199"
        }
      ]
    },
    {
      "track": "03",
      "title": "Mountains Of The Moon",
      "duration": 333.91,
      "formats": [
        {
          "format": "Flac",
          "filename": "t03.flac"
        },
        {
          "format": "VBR MP3",
          "filename": "t03.mp3",
          "bitrate": "181"
        }
      ]
    },
    {
      "track": "04",
      "title": "Dark Star",
      "duration": 1256.97,
      "formats": [
        {
          "format": "Flac",
          "filename": "t04.flac"
        },
        {
          "format": "VBR MP3",
          "filename": "t04.mp3",
          "bitrate": "207"
        }
      ]
    },
    {
      "track": "05",
      "title": "Saint Stephen",
      "duration": 402.43,
      "formats": [
        {
          "format": "Flac",
          "filename": "t05.flac"
        },
        {
          "format": "VBR MP3",
          "filename": "t05.mp3",
          "bitrate": "208"
        }
      ]
    },
    {
      "track": "06",
      "title": "The Eleven",
      "duration": 898.09,
      "formats": [
        {
          "format": "Flac",
          "filename": "t06.flac"
        },
        {
          "format": "VBR MP3",
          "filename": "t06.mp3",
          "bitrate": "218"
        }
      ]
    },
    {
      "track": "07",
      "title": "Sitting On Top Of The World",
      "duration": 213.2,
      "formats": [
        {
          "format": "Flac",
          "filename": "t07.flac"
        },
        {
          "format": "VBR MP3",
          "filename": "t07.mp3",
          "bitrate": "195"
        }
      ]
    },
    {
      "track": "08",
      "title": "Cold Rain And Snow",
      "duration": 173.76,
      "formats": [
        {
          "format": "Flac",
          "filename": "t08.flac"
        },
        {
          "format": "VBR MP3",
          "filename": "t08.mp3",
          "bitrate": "198"
        }
      ]
    },
    {
      "track": "09",
      "title": "Doin That Rag",
      "duration": 487.21,
      "formats": [
        {
          "format": "Flac",
          "filename": "t09.flac"
        },
        {
          "format": "VBR MP3",
          "filename": "t09.mp3",
          "bitrate": "195"
        }
      ]
    },
    {
      "track": "10",
      "title": "Me And My Uncle",
      "duration": 211.39,
      "formats": [
        {
          "format": "Flac",
          "filename": "t10.flac"
        },
        {
          "format": "VBR MP3",
          "filename": "t10.mp3",
          "bitrate": "189"
        }
      ]
    },
    {
      "track": "11",
      "title": "Turn On Your Love light w/Janis",
      "duration": 1259.96,
      "formats": [
        {
          "format": "Flac",
          "filename": "t11.flac"
        },
        {
          "format": "VBR MP3",
          "filename": "t11.mp3",
          "bitrate": "178"
        }
      ]
    }
  ]
}