{
  "rating": 3.9272727272727277,
  "review_count": 11,
  "source_type": "FM",
  "confidence": 1.0,
  "date": "1968-10-12",
  "venue": "Avalon Ballroom",
  "location": "San Francisco, CA",
  "raw_rating": 4.909090909090909,
  "high_ratings": 11,
  "low_ratings": 0,
  "tracks": [
    {
      "track": "01",
      "title": "Introduction",
      "duration": 37.96,
      "formats": [
        {
          "format": "Flac",
          "filename": "gd68-10-12d1t01.flac"
        },
        {
          "format": "VBR MP3",
          "filename": "gd68-10-12d1t01.mp3",
          "bitrate": "197"
        }
      ]
    },
    {
      "track": "02",
      "title": "Dark Star ->",
      "duration": 900.96,
      "formats": [
        {
          "format": "Flac",
          "filename": "gd68-10-12d1t02.flac"
        },
        {
          "format": "VBR MP3",
          "filename": "gd68-10-12d1t02.mp3",
          "bitrate": "195"
        }
      ]
    },
    {
      "track": "03",
      "title": "Saint Stephen ->",
      "duration": 229.88,
      "formats": [
        {
          "format": "Flac",
          "filename": "gd68-10-12d1t03.flac"
        },
        {
          "format": "VBR MP3",
          "filename": "gd68-10-12d1t03.mp3",
          "bitrate": "190"
        }
      ]
    },
    {
      "track": "04",
      "title": "The Eleven ->",
      "duration": 656.46,
      "formats": [
        {
          "format": "Flac",
          "filename": "gd68-10-12d1t04.flac"
        },
        {
          "format": "VBR MP3",
          "filename": "gd68-10-12d1t04.mp3",
          "bitrate": "196"
        }
      ]
    },
    {
      "track": "05",
      "title": "Death Don't Have No Mercy",
      "duration": 517.62,
      "formats": [
        {
          "format": "Flac",
          "filename": "gd68-10-12d1t05.flac"
        },
        {
          "format": "VBR MP3",
          "filename": "gd68-10-12d1t05.mp3",
          "bitrate": "198"
        }
      ]
    },
    {
      "track": "06",
      "title": "That's It For The Other One ->",
      "duration": 1074.54,
      "formats": [
        {
          "format": "Flac",
          "filename": "gd68-10-12d1t06.flac"
        },
        {
          "format": "VBR MP3",
          "filename": "gd68-10-12d1t06.mp3",
          "bitrate": "199"
        }
      ]
    },
    {
      "track": "07",
      "title": "New Potato Caboose ->",
      "duration": 412.82,
      "formats": [
        {
          "format": "Flac",
          "filename": "gd68-10-12d1t07.flac"
        },
        {
          "format": "VBR MP3",
          "filename": "gd68-10-12d1t07.mp3",
          "bitrate": "193"
        }
      ]
    },
    {
      "track": "08",
      "title": "Drums ->",
      "duration": 96.81,
      "formats": [
        {
          "format": "Flac",
          "filename": "gd68-10-12d1t08.flac"
        },
        {
          "format": "VBR MP3",
          "filename": "gd68-10-12d1t08.mp3",
          "bitrate": "194"
        }
      ]
    },
    {
      "track": "09",
      "title": "Jam ->",
      "duration": 442.94,
      "formats": [
        {
          "format": "Flac",
          "filename": "gd68-10-12d1t09.flac"
        },
        {
          "format": "VBR MP3",
          "filename": "gd68-10-12d1t09.mp3",
          "bitrate": "199"
        }
      ]
    },
    {
      "track": "10",
      "title": "Feedback",
      "duration": 447.66,
      "formats": [
        {
          "format": "Flac",
          "filename": "gd68-10-12d1t10.flac"
        },
        {
          "format": "VBR MP3",
          "filename": "gd68-10-12d1t10.mp3",
          "bitrate": "207"
        }
      ]
    }
  ]
}