{
  "rating": 1.7333333333333334,
  "review_count": 3,
  "source_type": "UNKNOWN",
  "confidence": 0.6,
  "date": "1968-03-30",
  "venue": "Carousel Ballroom",
  "location": "San Francisco, CA",
  "raw_rating": 4.333333333333333,
  "high_ratings": 3,
  "low_ratings": 0,
  "tracks": [
    {
      "track": "01",
      "title": "Cryptical Envelopment >",
      "duration": 109.7,
      "formats": [
        {
          "format": "VBR MP3",
          "filename": "gd68-03-30d1t01.mp3",
          "bitrate": "155"
        },
        {
          "format": "Shorten",
          "filename": "gd68-03-30d1t01.shn"
        }
      ]
    },
    {
      "track": "02",
      "title": "The Other One >",
      "duration": 213.2,
      "formats": [
        {
          "format": "VBR MP3",
          "filename": "gd68-03-30d1t02.mp3",
          "bitrate": "153"
        },
        {
          "format": "Shorten",
          "filename": "gd68-03-30d1t02.shn"
        }
      ]
    },
    {
      "track": "03",
      "title": "Cryptical Envelopment >",
      "duration": 294.2,
      "formats": [
        {
          "format": "VBR MP3",
          "filename": "gd68-03-30d1t03.mp3",
          "bitrate": "156"
        },
        {
          "format": "Shorten",
          "filename": "gd68-03-30d1t03.shn"
        }
      ]
    },
    {
      "track": "04",
      "title": "Dark Star >",
      "duration": 539.3,
      "formats": [
        {
          "format": "VBR MP3",
          "filename": "gd68-03-30d1t04.mp3",
          "bitrate": "159"
        },
        {
          "format": "Shorten",
          "filename": "gd68-03-30d1t04.shn"
        }
      ]
    },
    {
      "track": "05",
      "title": "China Cat Sunflower >",
      "duration": 215.2,
      "formats": [
        {
          "format": "VBR MP3",
          "filename": "gd68-03-30d1t05.mp3",
          "bitrate": "155"
        },
        {
          "format": "Shorten",
          "filename": "gd68-03-30d1t05.shn"
        }
      ]
    },
    {
      "track": "06",
      "title": "The Eleven >",
      "duration": 671.4,
      "formats": [
        {
          "format": "VBR MP3",
          "filename": "gd68-03-30d1t06.mp3",
          "bitrate": "154"
        },
        {
          "format": "Shorten",
          "filename": "gd68-03-30d1t06.shn"
        }
      ]
    },
    {
      "track": "07",
      "title": "Turn On Your Lovelight",
      "duration": 744.3,
      "formats": [
        {
          "format": "VBR MP3",
          "filename": "gd68-03-30d1t07.mp3",
          "bitrate": "155"
        },
        {
          "format": "Shorten",
          "filename": "gd68-03-30d1t07.shn"
        }
      ]
    },
    {
      "track": "08",
      "title": "Born Cross Eyed >",
      "duration": 136.2,
      "formats": [
        {
          "format": "VBR MP3",
          "filename": "gd68-03-30d1t08.mp3",
          "bitrate": "176"
        },
        {
          "format": "Shorten",
          "filename": "gd68-03-30d1t08.shn"
        }
      ]
    },
    {
      "track": "09",
      "title": "Spanish Jam",
      "duration": 594.1,
      "formats": [
        {
          "format": "VBR MP3",
          "filename": "gd68-03-30d1t09.mp3",
          "bitrate": "180"
        },
        {
          "format": "Shorten",
          "filename": "gd68-03-30d1t09.shn"
        }
      ]
    }
  ]
}