{
  "rating": 1.575,
  "review_count": 2,
  "source_type": "UNKNOWN",
  "confidence": 0.4,
  "date": "1969-02-15",
  "venue": "Electric Factory",
  "location": "Philadelphia, PA",
  "raw_rating": 4.5,
  "high_ratings": 2,
  "low_ratings": 0,
  "tracks": [
    {
      "track": "01",
      "title": "Doin' That Rag",
      "duration": 446.41,
      "formats": [
        {
          "format": "Flac",
          "filename": "01 Doin' That Rag.flac"
        }
      ]
    },
    {
      "track": "02",
      "title": "That's It For The Other One",
      "duration": 1203.63,
      "formats": [
        {
          "format": "Flac",
          "filename": "02 That's It For The Other One.flac"
        }
      ]
    },
    {
      "track": "03",
      "title": "Morning Dew >",
      "duration": 602.11,
      "formats": [
        {
          "format": "Flac",
          "filename": "03 Morning Dew.flac"
        }
      ]
    },
    {
      "track": "04",
      "title": "Turn On Your Lovelight",
      "duration": 1021.11,
      "formats": [
        {
          "format": "Flac",
          "filename": "04 Turn On Your Lovelight.flac"
        }
      ]
    },
    {
      "track": "05",
      "title": "Dupree's Diamond Blues >",
      "duration": 277.12,
      "formats": [
        {
          "format": "Flac",
          "filename": "05 Dupree's Diamoond Blues.flac"
        }
      ]
    },
    {
      "track": "06",
      "title": "Mountains Of The Moon >",
      "duration": 312.61,
      "formats": [
        {
          "format": "Flac",
          "filename": "06 Mountains Of The Moon.flac"
        }
      ]
    },
    {
      "track": "07",
      "title": "Dark Star >",
      "duration": 1348.96,
      "formats": [
        {
          "format": "Flac",
          "filename": "07 Dark Star.flac"
        }
      ]
    },
    {
      "track": "08",
      "title": "Saint Stephen >",
      "duration": 455.36,
      "formats": [
        {
          "format": "Flac",
          "filename": "08 Saint Stephen.flac"
        }
      ]
    },
    {
      "track": "09",
      "title": "The Eleven >",
      "duration": 422.44,
      "formats": [
        {
          "format": "Flac",
          "filename": "09 The Eleven.flac"
        }
      ]
    },
    {
      "track": "10",
      "title": "Death Don't Have No Mercy",
      "duration": 411.04,
      "formats": [
        {
          "format": "Flac",
          "filename": "10 Death Don't Have No Mercy.flac"
        }
      ]
    },
    {
      "track": "11",
      "title": "Cosmic Charlie",
      "duration": 371.89,
      "formats": [
        {
          "format": "Flac",
          "filename": "11 Cosmic Charlie.flac"
        }
      ]
    },
    {
      "track": "12",
      "title": "Alligator >",
      "duration": 1239.79,
      "formats": [
        {
          "format": "Flac",
          "filename": "12 Alligator.flac"
        }
      ]
    },
    {
      "track": "13",
      "title": "Caution (Do Not Stop On Tracks) >",
      "duration": 837.44,
      "formats": [
        {
          "format": "Flac",
          "filename": "13 Caution (Do Not Stop On Tracks).flac"
        }
      ]
    },
    {
      "track": "14",
      "title": "Feedback >",
      "duration": 444.63,
      "formats": [
        {
          "format": "Flac",
          "filename": "14 Feedback.flac"
        }
      ]
    },
    {
      "track": "15",
      "title": "And We Bid You Good Night",
      "duration": 269.64,
      "formats": [
        {
          "format": "Flac",
          "filename": "15 And We Bid You Good Night.flac"
        }
      ]
    }
  ]
}