{
  "rating": 1.5,
  "review_count": 1,
  "source_type": "UNKNOWN",
  "confidence": 0.2,
  "date": "1968-11-01",
  "venue": "The Silver Dollar Fair",
  "location": "Chico, CA",
  "raw_rating": 5.0,
  "high_ratings": 1,
  "low_ratings": 0,
  "tracks": [
    {
      "track": "01",
      "title": "Intro/Dark Star-->",
      "duration": 743.93,
      "formats": [
        {
          "format": "Flac",
          "filename": "gd1968-11-01.sbd.restore.d1t01.flac"
        },
        {
          "format": "VBR MP3",
          "filename": "gd1968-11-01.sbd.restore.d1t01.mp3",
          "bitrate": "177"
        }
      ]
    },
    {
      "track": "02",
      "title": "Cryptical Envelopment-->",
      "duration": 107.96,
      "formats": [
        {
          "format": "Flac",
          "filename": "gd1968-11-01.sbd.restore.d1t02.flac"
        },
        {
          "format": "VBR MP3",
          "filename": "gd1968-11-01.sbd.restore.d1t02.mp3",
          "bitrate": "186"
        }
      ]
    },
    {
      "track": "03",
      "title": "The Other One-->*",
      "duration": 656.65,
      "formats": [
        {
          "format": "Flac",
          "filename": "gd1968-11-01.sbd.restore.d1t03.flac"
        },
        {
          "format": "VBR MP3",
          "filename": "gd1968-11-01.sbd.restore.d1t03.mp3",
          "bitrate": "188"
        }
      ]
    },
    {
      "track": "04",
      "title": "Cryptical Envelopment-->",
      "duration": 418.65,
      "formats": [
        {
          "format": "Flac",
          "filename": "gd1968-11-01.sbd.restore.d1t04.flac"
        },
        {
          "format": "VBR MP3",
          "filename": "gd1968-11-01.sbd.restore.d1t04.mp3",
          "bitrate": "191"
        }
      ]
    },
    {
      "track": "05",
      "title": "New Potato Caboose%//",
      "duration": 36.08,
      "formats": [
        {
          "format": "Flac",
          "filename": "gd1968-11-01.sbd.restore.d1t05.flac"
        },
        {
          "format": "VBR MP3",
          "filename": "gd1968-11-01.sbd.restore.d1t05.mp3",
          "bitrate": "174"
        }
      ]
    },
    {
      "track": "06",
      "title": "//New Potato Caboose%//**",
      "duration": 104.15,
      "formats": [
        {
          "format": "Flac",
          "filename": "gd1968-11-01.sbd.restore.d1t06.flac"
        },
        {
          "format": "VBR MP3",
          "filename": "gd1968-11-01.sbd.restore.d1t06.mp3",
          "bitrate": "135"
        }
      ]
    },
    {
      "track": "07",
      "title": "//Alligator-->**",
      "duration": 152.55,
      "formats": [
        {
          "format": "Flac",
          "filename": "gd1968-11-01.sbd.restore.d1t07.flac"
        },
        {
          "format": "VBR MP3",
          "filename": "gd1968-11-01.sbd.restore.d1t07.mp3",
          "bitrate": "142"
        }
      ]
    },
    {
      "track": "08",
      "title": "Drums-->**",
      "duration": 309.65,
      "formats": [
        {
          "format": "Flac",
          "filename": "gd1968-11-01.sbd.restore.d1t08.flac"
        },
        {
          "format": "VBR MP3",
          "filename": "gd1968-11-01.sbd.restore.d1t08.mp3",
          "bitrate": "127"
        }
      ]
    },
    {
      "track": "09",
      "title": "Alligator//(-->)**",
      "duration": 267.27,
      "formats": [
        {
          "format": "Flac",
          "filename": "gd1968-11-01.sbd.restore.d1t09.flac"
        },
        {
          "format": "VBR MP3",
          "filename": "gd1968-11-01.sbd.restore.d1t09.mp3",
          "bitrate": "133"
        }
      ]
    },
    {
      "track": "10",
      "title": "//Caution/-->",
      "duration": 678.37,
      "formats": [
        {
          "format": "Flac",
          "filename": "gd1968-11-01.sbd.restore.d1t10.flac"
        },
        {
          "format": "VBR MP3",
          "filename": "gd1968-11-01.sbd.restore.d1t10.mp3",
          "bitrate": "215"
        }
      ]
    },
    {
      "track": "11",
      "title": "Feedback-->",
      "duration": 440.49,
      "formats": [
        {
          "format": "Flac",
          "filename": "gd1968-11-01.sbd.restore.d1t11.flac"
        },
        {
          "format": "VBR MP3",
          "filename": "gd1968-11-01.sbd.restore.d1t11.mp3",
          "bitrate": "181"
        }
      ]
    },
    {
      "track": "12",
      "title": "And We Bid You Goodnight",
      "duration": 78.71,
      "formats": [
        {
          "format": "Flac",
          "filename": "gd1968-11-01.sbd.restore.d1t12.flac"
        },
        {
          "format": "VBR MP3",
          "filename": "gd1968-11-01.sbd.restore.d1t12.mp3",
          "bitrate": "114"
        }
      ]
    }
  ]
}