{
  "rating": 2.16,
  "review_count": 1,
  "source_type": "MATRIX",
  "confidence": 0.2,
  "date": "1966-11-29",
  "venue": "The Matrix",
  "location": "San Francisco, CA",
  "raw_rating": 4.0,
  "high_ratings": 1,
  "low_ratings": 0,
  "tracks": [
    {
      "track": "01",
      "title": "Me And My Uncle",
      "duration": 266.52,
      "formats": [
        {
          "format": "Flac",
          "filename": "gd1966-11-29s2t01.flac"
        }
      ]
    },
    {
      "track": "02",
      "title": "The Same Thing",
      "duration": 786.43,
      "formats": [
        {
          "format": "Flac",
          "filename": "gd1966-11-29s2t02.flac"
        }
      ]
    },
    {
      "track": "03",
      "title": "Stealin'",
      "duration": 238.23,
      "formats": [
        {
          "format": "Flac",
          "filename": "gd1966-11-29s2t03.flac"
        }
      ]
    },
    {
      "track": "04",
      "title": "Big Boy Pete",
      "duration": 237.27,
      "formats": [
        {
          "format": "Flac",
          "filename": "gd1966-11-29s2t04.flac"
        }
      ]
    },
    {
      "track": "05",
      "title": "One Kind Favor",
      "duration": 422.61,
      "formats": [
        {
          "format": "Flac",
          "filename": "gd1966-11-29s2t05.flac"
        }
      ]
    },
    {
      "track": "06",
      "title": "Early Morning Rain",
      "duration": 211.44,
      "formats": [
        {
          "format": "Flac",
          "filename": "gd1966-11-29s2t06.flac"
        }
      ]
    },
    {
      "track": "07",
      "title": "Cold Rain And Snow",
      "duration": 288.91,
      "formats": [
        {
          "format": "Flac",
          "filename": "gd1966-11-29s2t07.flac"
        }
      ]
    },
    {
      "track": "08",
      "title": "Viola Lee Blues",
      "duration": 670.13,
      "formats": [
        {
          "format": "Flac",
          "filename": "gd1966-11-29s2t08.flac"
        }
      ]
    },
    {
      "track": "09",
      "title": "Down So Long",
      "duration": 230.29,
      "formats": [
        {
          "format": "Flac",
          "filename": "gd1966-11-29s3t01.flac"
        }
      ]
    },
    {
      "track": "10",
      "title": "Something On Your Mind",
      "duration": 309.08,
      "formats": [
        {
          "format": "Flac",
          "filename": "gd1966-11-29s3t02.flac"
        }
      ]
    },
    {
      "track": "11",
      "title": "Lindy",
      "duration": 180.89,
      "formats": [
        {
          "format": "Flac",
          "filename": "gd1966-11-29s3t03.flac"
        }
      ]
    },
    {
      "track": "12",
      "title": "Good Morning Little Schoolgirl",
      "duration": 688.89,
      "formats": [
        {
          "format": "Flac",
          "filename": "gd1966-11-29s3t04.flac"
        }
      ]
    },
    {
      "track": "13",
      "title": "I Just Want To Make Love To You",
      "duration": 216.28,
      "formats": [
        {
          "format": "Flac",
          "filename": "gd1966-11-29s3t05.flac"
        }
      ]
    },
    {
      "track": "14",
      "title": "Merry-Go-Round Broke Down",
      "duration": 45.67,
      "formats": [
        {
          "format": "Flac",
          "filename": "gd1966-11-29s3t06.flac"
        }
      ]
    }
  ]
}