{
  "rating": 0.0,
  "review_count": 0,
  "source_type": "UNKNOWN",
  "confidence": 0.0,
  "date": "1969-08-30",
  "venue": "Family Dog at the Great Highway",
  "location": "San Francisco, CA",
  "raw_rating": 0.0,
  "high_ratings": 0,
  "low_ratings": 0,
  "tracks": [
    {
      "track": "01",
      "title": "Dark Star",
      "duration": 1102.37,
      "formats": [
        {
          "format": "Flac",
          "filename": "01 Dark Star.flac"
        },
        {
          "format": "VBR MP3",
          "filename": "01 Dark Star.mp3",
          "bitrate": "177"
        }
      ]
    },
    {
      "track": "02",
      "title": "Saint Stephen",
      "duration": 393.83,
      "formats": [
        {
          "format": "Flac",
          "filename": "02 Saint Stephen.flac"
        },
        {
          "format": "VBR MP3",
          "filename": "02 Saint Stephen.mp3",
          "bitrate": "177"
        }
      ]
    },
    {
      "track": "03",
      "title": "The Eleven",
      "duration": 391.97,
      "formats": [
        {
          "format": "Flac",
          "filename": "03 The Eleven.flac"
        },
        {
          "format": "VBR MP3",
          "filename": "03 The Eleven.mp3",
          "bitrate": "177"
        }
      ]
    },
    {
      "track": "04",
      "title": "Drums",
      "duration": 358.28,
      "formats": [
        {
          "format": "Flac",
          "filename": "04 Drums.flac"
        },
        {
          "format": "VBR MP3",
          "filename": "04 Drums.mp3",
          "bitrate": "181"
        }
      ]
    },
    {
      "track": "05",
      "title": "High Time",
      "duration": 199.04,
      "formats": [
        {
          "format": "Flac",
          "filename": "05 High Time.flac"
        },
        {
          "format": "VBR MP3",
          "filename": "05 High Time.mp3",
          "bitrate": "176"
        }
      ]
    }
  ]
}