{
  "rating": 2.0555555555555554,
  "review_count": 9,
  "source_type": "UNKNOWN",
  "confidence": 1.0,
  "date": "1968-12-07",
  "venue": "Bellarmine College",
  "location": "Louisville, KY",
  "raw_rating": 4.111111111111111,
  "high_ratings": 6,
  "low_ratings": 0,
  "tracks": [
    {
      "track": "01",
      "title": "Dark Star >",
      "duration": 805.74,
      "formats": [
        {
          "format": "Flac",
          "filename": "gd68-12-07d1t01.flac"
        },
        {
          "format": "VBR MP3",
          "filename": "gd68-12-07d1t01.mp3",
          "bitrate": "171"
        }
      ]
    },
    {
      "track": "02",
      "title": "St Stephen ->",
      "duration": 308.46,
      "formats": [
        {
          "format": "Flac",
          "filename": "gd68-12-07d1t02.flac"
        },
        {
          "format": "VBR MP3",
          "filename": "gd68-12-07d1t02.mp3",
          "bitrate": "169"
        }
      ]
    },
    {
      "track": "03",
      "title": "The Eleven",
      "duration": 400.84,
      "formats": [
        {
          "format": "Flac",
          "filename": "gd68-12-07d1t03.flac"
        },
        {
          "format": "VBR MP3",
          "filename": "gd68-12-07d1t03.mp3",
          "bitrate": "173"
        }
      ]
    },
    {
      "track": "04",
      "title": "Death Don't Have No Mercy",
      "duration": 239.57,
      "formats": [
        {
          "format": "Flac",
          "filename": "gd68-12-07d1t04.flac"
        },
        {
          "format": "VBR MP3",
          "filename": "gd68-12-07d1t04.mp3",
          "bitrate": "168"
        }
      ]
    },
    {
      "track": "05",
      "title": "That's It For The Other One ->",
      "duration": 856.74,
      "formats": [
        {
          "format": "Flac",
          "filename": "gd68-12-07d1t05.flac"
        },
        {
          "format": "VBR MP3",
          "filename": "gd68-12-07d1t05.mp3",
          "bitrate": "164"
        }
      ]
    },
    {
      "track": "06",
      "title": "New Potato Caboose",
      "duration": 878.26,
      "formats": [
        {
          "format": "Flac",
          "filename": "gd68-12-07d1t06.flac"
        },
        {
          "format": "VBR MP3",
          "filename": "gd68-12-07d1t06.mp3",
          "bitrate": "165"
        }
      ]
    },
    {
      "track": "07",
      "title": "Rosemary",
      "duration": 283.01,
      "formats": [
        {
          "format": "Flac",
          "filename": "gd68-12-07d2t01.flac"
        },
        {
          "format": "VBR MP3",
          "filename": "gd68-12-07d2t01.mp3",
          "bitrate": "177"
        }
      ]
    },
    {
      "track": "08",
      "title": "He Was A Friend Of Mine",
      "duration": 367.44,
      "formats": [
        {
          "format": "Flac",
          "filename": "gd68-12-07d2t02.flac"
        },
        {
          "format": "VBR MP3",
          "filename": "gd68-12-07d2t02.mp3",
          "bitrate": "169"
        }
      ]
    },
    {
      "track": "09",
      "title": "It Hurts Me Too",
      "duration": 413.1,
      "formats": [
        {
          "format": "Flac",
          "filename": "gd68-12-07d2t03.flac"
        },
        {
          "format": "VBR MP3",
          "filename": "gd68-12-07d2t03.mp3",
          "bitrate": "173"
        }
      ]
    },
    {
      "track": "10",
      "title": "Morning Dew ->",
      "duration": 515.81,
      "formats": [
        {
          "format": "Flac",
          "filename": "gd68-12-07d2t04.flac"
        },
        {
          "format": "VBR MP3",
          "filename": "gd68-12-07d2t04.mp3",
          "bitrate": "172"
        }
      ]
    },
    {
      "track": "11",
      "title": "And We Bid You Goodnight",
      "duration": 190.49,
      "formats": [
        {
          "format": "Flac",
          "filename": "gd68-12-07d2t05.flac"
        },
        {
          "format": "VBR MP3",
          "filename": "gd68-12-07d2t05.mp3",
          "bitrate": "177"
        }
      ]
    }
  ]
}