{
  "rating": 1.6875,
  "review_count": 4,
  "source_type": "UNKNOWN",
  "confidence": 0.8,
  "date": "1966-06-01",
  "venue": "Scorpio Studio Outtakes",
  "location": "San Francisco, CA",
  "raw_rating": 3.75,
  "high_ratings": 2,
  "low_ratings": 0,
  "tracks": [
    {
      "track": "1",
      "title": "Stealin'",
      "duration": 3.75,
      "formats": [
        {
          "format": "VBR MP3",
          "filename": "gd66-06-XXd1t01.mp3",
          "bitrate": "162"
        },
        {
          "format": "Shorten",
          "filename": "gd66-06-XXd1t01.shn"
        }
      ]
    },
    {
      "track": "2",
      "title": "Stealin' (Take 4)",
      "duration": 20.75,
      "formats": [
        {
          "format": "VBR MP3",
          "filename": "gd66-06-XXd1t02.mp3",
          "bitrate": "171"
        },
        {
          "format": "Shorten",
          "filename": "gd66-06-XXd1t02.shn"
        }
      ]
    },
    {
      "track": "3",
      "title": "Stealin' (Take 5)",
      "duration": 109.37,
      "formats": [
        {
          "format": "VBR MP3",
          "filename": "gd66-06-XXd1t03.mp3",
          "bitrate": "168"
        },
        {
          "format": "Shorten",
          "filename": "gd66-06-XXd1t03.shn"
        }
      ]
    },
    {
      "track": "4",
      "title": "Stealin' (with vocals Take 6)",
      "duration": 110.0,
      "formats": [
        {
          "format": "VBR MP3",
          "filename": "gd66-06-XXd1t04.mp3",
          "bitrate": "178"
        },
        {
          "format": "Shorten",
          "filename": "gd66-06-XXd1t04.shn"
        }
      ]
    },
    {
      "track": "5",
      "title": "I Know You Rider (Take 1)",
      "duration": 117.63,
      "formats": [
        {
          "format": "VBR MP3",
          "filename": "gd66-06-XXd1t05.mp3",
          "bitrate": "187"
        },
        {
          "format": "Shorten",
          "filename": "gd66-06-XXd1t05.shn"
        }
      ]
    },
    {
      "track": "6",
      "title": "Don't Ease Me In Jam (Take 1)",
      "duration": 28.77,
      "formats": [
        {
          "format": "VBR MP3",
          "filename": "gd66-06-XXd1t06.mp3",
          "bitrate": "184"
        },
        {
          "format": "Shorten",
          "filename": "gd66-06-XXd1t06.shn"
        }
      ]
    },
    {
      "track": "7",
      "title": "Don't Ease Me In Jam (Take 2)",
      "duration": 46.46,
      "formats": [
        {
          "format": "VBR MP3",
          "filename": "gd66-06-XXd1t07.mp3",
          "bitrate": "191"
        },
        {
          "format": "Shorten",
          "filename": "gd66-06-XXd1t07.shn"
        }
      ]
    },
    {
      "track": "8",
      "title": "Don't Ease Me In Jam (Take 3)",
      "duration": 81.2,
      "formats": [
        {
          "format": "VBR MP3",
          "filename": "gd66-06-XXd1t08.mp3",
          "bitrate": "188"
        },
        {
          "format": "Shorten",
          "filename": "gd66-06-XXd1t08.shn"
        }
      ]
    },
    {
      "track": "9",
      "title": "Don't Ease Me In Jam (Take 4)",
      "duration": 13.01,
      "formats": [
        {
          "format": "VBR MP3",
          "filename": "gd66-06-XXd1t09.mp3",
          "bitrate": "185"
        },
        {
          "format": "Shorten",
          "filename": "gd66-06-XXd1t09.shn"
        }
      ]
    },
    {
      "track": "10",
      "title": "Don't Ease Me In Jam (Take 5)",
      "duration": 39.01,
      "formats": [
        {
          "format": "VBR MP3",
          "filename": "gd66-06-XXd1t10.mp3",
          "bitrate": "187"
        },
        {
          "format": "Shorten",
          "filename": "gd66-06-XXd1t10.shn"
        }
      ]
    },
    {
      "track": "11",
      "title": "Don't Ease Me In Jam (Take 6)",
      "duration": 67.19,
      "formats": [
        {
          "format": "VBR MP3",
          "filename": "gd66-06-XXd1t11.mp3",
          "bitrate": "188"
        },
        {
          "format": "Shorten",
          "filename": "gd66-06-XXd1t11.shn"
        }
      ]
    },
    {
      "track": "12",
      "title": "Don't Ease Me In Jam (Take 7)",
      "duration": 71.9,
      "formats": [
        {
          "format": "VBR MP3",
          "filename": "gd66-06-XXd1t12.mp3",
          "bitrate": "189"
        },
        {
          "format": "Shorten",
          "filename": "gd66-06-XXd1t12.shn"
        }
      ]
    },
    {
      "track": "13",
      "title": "Don't Ease Me In Jam (Take 8)",
      "duration": 85.05,
      "formats": [
        {
          "format": "VBR MP3",
          "filename": "gd66-06-XXd1t13.mp3",
          "bitrate": "187"
        },
        {
          "format": "Shorten",
          "filename": "gd66-06-XXd1t13.shn"
        }
      ]
    },
    {
      "track": "14",
      "title": "Don't Ease Me In Jam (Take 1)",
      "duration": 35.6,
      "formats": [
        {
          "format": "VBR MP3",
          "filename": "gd66-06-XXd1t14.mp3",
          "bitrate": "186"
        },
        {
          "format": "Shorten",
          "filename": "gd66-06-XXd1t14.shn"
        }
      ]
    },
    {
      "track": "15",
      "title": "Don't Ease Me In Jam (Take 2)",
      "duration": 69.86,
      "formats": [
        {
          "format": "VBR MP3",
          "filename": "gd66-06-XXd1t15.mp3",
          "bitrate": "191"
        },
        {
          "format": "Shorten",
          "filename": "gd66-06-XXd1t15.shn"
        }
      ]
    },
    {
      "track": "16",
      "title": "Don't Ease Me In Jam (Take 3)",
      "duration": 84.07,
      "formats": [
        {
          "format": "VBR MP3",
          "filename": "gd66-06-XXd1t16.mp3",
          "bitrate": "190"
        },
        {
          "format": "Shorten",
          "filename": "gd66-06-XXd1t16.shn"
        }
      ]
    },
    {
      "track": "17",
      "title": "Don't Ease Me In Jam (Take 4)",
      "duration": 74.15,
      "formats": [
        {
          "format": "VBR MP3",
          "filename": "gd66-06-XXd1t17.mp3",
          "bitrate": "188"
        },
        {
          "format": "Shorten",
          "filename": "gd66-06-XXd1t17.shn"
        }
      ]
    },
    {
      "track": "18",
      "title": "Don't Ease Me In Jam (Take 5)",
      "duration": 80.09,
      "formats": [
        {
          "format": "VBR MP3",
          "filename": "gd66-06-XXd1t18.mp3",
          "bitrate": "186"
        },
        {
          "format": "Shorten",
          "filename": "gd66-06-XXd1t18.shn"
        }
      ]
    },
    {
      "track": "19",
      "title": "Don't Ease Me In Jam (Take 6 w/ vocals)",
      "duration": 86.73,
      "formats": [
        {
          "format": "VBR MP3",
          "filename": "gd66-06-XXd1t19.mp3",
          "bitrate": "190"
        },
        {
          "format": "Shorten",
          "filename": "gd66-06-XXd1t19.shn"
        }
      ]
    },
    {
      "track": "20",
      "title": "Don't Ease Me In Jam (Test Take 7)",
      "duration": 51.4,
      "formats": [
        {
          "format": "VBR MP3",
          "filename": "gd66-06-XXd1t20.mp3",
          "bitrate": "186"
        },
        {
          "format": "Shorten",
          "filename": "gd66-06-XXd1t20.shn"
        }
      ]
    },
    {
      "track": "21",
      "title": "You Don't Have To Ask",
      "duration": 9.81,
      "formats": [
        {
          "format": "VBR MP3",
          "filename": "gd66-06-XXd1t21.mp3",
          "bitrate": "181"
        },
        {
          "format": "Shorten",
          "filename": "gd66-06-XXd1t21.shn"
        }
      ]
    },
    {
      "track": "22",
      "title": "You Don't Have To Ask (Take 13)",
      "duration": 26.7,
      "formats": [
        {
          "format": "VBR MP3",
          "filename": "gd66-06-XXd1t22.mp3",
          "bitrate": "184"
        },
        {
          "format": "Shorten",
          "filename": "gd66-06-XXd1t22.shn"
        }
      ]
    },
    {
      "track": "23",
      "title": "You Don't Have To Ask (Take 14 with vocals)",
      "duration": 142.0,
      "formats": [
        {
          "format": "VBR MP3",
          "filename": "gd66-06-XXd1t23.mp3",
          "bitrate": "182"
        },
        {
          "format": "Shorten",
          "filename": "gd66-06-XXd1t23.shn"
        }
      ]
    },
    {
      "track": "24",
      "title": "Tastebud",
      "duration": 87.6,
      "formats": [
        {
          "format": "VBR MP3",
          "filename": "gd66-06-XXd1t24.mp3",
          "bitrate": "177"
        },
        {
          "format": "Shorten",
          "filename": "gd66-06-XXd1t24.shn"
        }
      ]
    },
    {
      "track": "25",
      "title": "Tastebud (Take 2)",
      "duration": 6.02,
      "formats": [
        {
          "format": "VBR MP3",
          "filename": "gd66-06-XXd1t25.mp3",
          "bitrate": "182"
        },
        {
          "format": "Shorten",
          "filename": "gd66-06-XXd1t25.shn"
        }
      ]
    },
    {
      "track": "26",
      "title": "Tastebud (Take 3)",
      "duration": 89.3,
      "formats": [
        {
          "format": "VBR MP3",
          "filename": "gd66-06-XXd1t26.mp3",
          "bitrate": "176"
        },
        {
          "format": "Shorten",
          "filename": "gd66-06-XXd1t26.shn"
        }
      ]
    },
    {
      "track": "27",
      "title": "Tastebud (Take 4)",
      "duration": 92.48,
      "formats": [
        {
          "format": "VBR MP3",
          "filename": "gd66-06-XXd1t27.mp3",
          "bitrate": "179"
        },
        {
          "format": "Shorten",
          "filename": "gd66-06-XXd1t27.shn"
        }
      ]
    },
    {
      "track": "28",
      "title": "Tastebud (Take 5)",
      "duration": 90.63,
      "formats": [
        {
          "format": "VBR MP3",
          "filename": "gd66-06-XXd1t28.mp3",
          "bitrate": "176"
        },
        {
          "format": "Shorten",
          "filename": "gd66-06-XXd1t28.shn"
        }
      ]
    },
    {
      "track": "29",
      "title": "Stealin' (Take 1)",
      "duration": 124.81,
      "formats": [
        {
          "format": "VBR MP3",
          "filename": "gd66-06-XXd1t29.mp3",
          "bitrate": "190"
        },
        {
          "format": "Shorten",
          "filename": "gd66-06-XXd1t29.shn"
        }
      ]
    },
    {
      "track": "30",
      "title": "I Know You Rider (Take 1)",
      "duration": 110.79,
      "formats": [
        {
          "format": "VBR MP3",
          "filename": "gd66-06-XXd1t30.mp3",
          "bitrate": "181"
        },
        {
          "format": "Shorten",
          "filename": "gd66-06-XXd1t30.shn"
        }
      ]
    }
  ]
}