{
  "rating": 3.7333333333333334,
  "review_count": 27,
  "source_type": "MATRIX",
  "confidence": 1.0,
  "date": "1966-12-01",
  "venue": "The Matrix",
  "location": "San Francisco, CA",
  "raw_rating": 4.148148148148148,
  "high_ratings": 20,
  "low_ratings": 0,
  "tracks": [
    {
      "track": "1",
      "title": "Minglewood Blues",
      "duration": 145.98,
      "formats": [
        {
          "format": "VBR MP3",
          "filename": "gd66-12-01d1t01.mp3",
          "bitrate": "199"
        },
        {
          "format": "Shorten",
          "filename": "gd66-12-01d1t01.shn"
        }
      ]
    },
    {
      "track": "2",
      "title": "Betty and Dupree",
      "duration": 162.1,
      "formats": [
        {
          "format": "VBR MP3",
          "filename": "gd66-12-01d1t02.mp3",
          "bitrate": "200"
        },
        {
          "format": "Shorten",
          "filename": "gd66-12-01d1t02.shn"
        }
      ]
    },
    {
      "track": "3",
      "title": "Next Time You See Me",
      "duration": 122.16,
      "formats": [
        {
          "format": "VBR MP3",
          "filename": "gd66-12-01d1t03.mp3",
          "bitrate": "204"
        },
        {
          "format": "Shorten",
          "filename": "gd66-12-01d1t03.shn"
        }
      ]
    },
    {
      "track": "4",
      "title": "I Know You Rider",
      "duration": 139.07,
      "formats": [
        {
          "format": "VBR MP3",
          "filename": "gd66-12-01d1t04.mp3",
          "bitrate": "211"
        },
        {
          "format": "Shorten",
          "filename": "gd66-12-01d1t04.shn"
        }
      ]
    },
    {
      "track": "5",
      "title": "Big Boss Man",
      "duration": 127.45,
      "formats": [
        {
          "format": "VBR MP3",
          "filename": "gd66-12-01d1t05.mp3",
          "bitrate": "206"
        },
        {
          "format": "Shorten",
          "filename": "gd66-12-01d1t05.shn"
        }
      ]
    },
    {
      "track": "6",
      "title": "One Kind Favor",
      "duration": 171.55,
      "formats": [
        {
          "format": "VBR MP3",
          "filename": "gd66-12-01d1t06.mp3",
          "bitrate": "198"
        },
        {
          "format": "Shorten",
          "filename": "gd66-12-01d1t06.shn"
        }
      ]
    },
    {
      "track": "7",
      "title": "Alice D. Millionaire",
      "duration": 114.14,
      "formats": [
        {
          "format": "VBR MP3",
          "filename": "gd66-12-01d1t07.mp3",
          "bitrate": "198"
        },
        {
          "format": "Shorten",
          "filename": "gd66-12-01d1t07.shn"
        }
      ]
    },
    {
      "track": "8",
      "title": "Me and My Uncle (aborted attempt)",
      "duration": 56.63,
      "formats": [
        {
          "format": "VBR MP3",
          "filename": "gd66-12-01d1t08.mp3",
          "bitrate": "199"
        },
        {
          "format": "Shorten",
          "filename": "gd66-12-01d1t08.shn"
        }
      ]
    },
    {
      "track": "9",
      "title": "Me and My Uncle",
      "duration": 117.5,
      "formats": [
        {
          "format": "VBR MP3",
          "filename": "gd66-12-01d1t09.mp3",
          "bitrate": "203"
        },
        {
          "format": "Shorten",
          "filename": "gd66-12-01d1t09.shn"
        }
      ]
    },
    {
      "track": "10",
      "title": "Cream Puff War",
      "duration": 302.07,
      "formats": [
        {
          "format": "VBR MP3",
          "filename": "gd66-12-01d1t10.mp3",
          "bitrate": "200"
        },
        {
          "format": "Shorten",
          "filename": "gd66-12-01d1t10.shn"
        }
      ]
    },
    {
      "track": "11",
      "title": "You Don't Love Me",
      "duration": 149.59,
      "formats": [
        {
          "format": "VBR MP3",
          "filename": "gd66-12-01d1t11.mp3",
          "bitrate": "198"
        },
        {
          "format": "Shorten",
          "filename": "gd66-12-01d1t11.shn"
        }
      ]
    },
    {
      "track": "12",
      "title": "Beat It On Down The Line",
      "duration": 85.06,
      "formats": [
        {
          "format": "VBR MP3",
          "filename": "gd66-12-01d1t12.mp3",
          "bitrate": "206"
        },
        {
          "format": "Shorten",
          "filename": "gd66-12-01d1t12.shn"
        }
      ]
    },
    {
      "track": "13",
      "title": "It Hurts Me Too",
      "duration": 149.34,
      "formats": [
        {
          "format": "VBR MP3",
          "filename": "gd66-12-01d1t13.mp3",
          "bitrate": "198"
        },
        {
          "format": "Shorten",
          "filename": "gd66-12-01d1t13.shn"
        }
      ]
    },
    {
      "track": "14",
      "title": "On The Road Again",
      "duration": 83.2,
      "formats": [
        {
          "format": "VBR MP3",
          "filename": "gd66-12-01d1t14.mp3",
          "bitrate": "206"
        },
        {
          "format": "Shorten",
          "filename": "gd66-12-01d1t14.shn"
        }
      ]
    },
    {
      "track": "15",
      "title": "Yonder's Wall (1)",
      "duration": 137.09,
      "formats": [
        {
          "format": "VBR MP3",
          "filename": "gd66-12-01d1t15.mp3",
          "bitrate": "210"
        },
        {
          "format": "Shorten",
          "filename": "gd66-12-01d1t15.shn"
        }
      ]
    },
    {
      "track": "16",
      "title": "My Own Fault",
      "duration": 222.13,
      "formats": [
        {
          "format": "VBR MP3",
          "filename": "gd66-12-01d2t01.mp3",
          "bitrate": "200"
        },
        {
          "format": "Shorten",
          "filename": "gd66-12-01d2t01.shn"
        }
      ]
    },
    {
      "track": "17",
      "title": "Down So Long",
      "duration": 129.39,
      "formats": [
        {
          "format": "VBR MP3",
          "filename": "gd66-12-01d2t02.mp3",
          "bitrate": "207"
        },
        {
          "format": "Shorten",
          "filename": "gd66-12-01d2t02.shn"
        }
      ]
    },
    {
      "track": "18",
      "title": "Cold Rain And Snow",
      "duration": 97.43,
      "formats": [
        {
          "format": "VBR MP3",
          "filename": "gd66-12-01d2t03.mp3",
          "bitrate": "208"
        },
        {
          "format": "Shorten",
          "filename": "gd66-12-01d2t03.shn"
        }
      ]
    },
    {
      "track": "19",
      "title": "Viola Lee Blues",
      "duration": 473.58,
      "formats": [
        {
          "format": "VBR MP3",
          "filename": "gd66-12-01d2t04.mp3",
          "bitrate": "206"
        },
        {
          "format": "Shorten",
          "filename": "gd66-12-01d2t04.shn"
        }
      ]
    },
    {
      "track": "20",
      "title": "Deep Elem Blues",
      "duration": 139.01,
      "formats": [
        {
          "format": "VBR MP3",
          "filename": "gd66-12-01d2t05.mp3",
          "bitrate": "199"
        },
        {
          "format": "Shorten",
          "filename": "gd66-12-01d2t05.shn"
        }
      ]
    },
    {
      "track": "21",
      "title": "Something On Your Mind",
      "duration": 142.85,
      "formats": [
        {
          "format": "VBR MP3",
          "filename": "gd66-12-01d2t06.mp3",
          "bitrate": "191"
        },
        {
          "format": "Shorten",
          "filename": "gd66-12-01d2t06.shn"
        }
      ]
    },
    {
      "track": "22",
      "title": "Big Boy Pete",
      "duration": 90.05,
      "formats": [
        {
          "format": "VBR MP3",
          "filename": "gd66-12-01d2t07.mp3",
          "bitrate": "194"
        },
        {
          "format": "Shorten",
          "filename": "gd66-12-01d2t07.shn"
        }
      ]
    },
    {
      "track": "23",
      "title": "Death Don't Have No Mercy",
      "duration": 251.05,
      "formats": [
        {
          "format": "VBR MP3",
          "filename": "gd66-12-01d2t08.mp3",
          "bitrate": "149"
        },
        {
          "format": "Shorten",
          "filename": "gd66-12-01d2t08.shn"
        }
      ]
    },
    {
      "track": "24",
      "title": "Lindy",
      "duration": 89.13,
      "formats": [
        {
          "format": "VBR MP3",
          "filename": "gd66-12-01d2t09.mp3",
          "bitrate": "199"
        },
        {
          "format": "Shorten",
          "filename": "gd66-12-01d2t09.shn"
        }
      ]
    },
    {
      "track": "25",
      "title": "Dancin' In The Street",
      "duration": 333.33,
      "formats": [
        {
          "format": "VBR MP3",
          "filename": "gd66-12-01d2t10.mp3",
          "bitrate": "200"
        },
        {
          "format": "Shorten",
          "filename": "gd66-12-01d2t10.shn"
        }
      ]
    },
    {
      "track": "26",
      "title": "Me and My Uncle (2)",
      "duration": 126.46,
      "formats": [
        {
          "format": "VBR MP3",
          "filename": "gd66-12-01d2t11.mp3",
          "bitrate": "198"
        },
        {
          "format": "Shorten",
          "filename": "gd66-12-01d2t11.shn"
        }
      ]
    }
  ]
}