{
  "rating": 2.3653846153846154,
  "review_count": 52,
  "source_type": "UNKNOWN",
  "confidence": 1.0,
  "date": "1966-05-19",
  "venue": "Avalon Ballroom",
  "location": "San Francisco, CA",
  "raw_rating": 4.730769230769231,
  "high_ratings": 50,
  "low_ratings": 1,
  "tracks": [
    {
      "track": "1",
      "title": "Beat It On Down the Line",
      "duration": 94.78,
      "formats": [
        {
          "format": "VBR MP3",
          "filename": "gd1966-05-19d1t01.mp3",
          "bitrate": "187"
        },
        {
          "format": "Shorten",
          "filename": "gd1966-05-19d1t01.shn"
        }
      ]
    },
    {
      "track": "2",
      "title": "Standing on the Corner",
      "duration": 131.47,
      "formats": [
        {
          "format": "VBR MP3",
          "filename": "gd1966-05-19d1t02.mp3",
          "bitrate": "188"
        },
        {
          "format": "Shorten",
          "filename": "gd1966-05-19d1t02.shn"
        }
      ]
    },
    {
      "track": "3",
      "title": "Mindbender",
      "duration": 115.48,
      "formats": [
        {
          "format": "VBR MP3",
          "filename": "gd1966-05-19d1t03.mp3",
          "bitrate": "188"
        },
        {
          "format": "Shorten",
          "filename": "gd1966-05-19d1t03.shn"
        }
      ]
    },
    {
      "track": "4",
      "title": "It Hurts Me Too",
      "duration": 142.33,
      "formats": [
        {
          "format": "VBR MP3",
          "filename": "gd1966-05-19d1t04.mp3",
          "bitrate": "188"
        },
        {
          "format": "Shorten",
          "filename": "gd1966-05-19d1t04.shn"
        }
      ]
    },
    {
      "track": "5",
      "title": "Viola Lee Blues",
      "duration": 298.79,
      "formats": [
        {
          "format": "VBR MP3",
          "filename": "gd1966-05-19d1t05.mp3",
          "bitrate": "186"
        },
        {
          "format": "Shorten",
          "filename": "gd1966-05-19d1t05.shn"
        }
      ]
    },
    {
      "track": "6",
      "title": "I Know You Rider",
      "duration": 109.28,
      "formats": [
        {
          "format": "VBR MP3",
          "filename": "gd1966-05-19d1t06.mp3",
          "bitrate": "185"
        },
        {
          "format": "Shorten",
          "filename": "gd1966-05-19d1t06.shn"
        }
      ]
    },
    {
      "track": "7",
      "title": "I Know It's a Sin",
      "duration": 108.24,
      "formats": [
        {
          "format": "VBR MP3",
          "filename": "gd1966-05-19d1t07.mp3",
          "bitrate": "186"
        },
        {
          "format": "Shorten",
          "filename": "gd1966-05-19d1t07.shn"
        }
      ]
    },
    {
      "track": "8",
      "title": "Sick and Tired",
      "duration": 127.91,
      "formats": [
        {
          "format": "VBR MP3",
          "filename": "gd1966-05-19d1t08.mp3",
          "bitrate": "186"
        },
        {
          "format": "Shorten",
          "filename": "gd1966-05-19d1t08.shn"
        }
      ]
    },
    {
      "track": "9",
      "title": "Cream Puff War",
      "duration": 156.08,
      "formats": [
        {
          "format": "VBR MP3",
          "filename": "gd1966-05-19d1t09.mp3",
          "bitrate": "188"
        },
        {
          "format": "Shorten",
          "filename": "gd1966-05-19d1t09.shn"
        }
      ]
    },
    {
      "track": "10",
      "title": "tuning",
      "duration": 13.21,
      "formats": [
        {
          "format": "VBR MP3",
          "filename": "gd1966-05-19d1t10.mp3",
          "bitrate": "186"
        },
        {
          "format": "Shorten",
          "filename": "gd1966-05-19d1t10.shn"
        }
      ]
    },
    {
      "track": "11",
      "title": "Sittin' On Top of the World",
      "duration": 88.74,
      "formats": [
        {
          "format": "VBR MP3",
          "filename": "gd1966-05-19d1t11.mp3",
          "bitrate": "186"
        },
        {
          "format": "Shorten",
          "filename": "gd1966-05-19d1t11.shn"
        }
      ]
    },
    {
      "track": "12",
      "title": "New Minglewood Blues",
      "duration": 174.55,
      "formats": [
        {
          "format": "VBR MP3",
          "filename": "gd1966-05-19d1t12.mp3",
          "bitrate": "190"
        },
        {
          "format": "Shorten",
          "filename": "gd1966-05-19d1t12.shn"
        }
      ]
    },
    {
      "track": "13",
      "title": "Cold Rain and Snow",
      "duration": 128.87,
      "formats": [
        {
          "format": "VBR MP3",
          "filename": "gd1966-05-19d1t13.mp3",
          "bitrate": "188"
        },
        {
          "format": "Shorten",
          "filename": "gd1966-05-19d1t13.shn"
        }
      ]
    },
    {
      "track": "14",
      "title": "Tastebud",
      "duration": 238.48,
      "formats": [
        {
          "format": "VBR MP3",
          "filename": "gd1966-05-19d1t14.mp3",
          "bitrate": "190"
        },
        {
          "format": "Shorten",
          "filename": "gd1966-05-19d1t14.shn"
        }
      ]
    },
    {
      "track": "15",
      "title": "Silver Threads and Golden Needles",
      "duration": 109.23,
      "formats": [
        {
          "format": "VBR MP3",
          "filename": "gd1966-05-19d1t15.mp3",
          "bitrate": "189"
        },
        {
          "format": "Shorten",
          "filename": "gd1966-05-19d1t15.shn"
        }
      ]
    },
    {
      "track": "16",
      "title": "It's All Over Now Baby Blue",
      "duration": 176.28,
      "formats": [
        {
          "format": "VBR MP3",
          "filename": "gd1966-05-19d1t16.mp3",
          "bitrate": "192"
        },
        {
          "format": "Shorten",
          "filename": "gd1966-05-19d1t16.shn"
        }
      ]
    },
    {
      "track": "17",
      "title": "Good Lovin'",
      "duration": 158.41,
      "formats": [
        {
          "format": "VBR MP3",
          "filename": "gd1966-05-19d1t17.mp3",
          "bitrate": "186"
        },
        {
          "format": "Shorten",
          "filename": "gd1966-05-19d1t17.shn"
        }
      ]
    },
    {
      "track": "18",
      "title": "You Don't Have to Ask",
      "duration": 129.33,
      "formats": [
        {
          "format": "VBR MP3",
          "filename": "gd1966-05-19d1t18.mp3",
          "bitrate": "186"
        },
        {
          "format": "Shorten",
          "filename": "gd1966-05-19d1t18.shn"
        }
      ]
    },
    {
      "track": "19",
      "title": "Cream Puff War",
      "duration": 33.82,
      "formats": [
        {
          "format": "VBR MP3",
          "filename": "gd1966-05-19d1t19.mp3",
          "bitrate": "190"
        },
        {
          "format": "Shorten",
          "filename": "gd1966-05-19d1t19.shn"
        }
      ]
    }
  ]
}