{
  "rating": 3.51,
  "review_count": 10,
  "source_type": "MATRIX",
  "confidence": 1.0,
  "date": "1966-11-29",
  "venue": "The Matrix",
  "location": "San Francisco, CA",
  "raw_rating": 3.9,
  "high_ratings": 7,
  "low_ratings": 0,
  "tracks": [
    {
      "track": "1",
      "title": "Sick and Tired",
      "duration": 117.95,
      "formats": [
        {
          "format": "VBR MP3",
          "filename": "gd66-11-29d1t01.mp3",
          "bitrate": "178"
        },
        {
          "format": "Ogg Vorbis",
          "filename": "gd66-11-29d1t01.ogg"
        },
        {
          "format": "Shorten",
          "filename": "gd66-11-29d1t01.shn"
        }
      ]
    },
    {
      "track": "2",
      "title": "Standing on the Corner",
      "duration": 125.13,
      "formats": [
        {
          "format": "VBR MP3",
          "filename": "gd66-11-29d1t02.mp3",
          "bitrate": "180"
        },
        {
          "format": "Ogg Vorbis",
          "filename": "gd66-11-29d1t02.ogg"
        },
        {
          "format": "Shorten",
          "filename": "gd66-11-29d1t02.shn"
        }
      ]
    },
    {
      "track": "3",
      "title": "Mindbender",
      "duration": 99.96,
      "formats": [
        {
          "format": "VBR MP3",
          "filename": "gd66-11-29d1t03.mp3",
          "bitrate": "179"
        },
        {
          "format": "Ogg Vorbis",
          "filename": "gd66-11-29d1t03.ogg"
        },
        {
          "format": "Shorten",
          "filename": "gd66-11-29d1t03.shn"
        }
      ]
    },
    {
      "track": "4",
      "title": "It Hurts Me Too",
      "duration": 130.66,
      "formats": [
        {
          "format": "VBR MP3",
          "filename": "gd66-11-29d1t04.mp3",
          "bitrate": "178"
        },
        {
          "format": "Ogg Vorbis",
          "filename": "gd66-11-29d1t04.ogg"
        },
        {
          "format": "Shorten",
          "filename": "gd66-11-29d1t04.shn"
        }
      ]
    },
    {
      "track": "5",
      "title": "Viola Lee Blues",
      "duration": 257.62,
      "formats": [
        {
          "format": "VBR MP3",
          "filename": "gd66-11-29d1t05.mp3",
          "bitrate": "178"
        },
        {
          "format": "Ogg Vorbis",
          "filename": "gd66-11-29d1t05.ogg"
        },
        {
          "format": "Shorten",
          "filename": "gd66-11-29d1t05.shn"
        }
      ]
    },
    {
      "track": "6",
      "title": "I Know You Rider",
      "duration": 96.18,
      "formats": [
        {
          "format": "VBR MP3",
          "filename": "gd66-11-29d1t06.mp3",
          "bitrate": "178"
        },
        {
          "format": "Ogg Vorbis",
          "filename": "gd66-11-29d1t06.ogg"
        },
        {
          "format": "Shorten",
          "filename": "gd66-11-29d1t06.shn"
        }
      ]
    },
    {
      "track": "7",
      "title": "It's a Sin",
      "duration": 104.92,
      "formats": [
        {
          "format": "VBR MP3",
          "filename": "gd66-11-29d1t07.mp3",
          "bitrate": "178"
        },
        {
          "format": "Ogg Vorbis",
          "filename": "gd66-11-29d1t07.ogg"
        },
        {
          "format": "Shorten",
          "filename": "gd66-11-29d1t07.shn"
        }
      ]
    },
    {
      "track": "8",
      "title": "Cream Puff War",
      "duration": 76.47,
      "formats": [
        {
          "format": "VBR MP3",
          "filename": "gd66-11-29d1t08.mp3",
          "bitrate": "179"
        },
        {
          "format": "Ogg Vorbis",
          "filename": "gd66-11-29d1t08.ogg"
        },
        {
          "format": "Shorten",
          "filename": "gd66-11-29d1t08.shn"
        }
      ]
    },
    {
      "track": "9",
      "title": "Me and My Uncle",
      "duration": 138.53,
      "formats": [
        {
          "format": "VBR MP3",
          "filename": "gd66-11-29d2t01.mp3",
          "bitrate": "188"
        },
        {
          "format": "Ogg Vorbis",
          "filename": "gd66-11-29d2t01.ogg"
        },
        {
          "format": "Shorten",
          "filename": "gd66-11-29d2t01.shn"
        }
      ]
    },
    {
      "track": "10",
      "title": "The Same Thing",
      "duration": 404.66,
      "formats": [
        {
          "format": "VBR MP3",
          "filename": "gd66-11-29d2t02.mp3",
          "bitrate": "185"
        },
        {
          "format": "Ogg Vorbis",
          "filename": "gd66-11-29d2t02.ogg"
        },
        {
          "format": "Shorten",
          "filename": "gd66-11-29d2t02.shn"
        }
      ]
    },
    {
      "track": "11",
      "title": "Stealin'",
      "duration": 105.24,
      "formats": [
        {
          "format": "VBR MP3",
          "filename": "gd66-11-29d2t03.mp3",
          "bitrate": "189"
        },
        {
          "format": "Ogg Vorbis",
          "filename": "gd66-11-29d2t03.ogg"
        },
        {
          "format": "Shorten",
          "filename": "gd66-11-29d2t03.shn"
        }
      ]
    },
    {
      "track": "12",
      "title": "Big Boy Pete",
      "duration": 113.46,
      "formats": [
        {
          "format": "VBR MP3",
          "filename": "gd66-11-29d2t04.mp3",
          "bitrate": "185"
        },
        {
          "format": "Ogg Vorbis",
          "filename": "gd66-11-29d2t04.ogg"
        },
        {
          "format": "Shorten",
          "filename": "gd66-11-29d2t04.shn"
        }
      ]
    },
    {
      "track": "13",
      "title": "See That My Grave Is Kept Clean",
      "duration": 203.71,
      "formats": [
        {
          "format": "VBR MP3",
          "filename": "gd66-11-29d2t05.mp3",
          "bitrate": "186"
        },
        {
          "format": "Ogg Vorbis",
          "filename": "gd66-11-29d2t05.ogg"
        },
        {
          "format": "Shorten",
          "filename": "gd66-11-29d2t05.shn"
        }
      ]
    },
    {
      "track": "14",
      "title": "Early Morning Rain",
      "duration": 83.17,
      "formats": [
        {
          "format": "VBR MP3",
          "filename": "gd66-11-29d2t06.mp3",
          "bitrate": "190"
        },
        {
          "format": "Ogg Vorbis",
          "filename": "gd66-11-29d2t06.ogg"
        },
        {
          "format": "Shorten",
          "filename": "gd66-11-29d2t06.shn"
        }
      ]
    },
    {
      "track": "15",
      "title": "Cold Rain and Snow",
      "duration": 112.65,
      "formats": [
        {
          "format": "VBR MP3",
          "filename": "gd66-11-29d2t07.mp3",
          "bitrate": "190"
        },
        {
          "format": "Ogg Vorbis",
          "filename": "gd66-11-29d2t07.ogg"
        },
        {
          "format": "Shorten",
          "filename": "gd66-11-29d2t07.shn"
        }
      ]
    },
    {
      "track": "16",
      "title": "Viola Lee Blues",
      "duration": 387.68,
      "formats": [
        {
          "format": "VBR MP3",
          "filename": "gd66-11-29d2t08.mp3",
          "bitrate": "190"
        },
        {
          "format": "Ogg Vorbis",
          "filename": "gd66-11-29d2t08.ogg"
        },
        {
          "format": "Shorten",
          "filename": "gd66-11-29d2t08.shn"
        }
      ]
    },
    {
      "track": "17",
      "title": "Down So Long",
      "duration": 132.5,
      "formats": [
        {
          "format": "VBR MP3",
          "filename": "gd66-11-29d2t09.mp3",
          "bitrate": "187"
        },
        {
          "format": "Ogg Vorbis",
          "filename": "gd66-11-29d2t09.ogg"
        },
        {
          "format": "Shorten",
          "filename": "gd66-11-29d2t09.shn"
        }
      ]
    },
    {
      "track": "18",
      "title": "Something On Your Mind",
      "duration": 161.5,
      "formats": [
        {
          "format": "VBR MP3",
          "filename": "gd66-11-29d2t10.mp3",
          "bitrate": "181"
        },
        {
          "format": "Ogg Vorbis",
          "filename": "gd66-11-29d2t10.ogg"
        },
        {
          "format": "Shorten",
          "filename": "gd66-11-29d2t10.shn"
        }
      ]
    },
    {
      "track": "19",
      "title": "Lindy",
      "duration": 102.87,
      "formats": [
        {
          "format": "VBR MP3",
          "filename": "gd66-11-29d2t11.mp3",
          "bitrate": "188"
        },
        {
          "format": "Ogg Vorbis",
          "filename": "gd66-11-29d2t11.ogg"
        },
        {
          "format": "Shorten",
          "filename": "gd66-11-29d2t11.shn"
        }
      ]
    },
    {
      "track": "20",
      "title": "Good Morning Little Schoolgirl",
      "duration": 351.02,
      "formats": [
        {
          "format": "VBR MP3",
          "filename": "gd66-11-29d2t12.mp3",
          "bitrate": "184"
        },
        {
          "format": "Ogg Vorbis",
          "filename": "gd66-11-29d2t12.ogg"
        },
        {
          "format": "Shorten",
          "filename": "gd66-11-29d2t12.shn"
        }
      ]
    },
    {
      "track": "21",
      "title": "I Just Want To Make Love To You",
      "duration": 119.88,
      "formats": [
        {
          "format": "VBR MP3",
          "filename": "gd66-11-29d2t13.mp3",
          "bitrate": "192"
        },
        {
          "format": "Ogg Vorbis",
          "filename": "gd66-11-29d2t13.ogg"
        },
        {
          "format": "Shorten",
          "filename": "gd66-11-29d2t13.shn"
        }
      ]
    },
    {
      "track": "22",
      "title": "Outro",
      "duration": 30.0,
      "formats": [
        {
          "format": "VBR MP3",
          "filename": "gd66-11-29d2t14.mp3",
          "bitrate": "193"
        },
        {
          "format": "Ogg Vorbis",
          "filename": "gd66-11-29d2t14.ogg"
        },
        {
          "format": "Shorten",
          "filename": "gd66-11-29d2t14.shn"
        }
      ]
    }
  ]
}