{
  "rating": 2.1875,
  "review_count": 8,
  "source_type": "UNKNOWN",
  "confidence": 1.0,
  "date": "1966-03-19",
  "venue": "Carthay Studios",
  "location": "Los Angeles, CA",
  "raw_rating": 4.375,
  "high_ratings": 7,
  "low_ratings": 1,
  "tracks": [
    {
      "track": "01",
      "title": "Viola Lee Blues",
      "duration": 679.69,
      "formats": [
        {
          "format": "Flac",
          "filename": "gd66-03-19d1t01.flac"
        },
        {
          "format": "VBR MP3",
          "filename": "gd66-03-19d1t01.mp3",
          "bitrate": "197"
        }
      ]
    },
    {
      "track": "02",
      "title": "\"I need some Coke...\" and \"There will be a slight pause...\" stage talk",
      "duration": 31.98,
      "formats": [
        {
          "format": "Flac",
          "filename": "gd66-03-19d1t02.flac"
        },
        {
          "format": "VBR MP3",
          "filename": "gd66-03-19d1t02.mp3",
          "bitrate": "179"
        }
      ]
    },
    {
      "track": "03",
      "title": "One Kind Favor",
      "duration": 217.12,
      "formats": [
        {
          "format": "Flac",
          "filename": "gd66-03-19d1t03.flac"
        },
        {
          "format": "VBR MP3",
          "filename": "gd66-03-19d1t03.mp3",
          "bitrate": "191"
        }
      ]
    },
    {
      "track": "04",
      "title": "I Know You Rider",
      "duration": 192.3,
      "formats": [
        {
          "format": "Flac",
          "filename": "gd66-03-19d1t04.flac"
        },
        {
          "format": "VBR MP3",
          "filename": "gd66-03-19d1t04.mp3",
          "bitrate": "189"
        }
      ]
    },
    {
      "track": "05",
      "title": "You See A Broken Heart",
      "duration": 205.36,
      "formats": [
        {
          "format": "Flac",
          "filename": "gd66-03-19d1t05.flac"
        },
        {
          "format": "VBR MP3",
          "filename": "gd66-03-19d1t05.mp3",
          "bitrate": "193"
        }
      ]
    },
    {
      "track": "06",
      "title": "It's A Sin",
      "duration": 201.65,
      "formats": [
        {
          "format": "Flac",
          "filename": "gd66-03-19d1t06.flac"
        },
        {
          "format": "VBR MP3",
          "filename": "gd66-03-19d1t06.mp3",
          "bitrate": "181"
        }
      ]
    },
    {
      "track": "07",
      "title": "PA and \"tasting\" and tuning stage talk",
      "duration": 81.64,
      "formats": [
        {
          "format": "Flac",
          "filename": "gd66-03-19d1t07.flac"
        },
        {
          "format": "VBR MP3",
          "filename": "gd66-03-19d1t07.mp3",
          "bitrate": "182"
        }
      ]
    },
    {
      "track": "08",
      "title": "Beat It On Down The Line",
      "duration": 181.48,
      "formats": [
        {
          "format": "Flac",
          "filename": "gd66-03-19d1t08.flac"
        },
        {
          "format": "VBR MP3",
          "filename": "gd66-03-19d1t08.mp3",
          "bitrate": "196"
        }
      ]
    },
    {
      "track": "09",
      "title": "\"Just Bearly\" PA stage talk",
      "duration": 52.81,
      "formats": [
        {
          "format": "Flac",
          "filename": "gd66-03-19d1t09.flac"
        },
        {
          "format": "VBR MP3",
          "filename": "gd66-03-19d1t09.mp3",
          "bitrate": "181"
        }
      ]
    },
    {
      "track": "10",
      "title": "Heads Up",
      "duration": 264.92,
      "formats": [
        {
          "format": "Flac",
          "filename": "gd66-03-19d1t10.flac"
        },
        {
          "format": "VBR MP3",
          "filename": "gd66-03-19d1t10.mp3",
          "bitrate": "197"
        }
      ]
    },
    {
      "track": "11",
      "title": "\"How's the PA now\" stage talk",
      "duration": 128.32,
      "formats": [
        {
          "format": "Flac",
          "filename": "gd66-03-19d1t11.flac"
        },
        {
          "format": "VBR MP3",
          "filename": "gd66-03-19d1t11.mp3",
          "bitrate": "181"
        }
      ]
    },
    {
      "track": "12",
      "title": "Next Time You See Me",
      "duration": 180.14,
      "formats": [
        {
          "format": "Flac",
          "filename": "gd66-03-19d1t12.flac"
        },
        {
          "format": "VBR MP3",
          "filename": "gd66-03-19d1t12.mp3",
          "bitrate": "187"
        }
      ]
    },
    {
      "track": "13",
      "title": "\"take a break\" and \"ice cream\" stage talk",
      "duration": 107.46,
      "formats": [
        {
          "format": "Flac",
          "filename": "gd66-03-19d1t13.flac"
        },
        {
          "format": "VBR MP3",
          "filename": "gd66-03-19d1t13.mp3",
          "bitrate": "182"
        }
      ]
    },
    {
      "track": "14",
      "title": "Slow R and B instrumental",
      "duration": 427.94,
      "formats": [
        {
          "format": "Flac",
          "filename": "gd66-03-19d1t14.flac"
        },
        {
          "format": "VBR MP3",
          "filename": "gd66-03-19d1t14.mp3",
          "bitrate": "195"
        }
      ]
    },
    {
      "track": "15",
      "title": "noodling onwards",
      "duration": 37.82,
      "formats": [
        {
          "format": "Flac",
          "filename": "gd66-03-19d1t15.flac"
        },
        {
          "format": "VBR MP3",
          "filename": "gd66-03-19d1t15.mp3",
          "bitrate": "190"
        }
      ]
    },
    {
      "track": "16",
      "title": "Death Don't Have No Mercy",
      "duration": 360.85,
      "formats": [
        {
          "format": "Flac",
          "filename": "gd66-03-19d1t16.flac"
        },
        {
          "format": "VBR MP3",
          "filename": "gd66-03-19d1t16.mp3",
          "bitrate": "186"
        }
      ]
    },
    {
      "track": "17",
      "title": "\"a little tune now called the...\" Midnight Hour",
      "duration": 654.29,
      "formats": [
        {
          "format": "Flac",
          "filename": "gd66-03-19d1t17.flac"
        },
        {
          "format": "VBR MP3",
          "filename": "gd66-03-19d1t17.mp3",
          "bitrate": "190"
        }
      ]
    }
  ]
}