{
  "rating": 3.5500000000000003,
  "review_count": 18,
  "source_type": "MATRIX",
  "confidence": 1.0,
  "date": "1966-12-01",
  "venue": "The Matrix",
  "location": "San Francisco, CA",
  "raw_rating": 3.9444444444444446,
  "high_ratings": 13,
  "low_ratings": 1,
  "tracks": [
    {
      "track": "1",
      "title": "New Minglewood Blues",
      "duration": 124.22,
      "formats": [
        {
          "format": "VBR MP3",
          "filename": "gd66-12-01d1t01.mp3",
          "bitrate": "193"
        },
        {
          "format": "Shorten",
          "filename": "gd66-12-01d1t01.shn"
        }
      ]
    },
    {
      "track": "2",
      "title": "Betty and Dupree",
      "duration": 187.2,
      "formats": [
        {
          "format": "VBR MP3",
          "filename": "gd66-12-01d1t02.mp3",
          "bitrate": "189"
        },
        {
          "format": "Shorten",
          "filename": "gd66-12-01d1t02.shn"
        }
      ]
    },
    {
      "track": "3",
      "title": "Next Time You See Me",
      "duration": 125.21,
      "formats": [
        {
          "format": "VBR MP3",
          "filename": "gd66-12-01d1t03.mp3",
          "bitrate": "194"
        },
        {
          "format": "Shorten",
          "filename": "gd66-12-01d1t03.shn"
        }
      ]
    },
    {
      "track": "4",
      "title": "I Know You Rider",
      "duration": 139.27,
      "formats": [
        {
          "format": "VBR MP3",
          "filename": "gd66-12-01d1t04.mp3",
          "bitrate": "198"
        },
        {
          "format": "Shorten",
          "filename": "gd66-12-01d1t04.shn"
        }
      ]
    },
    {
      "track": "5",
      "title": "Big Boss Man",
      "duration": 129.74,
      "formats": [
        {
          "format": "VBR MP3",
          "filename": "gd66-12-01d1t05.mp3",
          "bitrate": "195"
        },
        {
          "format": "Shorten",
          "filename": "gd66-12-01d1t05.shn"
        }
      ]
    },
    {
      "track": "6",
      "title": "One Kind Favor",
      "duration": 173.42,
      "formats": [
        {
          "format": "VBR MP3",
          "filename": "gd66-12-01d1t06.mp3",
          "bitrate": "191"
        },
        {
          "format": "Shorten",
          "filename": "gd66-12-01d1t06.shn"
        }
      ]
    },
    {
      "track": "7",
      "title": "Alice D. Millionaire",
      "duration": 113.64,
      "formats": [
        {
          "format": "VBR MP3",
          "filename": "gd66-12-01d1t07.mp3",
          "bitrate": "190"
        },
        {
          "format": "Shorten",
          "filename": "gd66-12-01d1t07.shn"
        }
      ]
    },
    {
      "track": "8",
      "title": "Me and My Uncle",
      "duration": 58.75,
      "formats": [
        {
          "format": "VBR MP3",
          "filename": "gd66-12-01d1t08.mp3",
          "bitrate": "190"
        },
        {
          "format": "Shorten",
          "filename": "gd66-12-01d1t08.shn"
        }
      ]
    },
    {
      "track": "9",
      "title": "Me and My Uncle",
      "duration": 110.76,
      "formats": [
        {
          "format": "VBR MP3",
          "filename": "gd66-12-01d1t09.mp3",
          "bitrate": "195"
        },
        {
          "format": "Shorten",
          "filename": "gd66-12-01d1t09.shn"
        }
      ]
    },
    {
      "track": "10",
      "title": "Cream Puff War",
      "duration": 312.83,
      "formats": [
        {
          "format": "VBR MP3",
          "filename": "gd66-12-01d1t10.mp3",
          "bitrate": "192"
        },
        {
          "format": "Shorten",
          "filename": "gd66-12-01d1t10.shn"
        }
      ]
    },
    {
      "track": "11",
      "title": "You Don't Love Me",
      "duration": 138.24,
      "formats": [
        {
          "format": "VBR MP3",
          "filename": "gd66-12-01d1t11.mp3",
          "bitrate": "192"
        },
        {
          "format": "Shorten",
          "filename": "gd66-12-01d1t11.shn"
        }
      ]
    },
    {
      "track": "12",
      "title": "Beat It On Down The Line",
      "duration": 98.12,
      "formats": [
        {
          "format": "VBR MP3",
          "filename": "gd66-12-01d1t12.mp3",
          "bitrate": "193"
        },
        {
          "format": "Shorten",
          "filename": "gd66-12-01d1t12.shn"
        }
      ]
    },
    {
      "track": "13",
      "title": "It Hurts Me Too",
      "duration": 148.07,
      "formats": [
        {
          "format": "VBR MP3",
          "filename": "gd66-12-01d1t13.mp3",
          "bitrate": "191"
        },
        {
          "format": "Shorten",
          "filename": "gd66-12-01d1t13.shn"
        }
      ]
    },
    {
      "track": "14",
      "title": "On The Road Again",
      "duration": 87.29,
      "formats": [
        {
          "format": "VBR MP3",
          "filename": "gd66-12-01d1t14.mp3",
          "bitrate": "194"
        },
        {
          "format": "Shorten",
          "filename": "gd66-12-01d1t14.shn"
        }
      ]
    },
    {
      "track": "15",
      "title": "Look on Yonder's Wall",
      "duration": 137.35,
      "formats": [
        {
          "format": "VBR MP3",
          "filename": "gd66-12-01d1t15.mp3",
          "bitrate": "198"
        },
        {
          "format": "Shorten",
          "filename": "gd66-12-01d1t15.shn"
        }
      ]
    },
    {
      "track": "16",
      "title": "It's My Own Fault",
      "duration": 224.95,
      "formats": [
        {
          "format": "VBR MP3",
          "filename": "gd66-12-01d2t01.mp3",
          "bitrate": "193"
        },
        {
          "format": "Shorten",
          "filename": "gd66-12-01d2t01.shn"
        }
      ]
    },
    {
      "track": "17",
      "title": "Down So Long",
      "duration": 122.79,
      "formats": [
        {
          "format": "VBR MP3",
          "filename": "gd66-12-01d2t02.mp3",
          "bitrate": "199"
        },
        {
          "format": "Shorten",
          "filename": "gd66-12-01d2t02.shn"
        }
      ]
    },
    {
      "track": "18",
      "title": "Cold Rain And Snow",
      "duration": 111.94,
      "formats": [
        {
          "format": "VBR MP3",
          "filename": "gd66-12-01d2t03.mp3",
          "bitrate": "198"
        },
        {
          "format": "Shorten",
          "filename": "gd66-12-01d2t03.shn"
        }
      ]
    },
    {
      "track": "19",
      "title": "Viola Lee Blues",
      "duration": 493.43,
      "formats": [
        {
          "format": "VBR MP3",
          "filename": "gd66-12-01d2t04.mp3",
          "bitrate": "199"
        },
        {
          "format": "Shorten",
          "filename": "gd66-12-01d2t04.shn"
        }
      ]
    },
    {
      "track": "20",
      "title": "Deep Elementary Blues",
      "duration": 159.61,
      "formats": [
        {
          "format": "VBR MP3",
          "filename": "gd66-12-01d2t05.mp3",
          "bitrate": "192"
        },
        {
          "format": "Shorten",
          "filename": "gd66-12-01d2t05.shn"
        }
      ]
    },
    {
      "track": "21",
      "title": "Something On Your Mind",
      "duration": 151.48,
      "formats": [
        {
          "format": "VBR MP3",
          "filename": "gd66-12-01d2t06.mp3",
          "bitrate": "188"
        },
        {
          "format": "Shorten",
          "filename": "gd66-12-01d2t06.shn"
        }
      ]
    },
    {
      "track": "22",
      "title": "Big Boy Pete",
      "duration": 99.38,
      "formats": [
        {
          "format": "VBR MP3",
          "filename": "gd66-12-01d2t07.mp3",
          "bitrate": "194"
        },
        {
          "format": "Shorten",
          "filename": "gd66-12-01d2t07.shn"
        }
      ]
    },
    {
      "track": "23",
      "title": "Death Don't Have No Mercy",
      "duration": 292.46,
      "formats": [
        {
          "format": "VBR MP3",
          "filename": "gd66-12-01d2t08.mp3",
          "bitrate": "191"
        },
        {
          "format": "Shorten",
          "filename": "gd66-12-01d2t08.shn"
        }
      ]
    },
    {
      "track": "24",
      "title": "Lindy",
      "duration": 95.53,
      "formats": [
        {
          "format": "VBR MP3",
          "filename": "gd66-12-01d2t09.mp3",
          "bitrate": "194"
        },
        {
          "format": "Shorten",
          "filename": "gd66-12-01d2t09.shn"
        }
      ]
    },
    {
      "track": "25",
      "title": "Dancing In The Street",
      "duration": 349.3,
      "formats": [
        {
          "format": "VBR MP3",
          "filename": "gd66-12-01d2t10.mp3",
          "bitrate": "195"
        },
        {
          "format": "Shorten",
          "filename": "gd66-12-01d2t10.shn"
        }
      ]
    },
    {
      "track": "26",
      "title": "Me and My Uncle",
      "duration": 138.01,
      "formats": [
        {
          "format": "VBR MP3",
          "filename": "gd66-12-01d2t11.mp3",
          "bitrate": "193"
        },
        {
          "format": "Shorten",
          "filename": "gd66-12-01d2t11.shn"
        }
      ]
    }
  ]
}