{
  "rating": 3.29,
  "review_count": 30,
  "source_type": "AUD",
  "confidence": 1.0,
  "date": "1966-11-19",
  "venue": "Fillmore Auditorium",
  "location": "San Francisco, CA",
  "raw_rating": 4.7,
  "high_ratings": 29,
  "low_ratings": 0,
  "tracks": [
    {
      "track": "1",
      "title": "High Healed Sneakers",
      "duration": 148.48,
      "formats": [
        {
          "format": "VBR MP3",
          "filename": "gd66-11-19t01.mp3",
          "bitrate": "198"
        },
        {
          "format": "Shorten",
          "filename": "gd66-11-19t01.shn"
        }
      ]
    },
    {
      "track": "2",
      "title": "Pain in My Heart",
      "duration": 101.28,
      "formats": [
        {
          "format": "VBR MP3",
          "filename": "gd66-11-19t02.mp3",
          "bitrate": "189"
        },
        {
          "format": "Shorten",
          "filename": "gd66-11-19t02.shn"
        }
      ]
    },
    {
      "track": "3",
      "title": "Cold Rain and Snow",
      "duration": 112.85,
      "formats": [
        {
          "format": "VBR MP3",
          "filename": "gd66-11-19t03.mp3",
          "bitrate": "195"
        },
        {
          "format": "Shorten",
          "filename": "gd66-11-19t03.shn"
        }
      ]
    },
    {
      "track": "4",
      "title": "Beat It On Down the Line",
      "duration": 111.67,
      "formats": [
        {
          "format": "VBR MP3",
          "filename": "gd66-11-19t04.mp3",
          "bitrate": "191"
        },
        {
          "format": "Shorten",
          "filename": "gd66-11-19t04.shn"
        }
      ]
    },
    {
      "track": "5",
      "title": "Cream Puff War",
      "duration": 279.16,
      "formats": [
        {
          "format": "VBR MP3",
          "filename": "gd66-11-19t05.mp3",
          "bitrate": "194"
        },
        {
          "format": "Shorten",
          "filename": "gd66-11-19t05.shn"
        }
      ]
    },
    {
      "track": "6",
      "title": "The Same Thing",
      "duration": 298.04,
      "formats": [
        {
          "format": "VBR MP3",
          "filename": "gd66-11-19t06.mp3",
          "bitrate": "188"
        },
        {
          "format": "Shorten",
          "filename": "gd66-11-19t06.shn"
        }
      ]
    },
    {
      "track": "7",
      "title": "He Was a Friend of Mine",
      "duration": 179.35,
      "formats": [
        {
          "format": "VBR MP3",
          "filename": "gd66-11-19t07.mp3",
          "bitrate": "186"
        },
        {
          "format": "Shorten",
          "filename": "gd66-11-19t07.shn"
        }
      ]
    },
    {
      "track": "8",
      "title": "Smokestack Lightning",
      "duration": 328.95,
      "formats": [
        {
          "format": "VBR MP3",
          "filename": "gd66-11-19t08.mp3",
          "bitrate": "197"
        },
        {
          "format": "Shorten",
          "filename": "gd66-11-19t08.shn"
        }
      ]
    },
    {
      "track": "9",
      "title": "I'm a King Bee",
      "duration": 179.35,
      "formats": [
        {
          "format": "VBR MP3",
          "filename": "gd66-11-19t09.mp3",
          "bitrate": "194"
        },
        {
          "format": "Shorten",
          "filename": "gd66-11-19t09.shn"
        }
      ]
    },
    {
      "track": "10",
      "title": "In the Midnight Hour",
      "duration": 612.97,
      "formats": [
        {
          "format": "VBR MP3",
          "filename": "gd66-11-19t10.mp3",
          "bitrate": "193"
        },
        {
          "format": "Shorten",
          "filename": "gd66-11-19t10.shn"
        }
      ]
    }
  ]
}