{
  "rating": 3.3666666666666663,
  "review_count": 21,
  "source_type": "AUD",
  "confidence": 1.0,
  "date": "1966-07-29",
  "venue": "P.N.E. Garden Auditorium",
  "location": "Vancouver B.C., Canada",
  "raw_rating": 4.809523809523809,
  "high_ratings": 21,
  "low_ratings": 0,
  "tracks": [
    {
      "track": "1",
      "title": "Intro",
      "duration": 18.41,
      "formats": [
        {
          "format": "VBR MP3",
          "filename": "gd66-07-29d1t01.mp3",
          "bitrate": "181"
        },
        {
          "format": "Ogg Vorbis",
          "filename": "gd66-07-29d1t01.ogg"
        },
        {
          "format": "Shorten",
          "filename": "gd66-07-29d1t01.shn"
        }
      ]
    },
    {
      "track": "2",
      "title": "Standin' On The Corner",
      "duration": 111.56,
      "formats": [
        {
          "format": "VBR MP3",
          "filename": "gd66-07-29d1t02.mp3",
          "bitrate": "185"
        },
        {
          "format": "Ogg Vorbis",
          "filename": "gd66-07-29d1t02.ogg"
        },
        {
          "format": "Shorten",
          "filename": "gd66-07-29d1t02.shn"
        }
      ]
    },
    {
      "track": "3",
      "title": "I Know You Rider",
      "duration": 120.1,
      "formats": [
        {
          "format": "VBR MP3",
          "filename": "gd66-07-29d1t03.mp3",
          "bitrate": "185"
        },
        {
          "format": "Ogg Vorbis",
          "filename": "gd66-07-29d1t03.ogg"
        },
        {
          "format": "Shorten",
          "filename": "gd66-07-29d1t03.shn"
        }
      ]
    },
    {
      "track": "4",
      "title": "Next Time You See Me",
      "duration": 136.44,
      "formats": [
        {
          "format": "VBR MP3",
          "filename": "gd66-07-29d1t04.mp3",
          "bitrate": "185"
        },
        {
          "format": "Ogg Vorbis",
          "filename": "gd66-07-29d1t04.ogg"
        },
        {
          "format": "Shorten",
          "filename": "gd66-07-29d1t04.shn"
        }
      ]
    },
    {
      "track": "5",
      "title": "Sittin' On Top Of The World",
      "duration": 158.27,
      "formats": [
        {
          "format": "VBR MP3",
          "filename": "gd66-07-29d1t05.mp3",
          "bitrate": "184"
        },
        {
          "format": "Ogg Vorbis",
          "filename": "gd66-07-29d1t05.ogg"
        },
        {
          "format": "Shorten",
          "filename": "gd66-07-29d1t05.shn"
        }
      ]
    },
    {
      "track": "6",
      "title": "You Don't Have To Ask",
      "duration": 201.77,
      "formats": [
        {
          "format": "VBR MP3",
          "filename": "gd66-07-29d1t06.mp3",
          "bitrate": "185"
        },
        {
          "format": "Ogg Vorbis",
          "filename": "gd66-07-29d1t06.ogg"
        },
        {
          "format": "Shorten",
          "filename": "gd66-07-29d1t06.shn"
        }
      ]
    },
    {
      "track": "7",
      "title": "Big Boss Man",
      "duration": 164.12,
      "formats": [
        {
          "format": "VBR MP3",
          "filename": "gd66-07-29d1t07.mp3",
          "bitrate": "183"
        },
        {
          "format": "Ogg Vorbis",
          "filename": "gd66-07-29d1t07.ogg"
        },
        {
          "format": "Shorten",
          "filename": "gd66-07-29d1t07.shn"
        }
      ]
    },
    {
      "track": "8",
      "title": "Stealin'",
      "duration": 113.76,
      "formats": [
        {
          "format": "VBR MP3",
          "filename": "gd66-07-29d1t08.mp3",
          "bitrate": "188"
        },
        {
          "format": "Ogg Vorbis",
          "filename": "gd66-07-29d1t08.ogg"
        },
        {
          "format": "Shorten",
          "filename": "gd66-07-29d1t08.shn"
        }
      ]
    },
    {
      "track": "9",
      "title": "Cardboard Cowboy",
      "duration": 142.73,
      "formats": [
        {
          "format": "VBR MP3",
          "filename": "gd66-07-29d1t09.mp3",
          "bitrate": "187"
        },
        {
          "format": "Ogg Vorbis",
          "filename": "gd66-07-29d1t09.ogg"
        },
        {
          "format": "Shorten",
          "filename": "gd66-07-29d1t09.shn"
        }
      ]
    },
    {
      "track": "10",
      "title": "It's All Over Now Baby Blue",
      "duration": 177.99,
      "formats": [
        {
          "format": "VBR MP3",
          "filename": "gd66-07-29d1t10.mp3",
          "bitrate": "185"
        },
        {
          "format": "Ogg Vorbis",
          "filename": "gd66-07-29d1t10.ogg"
        },
        {
          "format": "Shorten",
          "filename": "gd66-07-29d1t10.shn"
        }
      ]
    },
    {
      "track": "11",
      "title": "Cream Puff War",
      "duration": 303.72,
      "formats": [
        {
          "format": "VBR MP3",
          "filename": "gd66-07-29d1t11.mp3",
          "bitrate": "189"
        },
        {
          "format": "Ogg Vorbis",
          "filename": "gd66-07-29d1t11.ogg"
        },
        {
          "format": "Shorten",
          "filename": "gd66-07-29d1t11.shn"
        }
      ]
    },
    {
      "track": "12",
      "title": "Viola Lee Blues",
      "duration": 360.26,
      "formats": [
        {
          "format": "VBR MP3",
          "filename": "gd66-07-29d1t12.mp3",
          "bitrate": "184"
        },
        {
          "format": "Ogg Vorbis",
          "filename": "gd66-07-29d1t12.ogg"
        },
        {
          "format": "Shorten",
          "filename": "gd66-07-29d1t12.shn"
        }
      ]
    }
  ]
}