{
  "rating": 2.3545454545454545,
  "review_count": 55,
  "source_type": "UNKNOWN",
  "confidence": 1.0,
  "date": "1967-03-18",
  "venue": "Winterland Arena",
  "location": "San Francisco, CA",
  "raw_rating": 4.709090909090909,
  "high_ratings": 52,
  "low_ratings": 0,
  "tracks": [
    {
      "track": "1",
      "title": "Me and My Uncle",
      "duration": 107.16,
      "formats": [
        {
          "format": "VBR MP3",
          "filename": "gd67-03-18d1t01.mp3",
          "bitrate": "205"
        },
        {
          "format": "Shorten",
          "filename": "gd67-03-18d1t01.shn"
        }
      ]
    },
    {
      "track": "2",
      "title": "Next Time You See Me",
      "duration": 126.33,
      "formats": [
        {
          "format": "VBR MP3",
          "filename": "gd67-03-18d1t02.mp3",
          "bitrate": "201"
        },
        {
          "format": "Shorten",
          "filename": "gd67-03-18d1t02.shn"
        }
      ]
    },
    {
      "track": "3",
      "title": "He Was a Friend of Mine",
      "duration": 153.13,
      "formats": [
        {
          "format": "VBR MP3",
          "filename": "gd67-03-18d1t03.mp3",
          "bitrate": "199"
        },
        {
          "format": "Shorten",
          "filename": "gd67-03-18d1t03.shn"
        }
      ]
    },
    {
      "track": "4",
      "title": "Smokestack Lightning",
      "duration": 308.02,
      "formats": [
        {
          "format": "VBR MP3",
          "filename": "gd67-03-18d1t04.mp3",
          "bitrate": "199"
        },
        {
          "format": "Shorten",
          "filename": "gd67-03-18d1t04.shn"
        }
      ]
    },
    {
      "track": "5",
      "title": "Morning Dew",
      "duration": 186.15,
      "formats": [
        {
          "format": "VBR MP3",
          "filename": "gd67-03-18d1t05.mp3",
          "bitrate": "194"
        },
        {
          "format": "Shorten",
          "filename": "gd67-03-18d1t05.shn"
        }
      ]
    },
    {
      "track": "6",
      "title": "It Hurts Me Too",
      "duration": 127.24,
      "formats": [
        {
          "format": "VBR MP3",
          "filename": "gd67-03-18d1t06.mp3",
          "bitrate": "194"
        },
        {
          "format": "Shorten",
          "filename": "gd67-03-18d1t06.shn"
        }
      ]
    },
    {
      "track": "7",
      "title": "Beat It On Down the Line",
      "duration": 93.82,
      "formats": [
        {
          "format": "VBR MP3",
          "filename": "gd67-03-18d1t07.mp3",
          "bitrate": "195"
        },
        {
          "format": "Shorten",
          "filename": "gd67-03-18d1t07.shn"
        }
      ]
    },
    {
      "track": "8",
      "title": "banter",
      "duration": 18.57,
      "formats": [
        {
          "format": "VBR MP3",
          "filename": "gd67-03-18d1t08.mp3",
          "bitrate": "185"
        },
        {
          "format": "Shorten",
          "filename": "gd67-03-18d1t08.shn"
        }
      ]
    },
    {
      "track": "9",
      "title": "Dancing In the Street",
      "duration": 392.96,
      "formats": [
        {
          "format": "VBR MP3",
          "filename": "gd67-03-18d1t09.mp3",
          "bitrate": "192"
        },
        {
          "format": "Shorten",
          "filename": "gd67-03-18d1t09.shn"
        }
      ]
    },
    {
      "track": "10",
      "title": "Golden Road to Unlimited Devotion",
      "duration": 73.41,
      "formats": [
        {
          "format": "VBR MP3",
          "filename": "gd67-03-18d2t01.mp3",
          "bitrate": "189"
        },
        {
          "format": "Shorten",
          "filename": "gd67-03-18d2t01.shn"
        }
      ]
    },
    {
      "track": "11",
      "title": "Cream Puff War",
      "duration": 251.06,
      "formats": [
        {
          "format": "VBR MP3",
          "filename": "gd67-03-18d2t02.mp3",
          "bitrate": "191"
        },
        {
          "format": "Shorten",
          "filename": "gd67-03-18d2t02.shn"
        }
      ]
    },
    {
      "track": "12",
      "title": "The Same Thing",
      "duration": 396.38,
      "formats": [
        {
          "format": "VBR MP3",
          "filename": "gd67-03-18d2t03.mp3",
          "bitrate": "194"
        },
        {
          "format": "Shorten",
          "filename": "gd67-03-18d2t03.shn"
        }
      ]
    },
    {
      "track": "13",
      "title": "Cold Rain and Snow",
      "duration": 139.61,
      "formats": [
        {
          "format": "VBR MP3",
          "filename": "gd67-03-18d2t04.mp3",
          "bitrate": "191"
        },
        {
          "format": "Shorten",
          "filename": "gd67-03-18d2t04.shn"
        }
      ]
    },
    {
      "track": "14",
      "title": "Viola Lee Blues",
      "duration": 549.37,
      "formats": [
        {
          "format": "VBR MP3",
          "filename": "gd67-03-18d2t05.mp3",
          "bitrate": "194"
        },
        {
          "format": "Shorten",
          "filename": "gd67-03-18d2t05.shn"
        }
      ]
    },
    {
      "track": "15",
      "title": "Death Don't Have No Mercy",
      "duration": 237.02,
      "formats": [
        {
          "format": "VBR MP3",
          "filename": "gd67-03-18d2t06.mp3",
          "bitrate": "191"
        },
        {
          "format": "Shorten",
          "filename": "gd67-03-18d2t06.shn"
        }
      ]
    }
  ]
}