{
  "rating": 3.3727272727272726,
  "review_count": 44,
  "source_type": "AUD",
  "confidence": 1.0,
  "date": "1967-11-10",
  "venue": "Shrine Auditorium",
  "location": "Los Angeles, CA",
  "raw_rating": 4.818181818181818,
  "high_ratings": 44,
  "low_ratings": 0,
  "tracks": [
    {
      "track": "1",
      "title": "Viola Lee Blues",
      "duration": 640.68,
      "formats": [
        {
          "format": "VBR MP3",
          "filename": "gd67-11-10d1t01.mp3",
          "bitrate": "184"
        },
        {
          "format": "WAVE",
          "filename": "gd67-11-10d1t01.shn"
        }
      ]
    },
    {
      "track": "2",
      "title": "It Hurts Me Too",
      "duration": 171.97,
      "formats": [
        {
          "format": "VBR MP3",
          "filename": "gd67-11-10d1t02.mp3",
          "bitrate": "185"
        },
        {
          "format": "WAVE",
          "filename": "gd67-11-10d1t02.shn"
        }
      ]
    },
    {
      "track": "3",
      "title": "Morning Dew",
      "duration": 249.12,
      "formats": [
        {
          "format": "VBR MP3",
          "filename": "gd67-11-10d1t03.mp3",
          "bitrate": "184"
        },
        {
          "format": "WAVE",
          "filename": "gd67-11-10d1t03.shn"
        }
      ]
    },
    {
      "track": "4",
      "title": "Hoot! Jeer!",
      "duration": 25.72,
      "formats": [
        {
          "format": "VBR MP3",
          "filename": "gd67-11-10d1t04.mp3",
          "bitrate": "176"
        },
        {
          "format": "WAVE",
          "filename": "gd67-11-10d1t04.shn"
        }
      ]
    },
    {
      "track": "5",
      "title": "Good Morning Little Schoolgirl",
      "duration": 429.01,
      "formats": [
        {
          "format": "VBR MP3",
          "filename": "gd67-11-10d1t05.mp3",
          "bitrate": "185"
        },
        {
          "format": "WAVE",
          "filename": "gd67-11-10d1t05.shn"
        }
      ]
    },
    {
      "track": "6",
      "title": "Cryptical Envelopment",
      "duration": 58.61,
      "formats": [
        {
          "format": "VBR MP3",
          "filename": "gd67-11-10d1t06.mp3",
          "bitrate": "181"
        },
        {
          "format": "WAVE",
          "filename": "gd67-11-10d1t06.shn"
        }
      ]
    },
    {
      "track": "7",
      "title": "The Other One",
      "duration": 173.34,
      "formats": [
        {
          "format": "VBR MP3",
          "filename": "gd67-11-10d1t07.mp3",
          "bitrate": "178"
        },
        {
          "format": "WAVE",
          "filename": "gd67-11-10d1t07.shn"
        }
      ]
    },
    {
      "track": "8",
      "title": "Cryptical Envelopment",
      "duration": 280.38,
      "formats": [
        {
          "format": "VBR MP3",
          "filename": "gd67-11-10d1t08.mp3",
          "bitrate": "176"
        },
        {
          "format": "WAVE",
          "filename": "gd67-11-10d1t08.shn"
        }
      ]
    },
    {
      "track": "9",
      "title": "Neal Cassady",
      "duration": 210.17,
      "formats": [
        {
          "format": "VBR MP3",
          "filename": "gd67-11-10d1t09.mp3",
          "bitrate": "134"
        },
        {
          "format": "WAVE",
          "filename": "gd67-11-10d1t09.shn"
        }
      ]
    },
    {
      "track": "10",
      "title": "Alligator",
      "duration": 110.58,
      "formats": [
        {
          "format": "VBR MP3",
          "filename": "gd67-11-10d2t01.mp3",
          "bitrate": "173"
        },
        {
          "format": "WAVE",
          "filename": "gd67-11-10d2t01.shn"
        }
      ]
    },
    {
      "track": "11",
      "title": "Drums",
      "duration": 20.94,
      "formats": [
        {
          "format": "VBR MP3",
          "filename": "gd67-11-10d2t02.mp3",
          "bitrate": "204"
        },
        {
          "format": "WAVE",
          "filename": "gd67-11-10d2t02.shn"
        }
      ]
    },
    {
      "track": "12",
      "title": "Alligator",
      "duration": 262.52,
      "formats": [
        {
          "format": "VBR MP3",
          "filename": "gd67-11-10d2t03.mp3",
          "bitrate": "186"
        },
        {
          "format": "WAVE",
          "filename": "gd67-11-10d2t03.shn"
        }
      ]
    },
    {
      "track": "13",
      "title": "Caution",
      "duration": 778.28,
      "formats": [
        {
          "format": "VBR MP3",
          "filename": "gd67-11-10d2t04.mp3",
          "bitrate": "181"
        },
        {
          "format": "WAVE",
          "filename": "gd67-11-10d2t04.shn"
        }
      ]
    },
    {
      "track": "14",
      "title": "Feedback",
      "duration": 65.51,
      "formats": [
        {
          "format": "VBR MP3",
          "filename": "gd67-11-10d2t05.mp3",
          "bitrate": "171"
        },
        {
          "format": "WAVE",
          "filename": "gd67-11-10d2t05.shn"
        }
      ]
    }
  ]
}