{
  "rating": 2.3684210526315788,
  "review_count": 19,
  "source_type": "UNKNOWN",
  "confidence": 1.0,
  "date": "1967-04-01",
  "venue": "KMPX Radio Show",
  "location": "San Francisco, CA",
  "raw_rating": 4.7368421052631575,
  "high_ratings": 18,
  "low_ratings": 0,
  "tracks": [
    {
      "track": "1",
      "title": "Talk",
      "duration": 123.6,
      "formats": [
        {
          "format": "VBR MP3",
          "filename": "gd67-04-XXd1t01.mp3",
          "bitrate": "177"
        },
        {
          "format": "Shorten",
          "filename": "gd67-04-XXd1t01.shn"
        }
      ]
    },
    {
      "track": "2",
      "title": "CHARLES MINGUS - Wednesday Night Prayer Meeting",
      "duration": 230.71,
      "formats": [
        {
          "format": "VBR MP3",
          "filename": "gd67-04-XXd1t02.mp3",
          "bitrate": "193"
        },
        {
          "format": "Shorten",
          "filename": "gd67-04-XXd1t02.shn"
        }
      ]
    },
    {
      "track": "3",
      "title": "Talk",
      "duration": 116.69,
      "formats": [
        {
          "format": "VBR MP3",
          "filename": "gd67-04-XXd1t03.mp3",
          "bitrate": "202"
        },
        {
          "format": "Shorten",
          "filename": "gd67-04-XXd1t03.shn"
        }
      ]
    },
    {
      "track": "4",
      "title": "BLIND WILLIE JOHNSON - Lord I Can't Keep From Crying Sometimes",
      "duration": 90.64,
      "formats": [
        {
          "format": "VBR MP3",
          "filename": "gd67-04-XXd1t04.mp3",
          "bitrate": "116"
        },
        {
          "format": "Shorten",
          "filename": "gd67-04-XXd1t04.shn"
        }
      ]
    },
    {
      "track": "5",
      "title": "Talk",
      "duration": 32.61,
      "formats": [
        {
          "format": "VBR MP3",
          "filename": "gd67-04-XXd1t05.mp3",
          "bitrate": "199"
        },
        {
          "format": "Shorten",
          "filename": "gd67-04-XXd1t05.shn"
        }
      ]
    },
    {
      "track": "6",
      "title": "RAY CHARLES - I Don't Need No Doctor",
      "duration": 100.27,
      "formats": [
        {
          "format": "VBR MP3",
          "filename": "gd67-04-XXd1t06.mp3",
          "bitrate": "196"
        },
        {
          "format": "Shorten",
          "filename": "gd67-04-XXd1t06.shn"
        }
      ]
    },
    {
      "track": "7",
      "title": "Talk",
      "duration": 31.93,
      "formats": [
        {
          "format": "VBR MP3",
          "filename": "gd67-04-XXd1t07.mp3",
          "bitrate": "185"
        },
        {
          "format": "Shorten",
          "filename": "gd67-04-XXd1t07.shn"
        }
      ]
    },
    {
      "track": "8",
      "title": "[02:43] JAMES BROWN - It's A Man's Man's Man's World",
      "duration": 91.36,
      "formats": [
        {
          "format": "VBR MP3",
          "filename": "gd67-04-XXd1t08.mp3",
          "bitrate": "157"
        },
        {
          "format": "Shorten",
          "filename": "gd67-04-XXd1t08.shn"
        }
      ]
    },
    {
      "track": "9",
      "title": "Talk",
      "duration": 11.29,
      "formats": [
        {
          "format": "VBR MP3",
          "filename": "gd67-04-XXd1t09.mp3",
          "bitrate": "202"
        },
        {
          "format": "Shorten",
          "filename": "gd67-04-XXd1t09.shn"
        }
      ]
    },
    {
      "track": "10",
      "title": "JAMES BROWN - Ain't That A Groove",
      "duration": 125.14,
      "formats": [
        {
          "format": "VBR MP3",
          "filename": "gd67-04-XXd1t10.mp3",
          "bitrate": "171"
        },
        {
          "format": "Shorten",
          "filename": "gd67-04-XXd1t10.shn"
        }
      ]
    },
    {
      "track": "11",
      "title": "Talk",
      "duration": 49.44,
      "formats": [
        {
          "format": "VBR MP3",
          "filename": "gd67-04-XXd1t11.mp3",
          "bitrate": "200"
        },
        {
          "format": "Shorten",
          "filename": "gd67-04-XXd1t11.shn"
        }
      ]
    },
    {
      "track": "12",
      "title": "BOB DYLAN - Maggie's Farm",
      "duration": 166.27,
      "formats": [
        {
          "format": "VBR MP3",
          "filename": "gd67-04-XXd1t12.mp3",
          "bitrate": "169"
        },
        {
          "format": "Shorten",
          "filename": "gd67-04-XXd1t12.shn"
        }
      ]
    },
    {
      "track": "13",
      "title": "Talk",
      "duration": 97.09,
      "formats": [
        {
          "format": "VBR MP3",
          "filename": "gd67-04-XXd1t13.mp3",
          "bitrate": "206"
        },
        {
          "format": "Shorten",
          "filename": "gd67-04-XXd1t13.shn"
        }
      ]
    },
    {
      "track": "14",
      "title": "ENSEMBLE OF THE BULGARIAN REPUBLIC - The Moon Shines",
      "duration": 58.01,
      "formats": [
        {
          "format": "VBR MP3",
          "filename": "gd67-04-XXd1t14.mp3",
          "bitrate": "137"
        },
        {
          "format": "Shorten",
          "filename": "gd67-04-XXd1t14.shn"
        }
      ]
    },
    {
      "track": "15",
      "title": "Talk",
      "duration": 26.12,
      "formats": [
        {
          "format": "VBR MP3",
          "filename": "gd67-04-XXd1t15.mp3",
          "bitrate": "206"
        },
        {
          "format": "Shorten",
          "filename": "gd67-04-XXd1t15.shn"
        }
      ]
    },
    {
      "track": "16",
      "title": "CHARLES LLOYD QUARTET -Dream Weaver",
      "duration": 438.15,
      "formats": [
        {
          "format": "VBR MP3",
          "filename": "gd67-04-XXd1t16.mp3",
          "bitrate": "205"
        },
        {
          "format": "Shorten",
          "filename": "gd67-04-XXd1t16.shn"
        }
      ]
    },
    {
      "track": "17",
      "title": "Talk",
      "duration": 4.12,
      "formats": [
        {
          "format": "VBR MP3",
          "filename": "gd67-04-XXd1t17.mp3",
          "bitrate": "202"
        },
        {
          "format": "Shorten",
          "filename": "gd67-04-XXd1t17.shn"
        }
      ]
    },
    {
      "track": "18",
      "title": "Station Ads - Avalon Ballroom",
      "duration": 16.75,
      "formats": [
        {
          "format": "VBR MP3",
          "filename": "gd67-04-XXd1t18.mp3",
          "bitrate": "200"
        },
        {
          "format": "Shorten",
          "filename": "gd67-04-XXd1t18.shn"
        }
      ]
    },
    {
      "track": "19",
      "title": "Talk",
      "duration": 20.5,
      "formats": [
        {
          "format": "VBR MP3",
          "filename": "gd67-04-XXd1t19.mp3",
          "bitrate": "209"
        },
        {
          "format": "Shorten",
          "filename": "gd67-04-XXd1t19.shn"
        }
      ]
    },
    {
      "track": "20",
      "title": "JUNIOR WELLS - Ships On The Ocean",
      "duration": 132.94,
      "formats": [
        {
          "format": "VBR MP3",
          "filename": "gd67-04-XXd1t20.mp3",
          "bitrate": "191"
        },
        {
          "format": "Shorten",
          "filename": "gd67-04-XXd1t20.shn"
        }
      ]
    },
    {
      "track": "21",
      "title": "Talk",
      "duration": 29.66,
      "formats": [
        {
          "format": "VBR MP3",
          "filename": "gd67-04-XXd1t21.mp3",
          "bitrate": "196"
        },
        {
          "format": "Shorten",
          "filename": "gd67-04-XXd1t21.shn"
        }
      ]
    },
    {
      "track": "22",
      "title": "LEOPOLD STOKOWSKI/AMERICAN SYMPHONY ORCH. - Charles Ives: Symphony # 4 (2nd Movement)",
      "duration": 388.56,
      "formats": [
        {
          "format": "VBR MP3",
          "filename": "gd67-04-XXd1t22.mp3",
          "bitrate": "194"
        },
        {
          "format": "Shorten",
          "filename": "gd67-04-XXd1t22.shn"
        }
      ]
    },
    {
      "track": "23",
      "title": "Talk",
      "duration": 47.63,
      "formats": [
        {
          "format": "VBR MP3",
          "filename": "gd67-04-XXd1t23.mp3",
          "bitrate": "196"
        },
        {
          "format": "Shorten",
          "filename": "gd67-04-XXd1t23.shn"
        }
      ]
    },
    {
      "track": "24",
      "title": "IAN & SYLVIA - Jealous Lover",
      "duration": 100.51,
      "formats": [
        {
          "format": "VBR MP3",
          "filename": "gd67-04-XXd2t01.mp3",
          "bitrate": "193"
        },
        {
          "format": "Shorten",
          "filename": "gd67-04-XXd2t01.shn"
        }
      ]
    },
    {
      "track": "25",
      "title": "Talk",
      "duration": 2.29,
      "formats": [
        {
          "format": "VBR MP3",
          "filename": "gd67-04-XXd2t02.mp3",
          "bitrate": "209"
        },
        {
          "format": "Shorten",
          "filename": "gd67-04-XXd2t02.shn"
        }
      ]
    },
    {
      "track": "26",
      "title": "IAN & SYLVIA Four Rode By",
      "duration": 98.38,
      "formats": [
        {
          "format": "VBR MP3",
          "filename": "gd67-04-XXd2t03.mp3",
          "bitrate": "206"
        },
        {
          "format": "Shorten",
          "filename": "gd67-04-XXd2t03.shn"
        }
      ]
    },
    {
      "track": "27",
      "title": "Talk",
      "duration": 23.84,
      "formats": [
        {
          "format": "VBR MP3",
          "filename": "gd67-04-XXd2t04.mp3",
          "bitrate": "205"
        },
        {
          "format": "Shorten",
          "filename": "gd67-04-XXd2t04.shn"
        }
      ]
    },
    {
      "track": "28",
      "title": "SKIP JAMES - Hard Time Killin' Floor Blues",
      "duration": 111.8,
      "formats": [
        {
          "format": "VBR MP3",
          "filename": "gd67-04-XXd2t05.mp3",
          "bitrate": "175"
        },
        {
          "format": "Shorten",
          "filename": "gd67-04-XXd2t05.shn"
        }
      ]
    },
    {
      "track": "29",
      "title": "ARETHA FRANKLIN - I Never Loved A Man (The Way I Love You)",
      "duration": 84.94,
      "formats": [
        {
          "format": "VBR MP3",
          "filename": "gd67-04-XXd2t06.mp3",
          "bitrate": "182"
        },
        {
          "format": "Shorten",
          "filename": "gd67-04-XXd2t06.shn"
        }
      ]
    },
    {
      "track": "30",
      "title": "Talk",
      "duration": 44.81,
      "formats": [
        {
          "format": "VBR MP3",
          "filename": "gd67-04-XXd2t07.mp3",
          "bitrate": "181"
        },
        {
          "format": "Shorten",
          "filename": "gd67-04-XXd2t07.shn"
        }
      ]
    },
    {
      "track": "31",
      "title": "RIGHTEOUS BROTHERS - You've Lost That Lovin' Feelin'",
      "duration": 143.85,
      "formats": [
        {
          "format": "VBR MP3",
          "filename": "gd67-04-XXd2t08.mp3",
          "bitrate": "133"
        },
        {
          "format": "Shorten",
          "filename": "gd67-04-XXd2t08.shn"
        }
      ]
    },
    {
      "track": "32",
      "title": "[01:24] Talk",
      "duration": 41.61,
      "formats": [
        {
          "format": "VBR MP3",
          "filename": "gd67-04-XXd2t09.mp3",
          "bitrate": "191"
        },
        {
          "format": "Shorten",
          "filename": "gd67-04-XXd2t09.shn"
        }
      ]
    },
    {
      "track": "33",
      "title": "IKE & TINA TURNER - River Deep, Mountain High",
      "duration": 145.06,
      "formats": [
        {
          "format": "VBR MP3",
          "filename": "gd67-04-XXd2t10.mp3",
          "bitrate": "135"
        },
        {
          "format": "Shorten",
          "filename": "gd67-04-XXd2t10.shn"
        }
      ]
    },
    {
      "track": "34",
      "title": "Talk",
      "duration": 27.76,
      "formats": [
        {
          "format": "VBR MP3",
          "filename": "gd67-04-XXd2t11.mp3",
          "bitrate": "195"
        },
        {
          "format": "Shorten",
          "filename": "gd67-04-XXd2t11.shn"
        }
      ]
    },
    {
      "track": "35",
      "title": "LOU RAWLS - Trouble Down Here Below",
      "duration": 78.16,
      "formats": [
        {
          "format": "VBR MP3",
          "filename": "gd67-04-XXd2t12.mp3",
          "bitrate": "202"
        },
        {
          "format": "Shorten",
          "filename": "gd67-04-XXd2t12.shn"
        }
      ]
    },
    {
      "track": "36",
      "title": "Talk",
      "duration": 5.22,
      "formats": [
        {
          "format": "VBR MP3",
          "filename": "gd67-04-XXd2t13.mp3",
          "bitrate": "213"
        },
        {
          "format": "Shorten",
          "filename": "gd67-04-XXd2t13.shn"
        }
      ]
    },
    {
      "track": "37",
      "title": "ROLLING STONES - Gotta Get Away",
      "duration": 86.29,
      "formats": [
        {
          "format": "VBR MP3",
          "filename": "gd67-04-XXd2t14.mp3",
          "bitrate": "136"
        },
        {
          "format": "Shorten",
          "filename": "gd67-04-XXd2t14.shn"
        }
      ]
    },
    {
      "track": "38",
      "title": "Talk",
      "duration": 38.64,
      "formats": [
        {
          "format": "VBR MP3",
          "filename": "gd67-04-XXd2t15.mp3",
          "bitrate": "199"
        },
        {
          "format": "Shorten",
          "filename": "gd67-04-XXd2t15.shn"
        }
      ]
    },
    {
      "track": "39",
      "title": "OTIS REDDING - Day Tripper",
      "duration": 93.88,
      "formats": [
        {
          "format": "VBR MP3",
          "filename": "gd67-04-XXd2t16.mp3",
          "bitrate": "134"
        },
        {
          "format": "Shorten",
          "filename": "gd67-04-XXd2t16.shn"
        }
      ]
    },
    {
      "track": "40",
      "title": "Talk",
      "duration": 8.47,
      "formats": [
        {
          "format": "VBR MP3",
          "filename": "gd67-04-XXd2t17.mp3",
          "bitrate": "204"
        },
        {
          "format": "Shorten",
          "filename": "gd67-04-XXd2t17.shn"
        }
      ]
    },
    {
      "track": "41",
      "title": "GRATEFUL DEAD - Cold Rain And Snow",
      "duration": 91.41,
      "formats": [
        {
          "format": "VBR MP3",
          "filename": "gd67-04-XXd2t18.mp3",
          "bitrate": "205"
        },
        {
          "format": "Shorten",
          "filename": "gd67-04-XXd2t18.shn"
        }
      ]
    },
    {
      "track": "42",
      "title": "Talk",
      "duration": 21.05,
      "formats": [
        {
          "format": "VBR MP3",
          "filename": "gd67-04-XXd2t19.mp3",
          "bitrate": "203"
        },
        {
          "format": "Shorten",
          "filename": "gd67-04-XXd2t19.shn"
        }
      ]
    },
    {
      "track": "43",
      "title": "GRATEFUL DEAD - New, New Minglewood Blues",
      "duration": 96.81,
      "formats": [
        {
          "format": "VBR MP3",
          "filename": "gd67-04-XXd2t20.mp3",
          "bitrate": "205"
        },
        {
          "format": "Shorten",
          "filename": "gd67-04-XXd2t20.shn"
        }
      ]
    }
  ]
}