{
  "rating": 2.306451612903226,
  "review_count": 31,
  "source_type": "UNKNOWN",
  "confidence": 1.0,
  "date": "1968-03-03",
  "venue": "Haight Street",
  "location": "San Francisco, CA",
  "raw_rating": 4.612903225806452,
  "high_ratings": 28,
  "low_ratings": 1,
  "tracks": [
    {
      "track": "1",
      "title": "Crowd + Tuning",
      "duration": 43.51,
      "formats": [
        {
          "format": "VBR MP3",
          "filename": "gd68-03-03d1t01.mp3",
          "bitrate": "106"
        },
        {
          "format": "Shorten",
          "filename": "gd68-03-03d1t01.shn"
        }
      ]
    },
    {
      "track": "2",
      "title": "Viola Lee Blues",
      "duration": 734.71,
      "formats": [
        {
          "format": "VBR MP3",
          "filename": "gd68-03-03d1t02.mp3",
          "bitrate": "110"
        },
        {
          "format": "Shorten",
          "filename": "gd68-03-03d1t02.shn"
        }
      ]
    },
    {
      "track": "3",
      "title": "Crowd + Announcements",
      "duration": 30.54,
      "formats": [
        {
          "format": "VBR MP3",
          "filename": "gd68-03-03d1t03.mp3",
          "bitrate": "111"
        },
        {
          "format": "Shorten",
          "filename": "gd68-03-03d1t03.shn"
        }
      ]
    },
    {
      "track": "4",
      "title": "Smokestack Lightning",
      "duration": 401.6,
      "formats": [
        {
          "format": "VBR MP3",
          "filename": "gd68-03-03d1t04.mp3",
          "bitrate": "107"
        },
        {
          "format": "Shorten",
          "filename": "gd68-03-03d1t04.shn"
        }
      ]
    },
    {
      "track": "5",
      "title": "Politics",
      "duration": 57.32,
      "formats": [
        {
          "format": "VBR MP3",
          "filename": "gd68-03-03d1t05.mp3",
          "bitrate": "109"
        },
        {
          "format": "Shorten",
          "filename": "gd68-03-03d1t05.shn"
        }
      ]
    },
    {
      "track": "6",
      "title": "Turn On Your Love Light",
      "duration": 485.59,
      "formats": [
        {
          "format": "VBR MP3",
          "filename": "gd68-03-03d1t06.mp3",
          "bitrate": "109"
        },
        {
          "format": "Shorten",
          "filename": "gd68-03-03d1t06.shn"
        }
      ]
    },
    {
      "track": "7",
      "title": "Crowd + Announcements",
      "duration": 24.49,
      "formats": [
        {
          "format": "VBR MP3",
          "filename": "gd68-03-03d1t07.mp3",
          "bitrate": "113"
        },
        {
          "format": "Shorten",
          "filename": "gd68-03-03d1t07.shn"
        }
      ]
    },
    {
      "track": "8",
      "title": "Hurts Me Too",
      "duration": 173.91,
      "formats": [
        {
          "format": "VBR MP3",
          "filename": "gd68-03-03d1t08.mp3",
          "bitrate": "111"
        },
        {
          "format": "Shorten",
          "filename": "gd68-03-03d1t08.shn"
        }
      ]
    },
    {
      "track": "9",
      "title": "Cryptical Envelopment",
      "duration": 41.69,
      "formats": [
        {
          "format": "VBR MP3",
          "filename": "gd68-03-03d1t09.mp3",
          "bitrate": "109"
        },
        {
          "format": "Shorten",
          "filename": "gd68-03-03d1t09.shn"
        }
      ]
    }
  ]
}