{
  "rating": 2.4338235294117645,
  "review_count": 68,
  "source_type": "UNKNOWN",
  "confidence": 1.0,
  "date": "1968-02-14",
  "venue": "Carousel Ballroom",
  "location": "San Francisco, CA",
  "raw_rating": 4.867647058823529,
  "high_ratings": 66,
  "low_ratings": 0,
  "tracks": [
    {
      "track": "1",
      "title": "Morning Dew",
      "duration": 218.09,
      "formats": [
        {
          "format": "VBR MP3",
          "filename": "gd1968-02-14new-d1t01.mp3",
          "bitrate": "178"
        },
        {
          "format": "Shorten",
          "filename": "gd1968-02-14new-d1t01.shn"
        }
      ]
    },
    {
      "track": "2",
      "title": "Good Morning Little Schoolgirl",
      "duration": 403.06,
      "formats": [
        {
          "format": "VBR MP3",
          "filename": "gd1968-02-14new-d1t02.mp3",
          "bitrate": "177"
        },
        {
          "format": "Shorten",
          "filename": "gd1968-02-14new-d1t02.shn"
        }
      ]
    },
    {
      "track": "3",
      "title": "Dark Star",
      "duration": 178.97,
      "formats": [
        {
          "format": "VBR MP3",
          "filename": "gd1968-02-14new-d1t03.mp3",
          "bitrate": "180"
        },
        {
          "format": "Shorten",
          "filename": "gd1968-02-14new-d1t03.shn"
        }
      ]
    },
    {
      "track": "4",
      "title": "China Cat Sunflower",
      "duration": 106.04,
      "formats": [
        {
          "format": "VBR MP3",
          "filename": "gd1968-02-14new-d1t04.mp3",
          "bitrate": "186"
        },
        {
          "format": "Shorten",
          "filename": "gd1968-02-14new-d1t04.shn"
        }
      ]
    },
    {
      "track": "5",
      "title": "The Eleven",
      "duration": 222.97,
      "formats": [
        {
          "format": "VBR MP3",
          "filename": "gd1968-02-14new-d1t05.mp3",
          "bitrate": "180"
        },
        {
          "format": "Shorten",
          "filename": "gd1968-02-14new-d1t05.shn"
        }
      ]
    },
    {
      "track": "6",
      "title": "Turn On Your Lovelight",
      "duration": 304.1,
      "formats": [
        {
          "format": "VBR MP3",
          "filename": "gd1968-02-14new-d1t06.mp3",
          "bitrate": "175"
        },
        {
          "format": "Shorten",
          "filename": "gd1968-02-14new-d1t06.shn"
        }
      ]
    },
    {
      "track": "7",
      "title": "Cryptical Envelopment",
      "duration": 81.23,
      "formats": [
        {
          "format": "VBR MP3",
          "filename": "gd1968-02-14new-d2t01.mp3",
          "bitrate": "160"
        },
        {
          "format": "Shorten",
          "filename": "gd1968-02-14new-d2t01.shn"
        }
      ]
    },
    {
      "track": "8",
      "title": "The Other One",
      "duration": 113.97,
      "formats": [
        {
          "format": "VBR MP3",
          "filename": "gd1968-02-14new-d2t02.mp3",
          "bitrate": "179"
        },
        {
          "format": "Shorten",
          "filename": "gd1968-02-14new-d2t02.shn"
        }
      ]
    },
    {
      "track": "9",
      "title": "Cryptical Envelopment",
      "duration": 136.07,
      "formats": [
        {
          "format": "VBR MP3",
          "filename": "gd1968-02-14new-d2t03.mp3",
          "bitrate": "179"
        },
        {
          "format": "Shorten",
          "filename": "gd1968-02-14new-d2t03.shn"
        }
      ]
    },
    {
      "track": "10",
      "title": "New Potato Caboose",
      "duration": 306.92,
      "formats": [
        {
          "format": "VBR MP3",
          "filename": "gd1968-02-14new-d2t04.mp3",
          "bitrate": "174"
        },
        {
          "format": "Shorten",
          "filename": "gd1968-02-14new-d2t04.shn"
        }
      ]
    },
    {
      "track": "11",
      "title": "Born Cross-Eyed",
      "duration": 208.99,
      "formats": [
        {
          "format": "VBR MP3",
          "filename": "gd1968-02-14new-d2t05.mp3",
          "bitrate": "171"
        },
        {
          "format": "Shorten",
          "filename": "gd1968-02-14new-d2t05.shn"
        }
      ]
    },
    {
      "track": "12",
      "title": "Spanish Jam",
      "duration": 280.81,
      "formats": [
        {
          "format": "VBR MP3",
          "filename": "gd1968-02-14new-d2t06.mp3",
          "bitrate": "173"
        },
        {
          "format": "Shorten",
          "filename": "gd1968-02-14new-d2t06.shn"
        }
      ]
    },
    {
      "track": "13",
      "title": "Alligator",
      "duration": 308.51,
      "formats": [
        {
          "format": "VBR MP3",
          "filename": "gd1968-02-14new-d3t01.mp3",
          "bitrate": "195"
        },
        {
          "format": "Shorten",
          "filename": "gd1968-02-14new-d3t01.shn"
        }
      ]
    },
    {
      "track": "14",
      "title": "Jam",
      "duration": 311.4,
      "formats": [
        {
          "format": "VBR MP3",
          "filename": "gd1968-02-14new-d3t02.mp3",
          "bitrate": "188"
        },
        {
          "format": "Shorten",
          "filename": "gd1968-02-14new-d3t02.shn"
        }
      ]
    },
    {
      "track": "15",
      "title": "Caution (Do Not Stop on Tracks)",
      "duration": 330.95,
      "formats": [
        {
          "format": "VBR MP3",
          "filename": "gd1968-02-14new-d3t03.mp3",
          "bitrate": "183"
        },
        {
          "format": "Shorten",
          "filename": "gd1968-02-14new-d3t03.shn"
        }
      ]
    },
    {
      "track": "16",
      "title": "Feedback",
      "duration": 344.6,
      "formats": [
        {
          "format": "VBR MP3",
          "filename": "gd1968-02-14new-d3t04.mp3",
          "bitrate": "182"
        },
        {
          "format": "Shorten",
          "filename": "gd1968-02-14new-d3t04.shn"
        }
      ]
    },
    {
      "track": "17",
      "title": "In The Midnight Hour",
      "duration": 405.58,
      "formats": [
        {
          "format": "VBR MP3",
          "filename": "gd1968-02-14new-d3t05.mp3",
          "bitrate": "179"
        },
        {
          "format": "Shorten",
          "filename": "gd1968-02-14new-d3t05.shn"
        }
      ]
    }
  ]
}