{
  "rating": 1.9375,
  "review_count": 8,
  "source_type": "UNKNOWN",
  "confidence": 1.0,
  "date": "1968-03-31",
  "venue": "Carousel Ballroom",
  "location": "San Francisco, CA",
  "raw_rating": 3.875,
  "high_ratings": 7,
  "low_ratings": 0,
  "tracks": [
    {
      "track": "1",
      "title": "Caution (Do Not Stop on Tracks)",
      "duration": 375.7,
      "formats": [
        {
          "format": "VBR MP3",
          "filename": "gd68-03-31d1t01.mp3",
          "bitrate": "179"
        },
        {
          "format": "Shorten",
          "filename": "gd68-03-31d1t01.shn"
        }
      ]
    },
    {
      "track": "2",
      "title": "Feedback",
      "duration": 275.1,
      "formats": [
        {
          "format": "VBR MP3",
          "filename": "gd68-03-31d1t02.mp3",
          "bitrate": "180"
        },
        {
          "format": "Shorten",
          "filename": "gd68-03-31d1t02.shn"
        }
      ]
    },
    {
      "track": "3",
      "title": "We Bid You Goodnight",
      "duration": 91.3,
      "formats": [
        {
          "format": "VBR MP3",
          "filename": "gd68-03-31d1t03.mp3",
          "bitrate": "173"
        },
        {
          "format": "Shorten",
          "filename": "gd68-03-31d1t03.shn"
        }
      ]
    }
  ]
}