{
  "rating": 2.3,
  "review_count": 15,
  "source_type": "UNKNOWN",
  "confidence": 1.0,
  "date": "1968-02-03",
  "venue": "The Crystal Ballroom",
  "location": "Portland, OR",
  "raw_rating": 4.6,
  "high_ratings": 13,
  "low_ratings": 0,
  "tracks": [
    {
      "track": "1",
      "title": "Cryptical Envelopment",
      "duration": 69.53,
      "formats": [
        {
          "format": "VBR MP3",
          "filename": "gd68-02-03t01.mp3",
          "bitrate": "180"
        },
        {
          "format": "Shorten",
          "filename": "gd68-02-03t01.shn"
        }
      ]
    },
    {
      "track": "2",
      "title": "The Other One",
      "duration": 109.34,
      "formats": [
        {
          "format": "VBR MP3",
          "filename": "gd68-02-03t02.mp3",
          "bitrate": "185"
        },
        {
          "format": "Shorten",
          "filename": "gd68-02-03t02.shn"
        }
      ]
    },
    {
      "track": "3",
      "title": "Cryptical Envelopment",
      "duration": 131.23,
      "formats": [
        {
          "format": "VBR MP3",
          "filename": "gd68-02-03t03.mp3",
          "bitrate": "184"
        },
        {
          "format": "Shorten",
          "filename": "gd68-02-03t03.shn"
        }
      ]
    },
    {
      "track": "4",
      "title": "New Potato Caboose",
      "duration": 351.0,
      "formats": [
        {
          "format": "VBR MP3",
          "filename": "gd68-02-03t04.mp3",
          "bitrate": "183"
        },
        {
          "format": "Shorten",
          "filename": "gd68-02-03t04.shn"
        }
      ]
    },
    {
      "track": "5",
      "title": "Born Cross-Eyed",
      "duration": 101.97,
      "formats": [
        {
          "format": "VBR MP3",
          "filename": "gd68-02-03t05.mp3",
          "bitrate": "179"
        },
        {
          "format": "Shorten",
          "filename": "gd68-02-03t05.shn"
        }
      ]
    },
    {
      "track": "6",
      "title": "Jam",
      "duration": 36.33,
      "formats": [
        {
          "format": "VBR MP3",
          "filename": "gd68-02-03t06.mp3",
          "bitrate": "170"
        },
        {
          "format": "Shorten",
          "filename": "gd68-02-03t06.shn"
        }
      ]
    },
    {
      "track": "7",
      "title": "Dark Star",
      "duration": 219.83,
      "formats": [
        {
          "format": "VBR MP3",
          "filename": "gd68-02-03t07.mp3",
          "bitrate": "173"
        },
        {
          "format": "Shorten",
          "filename": "gd68-02-03t07.shn"
        }
      ]
    },
    {
      "track": "8",
      "title": "China Cat Sunflower",
      "duration": 146.0,
      "formats": [
        {
          "format": "VBR MP3",
          "filename": "gd68-02-03t08.mp3",
          "bitrate": "175"
        },
        {
          "format": "Shorten",
          "filename": "gd68-02-03t08.shn"
        }
      ]
    },
    {
      "track": "9",
      "title": "The Eleven Jam Feedback",
      "duration": 411.73,
      "formats": [
        {
          "format": "VBR MP3",
          "filename": "gd68-02-03t09.mp3",
          "bitrate": "174"
        },
        {
          "format": "Shorten",
          "filename": "gd68-02-03t09.shn"
        }
      ]
    }
  ]
}