{
  "rating": 2.1875,
  "review_count": 16,
  "source_type": "UNKNOWN",
  "confidence": 1.0,
  "date": "1968-03-29",
  "venue": "Carousel Ballroom",
  "location": "San Francisco, CA",
  "raw_rating": 4.375,
  "high_ratings": 14,
  "low_ratings": 0,
  "tracks": [
    {
      "track": "1",
      "title": "Good Morning, Little Schoolgirl",
      "duration": 649.3,
      "formats": [
        {
          "format": "VBR MP3",
          "filename": "gd68-03-26d1t01.mp3",
          "bitrate": "169"
        },
        {
          "format": "Shorten",
          "filename": "gd68-03-26d1t01.shn"
        }
      ]
    },
    {
      "track": "2",
      "title": "Death Don't Have No Mercy",
      "duration": 441.7,
      "formats": [
        {
          "format": "VBR MP3",
          "filename": "gd68-03-26d1t02.mp3",
          "bitrate": "159"
        },
        {
          "format": "Shorten",
          "filename": "gd68-03-26d1t02.shn"
        }
      ]
    },
    {
      "track": "3",
      "title": "Sittin' On Top Of The World",
      "duration": 202.7,
      "formats": [
        {
          "format": "VBR MP3",
          "filename": "gd68-03-26d1t03.mp3",
          "bitrate": "160"
        },
        {
          "format": "Shorten",
          "filename": "gd68-03-26d1t03.shn"
        }
      ]
    },
    {
      "track": "4",
      "title": "Dark Star",
      "duration": 450.6,
      "formats": [
        {
          "format": "VBR MP3",
          "filename": "gd68-03-26d1t04.mp3",
          "bitrate": "168"
        },
        {
          "format": "Shorten",
          "filename": "gd68-03-26d1t04.shn"
        }
      ]
    }
  ]
}