{
  "rating": 2.235294117647059,
  "review_count": 17,
  "source_type": "UNKNOWN",
  "confidence": 1.0,
  "date": "1968-12-31",
  "venue": "Unknown or Various",
  "location": "?, ?",
  "raw_rating": 4.470588235294118,
  "high_ratings": 14,
  "low_ratings": 0,
  "tracks": [
    {
      "track": "1",
      "title": "St. Stephen >",
      "duration": 9.94,
      "formats": [
        {
          "format": "VBR MP3",
          "filename": "gd68-XX-XXd1t01.mp3",
          "bitrate": "179"
        },
        {
          "format": "Shorten",
          "filename": "gd68-XX-XXd1t01.shn"
        }
      ]
    },
    {
      "track": "2",
      "title": "Jam (St. Stephen ish)",
      "duration": 80.19,
      "formats": [
        {
          "format": "VBR MP3",
          "filename": "gd68-XX-XXd1t02.mp3",
          "bitrate": "182"
        },
        {
          "format": "Shorten",
          "filename": "gd68-XX-XXd1t02.shn"
        }
      ]
    },
    {
      "track": "3",
      "title": "Cryptical Envelopment Reprise >",
      "duration": 58.67,
      "formats": [
        {
          "format": "VBR MP3",
          "filename": "gd68-XX-XXd1t03.mp3",
          "bitrate": "181"
        },
        {
          "format": "Shorten",
          "filename": "gd68-XX-XXd1t03.shn"
        }
      ]
    },
    {
      "track": "4",
      "title": "The Other One >",
      "duration": 156.02,
      "formats": [
        {
          "format": "VBR MP3",
          "filename": "gd68-XX-XXd1t04.mp3",
          "bitrate": "180"
        },
        {
          "format": "Shorten",
          "filename": "gd68-XX-XXd1t04.shn"
        }
      ]
    },
    {
      "track": "5",
      "title": "Cryptical Envelopment >",
      "duration": 206.66,
      "formats": [
        {
          "format": "VBR MP3",
          "filename": "gd68-XX-XXd1t05.mp3",
          "bitrate": "183"
        },
        {
          "format": "Shorten",
          "filename": "gd68-XX-XXd1t05.shn"
        }
      ]
    },
    {
      "track": "6",
      "title": "New Potato Caboose >",
      "duration": 148.57,
      "formats": [
        {
          "format": "VBR MP3",
          "filename": "gd68-XX-XXd1t06.mp3",
          "bitrate": "181"
        },
        {
          "format": "Shorten",
          "filename": "gd68-XX-XXd1t06.shn"
        }
      ]
    },
    {
      "track": "7",
      "title": "Thirteens Jam >",
      "duration": 220.49,
      "formats": [
        {
          "format": "VBR MP3",
          "filename": "gd68-XX-XXd1t07.mp3",
          "bitrate": "182"
        },
        {
          "format": "Shorten",
          "filename": "gd68-XX-XXd1t07.shn"
        }
      ]
    },
    {
      "track": "8",
      "title": "Alligator >",
      "duration": 114.54,
      "formats": [
        {
          "format": "VBR MP3",
          "filename": "gd68-XX-XXd1t08.mp3",
          "bitrate": "183"
        },
        {
          "format": "Shorten",
          "filename": "gd68-XX-XXd1t08.shn"
        }
      ]
    },
    {
      "track": "9",
      "title": "Drumz >",
      "duration": 143.68,
      "formats": [
        {
          "format": "VBR MP3",
          "filename": "gd68-XX-XXd1t09.mp3",
          "bitrate": "198"
        },
        {
          "format": "Shorten",
          "filename": "gd68-XX-XXd1t09.shn"
        }
      ]
    },
    {
      "track": "10",
      "title": "Jam (Cautionish) >",
      "duration": 317.78,
      "formats": [
        {
          "format": "VBR MP3",
          "filename": "gd68-XX-XXd1t10.mp3",
          "bitrate": "185"
        },
        {
          "format": "Shorten",
          "filename": "gd68-XX-XXd1t10.shn"
        }
      ]
    },
    {
      "track": "11",
      "title": "Caution(Do Not Step on Tracks)",
      "duration": 145.17,
      "formats": [
        {
          "format": "VBR MP3",
          "filename": "gd68-XX-XXd1t11.mp3",
          "bitrate": "180"
        },
        {
          "format": "Shorten",
          "filename": "gd68-XX-XXd1t11.shn"
        }
      ]
    },
    {
      "track": "12",
      "title": "Drumz >",
      "duration": 49.39,
      "formats": [
        {
          "format": "VBR MP3",
          "filename": "gd68-XX-XXd2t01.mp3",
          "bitrate": "184"
        },
        {
          "format": "Shorten",
          "filename": "gd68-XX-XXd2t01.shn"
        }
      ]
    },
    {
      "track": "13",
      "title": "(post-Alligator) Jam",
      "duration": 499.8,
      "formats": [
        {
          "format": "VBR MP3",
          "filename": "gd68-XX-XXd2t02.mp3",
          "bitrate": "183"
        },
        {
          "format": "Shorten",
          "filename": "gd68-XX-XXd2t02.shn"
        }
      ]
    },
    {
      "track": "14",
      "title": "Cryptical Envelopment >",
      "duration": 36.85,
      "formats": [
        {
          "format": "VBR MP3",
          "filename": "gd68-XX-XXd2t03.mp3",
          "bitrate": "175"
        },
        {
          "format": "Shorten",
          "filename": "gd68-XX-XXd2t03.shn"
        }
      ]
    },
    {
      "track": "15",
      "title": "The Other One >",
      "duration": 93.29,
      "formats": [
        {
          "format": "VBR MP3",
          "filename": "gd68-XX-XXd2t04.mp3",
          "bitrate": "177"
        },
        {
          "format": "Shorten",
          "filename": "gd68-XX-XXd2t04.shn"
        }
      ]
    },
    {
      "track": "16",
      "title": "Cryptical Envelopment >",
      "duration": 128.2,
      "formats": [
        {
          "format": "VBR MP3",
          "filename": "gd68-XX-XXd2t05.mp3",
          "bitrate": "176"
        },
        {
          "format": "Shorten",
          "filename": "gd68-XX-XXd2t05.shn"
        }
      ]
    },
    {
      "track": "17",
      "title": "New Potato Caboose",
      "duration": 308.62,
      "formats": [
        {
          "format": "VBR MP3",
          "filename": "gd68-XX-XXd2t06.mp3",
          "bitrate": "175"
        },
        {
          "format": "Shorten",
          "filename": "gd68-XX-XXd2t06.shn"
        }
      ]
    },
    {
      "track": "18",
      "title": "It Hurts Me Too",
      "duration": 139.82,
      "formats": [
        {
          "format": "VBR MP3",
          "filename": "gd68-XX-XXd2t07.mp3",
          "bitrate": "174"
        },
        {
          "format": "Shorten",
          "filename": "gd68-XX-XXd2t07.shn"
        }
      ]
    },
    {
      "track": "19",
      "title": "Born Cross Eyed",
      "duration": 111.31,
      "formats": [
        {
          "format": "VBR MP3",
          "filename": "gd68-XX-XXd2t08.mp3",
          "bitrate": "170"
        },
        {
          "format": "Shorten",
          "filename": "gd68-XX-XXd2t08.shn"
        }
      ]
    },
    {
      "track": "20",
      "title": "Dark Star >",
      "duration": 126.18,
      "formats": [
        {
          "format": "VBR MP3",
          "filename": "gd68-XX-XXd2t09.mp3",
          "bitrate": "176"
        },
        {
          "format": "Shorten",
          "filename": "gd68-XX-XXd2t09.shn"
        }
      ]
    },
    {
      "track": "21",
      "title": "St. Stephen",
      "duration": 5.1,
      "formats": [
        {
          "format": "VBR MP3",
          "filename": "gd68-XX-XXd2t10.mp3",
          "bitrate": "116"
        },
        {
          "format": "Shorten",
          "filename": "gd68-XX-XXd2t10.shn"
        }
      ]
    },
    {
      "track": "22",
      "title": "Cryptical Envelopment >",
      "duration": 23.68,
      "formats": [
        {
          "format": "VBR MP3",
          "filename": "gd68-XX-XXd3t01.mp3",
          "bitrate": "188"
        },
        {
          "format": "Shorten",
          "filename": "gd68-XX-XXd3t01.shn"
        }
      ]
    },
    {
      "track": "23",
      "title": "The Other One >",
      "duration": 213.89,
      "formats": [
        {
          "format": "VBR MP3",
          "filename": "gd68-XX-XXd3t02.mp3",
          "bitrate": "189"
        },
        {
          "format": "Shorten",
          "filename": "gd68-XX-XXd3t02.shn"
        }
      ]
    },
    {
      "track": "24",
      "title": "Cryptical Envelopment >",
      "duration": 363.98,
      "formats": [
        {
          "format": "VBR MP3",
          "filename": "gd68-XX-XXd3t03.mp3",
          "bitrate": "188"
        },
        {
          "format": "Shorten",
          "filename": "gd68-XX-XXd3t03.shn"
        }
      ]
    },
    {
      "track": "25",
      "title": "Good Morning Little Schoolgirl;",
      "duration": 598.04,
      "formats": [
        {
          "format": "VBR MP3",
          "filename": "gd68-XX-XXd3t04.mp3",
          "bitrate": "190"
        },
        {
          "format": "Shorten",
          "filename": "gd68-XX-XXd3t04.shn"
        }
      ]
    },
    {
      "track": "26",
      "title": "Dark Star >",
      "duration": 505.23,
      "formats": [
        {
          "format": "VBR MP3",
          "filename": "gd68-XX-XXd3t05.mp3",
          "bitrate": "190"
        },
        {
          "format": "Shorten",
          "filename": "gd68-XX-XXd3t05.shn"
        }
      ]
    },
    {
      "track": "27",
      "title": "St. Stephen >",
      "duration": 138.8,
      "formats": [
        {
          "format": "VBR MP3",
          "filename": "gd68-XX-XXd3t06.mp3",
          "bitrate": "187"
        },
        {
          "format": "Shorten",
          "filename": "gd68-XX-XXd3t06.shn"
        }
      ]
    },
    {
      "track": "28",
      "title": "The Eleven >",
      "duration": 505.4,
      "formats": [
        {
          "format": "VBR MP3",
          "filename": "gd68-XX-XXd3t07.mp3",
          "bitrate": "186"
        },
        {
          "format": "Shorten",
          "filename": "gd68-XX-XXd3t07.shn"
        }
      ]
    },
    {
      "track": "29",
      "title": "Death Don't Have No Mercy",
      "duration": 297.66,
      "formats": [
        {
          "format": "VBR MP3",
          "filename": "gd68-XX-XXd3t08.mp3",
          "bitrate": "185"
        },
        {
          "format": "Shorten",
          "filename": "gd68-XX-XXd3t08.shn"
        }
      ]
    },
    {
      "track": "30",
      "title": "Turn On Your Lovelight",
      "duration": 376.37,
      "formats": [
        {
          "format": "VBR MP3",
          "filename": "gd68-XX-XXd3t09.mp3",
          "bitrate": "182"
        },
        {
          "format": "Shorten",
          "filename": "gd68-XX-XXd3t09.shn"
        }
      ]
    },
    {
      "track": "31",
      "title": "St. Stephen >",
      "duration": 275.97,
      "formats": [
        {
          "format": "VBR MP3",
          "filename": "gd68-XX-XXd4t01.mp3",
          "bitrate": "170"
        },
        {
          "format": "Shorten",
          "filename": "gd68-XX-XXd4t01.shn"
        }
      ]
    },
    {
      "track": "32",
      "title": "Cryptical Envelopment >",
      "duration": 57.08,
      "formats": [
        {
          "format": "VBR MP3",
          "filename": "gd68-XX-XXd4t02.mp3",
          "bitrate": "167"
        },
        {
          "format": "Shorten",
          "filename": "gd68-XX-XXd4t02.shn"
        }
      ]
    },
    {
      "track": "33",
      "title": "The Other One >",
      "duration": 185.65,
      "formats": [
        {
          "format": "VBR MP3",
          "filename": "gd68-XX-XXd4t03.mp3",
          "bitrate": "166"
        },
        {
          "format": "Shorten",
          "filename": "gd68-XX-XXd4t03.shn"
        }
      ]
    },
    {
      "track": "34",
      "title": "Cryptical Envelopment >",
      "duration": 163.99,
      "formats": [
        {
          "format": "VBR MP3",
          "filename": "gd68-XX-XXd4t04.mp3",
          "bitrate": "166"
        },
        {
          "format": "Shorten",
          "filename": "gd68-XX-XXd4t04.shn"
        }
      ]
    },
    {
      "track": "35",
      "title": "Turn On You Lovelight",
      "duration": 351.64,
      "formats": [
        {
          "format": "VBR MP3",
          "filename": "gd68-XX-XXd4t05.mp3",
          "bitrate": "165"
        },
        {
          "format": "Shorten",
          "filename": "gd68-XX-XXd4t05.shn"
        }
      ]
    },
    {
      "track": "36",
      "title": "Morning Dew",
      "duration": 208.58,
      "formats": [
        {
          "format": "VBR MP3",
          "filename": "gd68-XX-XXd4t06.mp3",
          "bitrate": "181"
        },
        {
          "format": "Shorten",
          "filename": "gd68-XX-XXd4t06.shn"
        }
      ]
    },
    {
      "track": "37",
      "title": "It Hurts Me Too",
      "duration": 116.08,
      "formats": [
        {
          "format": "VBR MP3",
          "filename": "gd68-XX-XXd4t07.mp3",
          "bitrate": "178"
        },
        {
          "format": "Shorten",
          "filename": "gd68-XX-XXd4t07.shn"
        }
      ]
    },
    {
      "track": "38",
      "title": "\"Return the scratcher\"",
      "duration": 36.75,
      "formats": [
        {
          "format": "VBR MP3",
          "filename": "gd68-XX-XXd4t08.mp3",
          "bitrate": "181"
        },
        {
          "format": "Shorten",
          "filename": "gd68-XX-XXd4t08.shn"
        }
      ]
    },
    {
      "track": "39",
      "title": "Dark Star >",
      "duration": 464.02,
      "formats": [
        {
          "format": "VBR MP3",
          "filename": "gd68-XX-XXd4t09.mp3",
          "bitrate": "180"
        },
        {
          "format": "Shorten",
          "filename": "gd68-XX-XXd4t09.shn"
        }
      ]
    },
    {
      "track": "40",
      "title": "St. Stephen >",
      "duration": 286.7,
      "formats": [
        {
          "format": "VBR MP3",
          "filename": "gd68-XX-XXd4t10.mp3",
          "bitrate": "188"
        },
        {
          "format": "Shorten",
          "filename": "gd68-XX-XXd4t10.shn"
        }
      ]
    },
    {
      "track": "41",
      "title": "Turn On Your Lovelight",
      "duration": 359.94,
      "formats": [
        {
          "format": "VBR MP3",
          "filename": "gd68-XX-XXd4t11.mp3",
          "bitrate": "185"
        },
        {
          "format": "Shorten",
          "filename": "gd68-XX-XXd4t11.shn"
        }
      ]
    }
  ]
}