{
  "rating": 2.3421052631578947,
  "review_count": 19,
  "source_type": "UNKNOWN",
  "confidence": 1.0,
  "date": "1968-10-13",
  "venue": "Avalon Ballroom",
  "location": "San Francisco, CA",
  "raw_rating": 4.684210526315789,
  "high_ratings": 18,
  "low_ratings": 0,
  "tracks": [
    {
      "track": "1",
      "title": "Dark Star",
      "duration": 466.17,
      "formats": [
        {
          "format": "VBR MP3",
          "filename": "gd68-10-13t01.mp3",
          "bitrate": "179"
        },
        {
          "format": "Shorten",
          "filename": "gd68-10-13t01.shn"
        }
      ]
    },
    {
      "track": "2",
      "title": "St Stephen",
      "duration": 165.33,
      "formats": [
        {
          "format": "VBR MP3",
          "filename": "gd68-10-13t02.mp3",
          "bitrate": "182"
        },
        {
          "format": "Shorten",
          "filename": "gd68-10-13t02.shn"
        }
      ]
    },
    {
      "track": "3",
      "title": "The Eleven",
      "duration": 494.41,
      "formats": [
        {
          "format": "VBR MP3",
          "filename": "gd68-10-13t03.mp3",
          "bitrate": "190"
        },
        {
          "format": "Shorten",
          "filename": "gd68-10-13t03.shn"
        }
      ]
    },
    {
      "track": "4",
      "title": "Death Don't Have No Mercy",
      "duration": 303.64,
      "formats": [
        {
          "format": "VBR MP3",
          "filename": "gd68-10-13t04.mp3",
          "bitrate": "181"
        },
        {
          "format": "Shorten",
          "filename": "gd68-10-13t04.shn"
        }
      ]
    },
    {
      "track": "5",
      "title": "Cryptical Envelopment",
      "duration": 62.05,
      "formats": [
        {
          "format": "VBR MP3",
          "filename": "gd68-10-13t05.mp3",
          "bitrate": "186"
        },
        {
          "format": "Shorten",
          "filename": "gd68-10-13t05.shn"
        }
      ]
    },
    {
      "track": "6",
      "title": "The Other One",
      "duration": 280.55,
      "formats": [
        {
          "format": "VBR MP3",
          "filename": "gd68-10-13t06.mp3",
          "bitrate": "188"
        },
        {
          "format": "Shorten",
          "filename": "gd68-10-13t06.shn"
        }
      ]
    },
    {
      "track": "7",
      "title": "Cryptical Envelopment",
      "duration": 297.99,
      "formats": [
        {
          "format": "VBR MP3",
          "filename": "gd68-10-13t07.mp3",
          "bitrate": "186"
        },
        {
          "format": "Shorten",
          "filename": "gd68-10-13t07.shn"
        }
      ]
    },
    {
      "track": "8",
      "title": "New Potato Caboose",
      "duration": 97.86,
      "formats": [
        {
          "format": "VBR MP3",
          "filename": "gd68-10-13t08.mp3",
          "bitrate": "184"
        },
        {
          "format": "Shorten",
          "filename": "gd68-10-13t08.shn"
        }
      ]
    },
    {
      "track": "9",
      "title": "Drums",
      "duration": 155.92,
      "formats": [
        {
          "format": "VBR MP3",
          "filename": "gd68-10-13t09.mp3",
          "bitrate": "192"
        },
        {
          "format": "Shorten",
          "filename": "gd68-10-13t09.shn"
        }
      ]
    },
    {
      "track": "10",
      "title": "Jam",
      "duration": 84.32,
      "formats": [
        {
          "format": "VBR MP3",
          "filename": "gd68-10-13t10.mp3",
          "bitrate": "188"
        },
        {
          "format": "Shorten",
          "filename": "gd68-10-13t10.shn"
        }
      ]
    },
    {
      "track": "11",
      "title": "Feedback",
      "duration": 181.23,
      "formats": [
        {
          "format": "VBR MP3",
          "filename": "gd68-10-13t11.mp3",
          "bitrate": "177"
        },
        {
          "format": "Shorten",
          "filename": "gd68-10-13t11.shn"
        }
      ]
    }
  ]
}