{
  "rating": 4.118181818181819,
  "review_count": 33,
  "source_type": "MATRIX",
  "confidence": 1.0,
  "date": "1968-10-30",
  "venue": "The Matrix",
  "location": "San Francisco, CA",
  "raw_rating": 4.575757575757576,
  "high_ratings": 29,
  "low_ratings": 1,
  "tracks": [
    {
      "track": "1",
      "title": "Tuning",
      "duration": 26.56,
      "formats": [
        {
          "format": "VBR MP3",
          "filename": "gd68-10-30d1t01.mp3",
          "bitrate": "177"
        },
        {
          "format": "Shorten",
          "filename": "gd68-10-30d1t01.shn"
        }
      ]
    },
    {
      "track": "2",
      "title": "Dark Star Jam",
      "duration": 626.86,
      "formats": [
        {
          "format": "VBR MP3",
          "filename": "gd68-10-30d1t02.mp3",
          "bitrate": "181"
        },
        {
          "format": "Shorten",
          "filename": "gd68-10-30d1t02.shn"
        }
      ]
    },
    {
      "track": "3",
      "title": "Death Letter Blues",
      "duration": 329.16,
      "formats": [
        {
          "format": "VBR MP3",
          "filename": "gd68-10-30d1t03.mp3",
          "bitrate": "186"
        },
        {
          "format": "Shorten",
          "filename": "gd68-10-30d1t03.shn"
        }
      ]
    },
    {
      "track": "4",
      "title": "banter",
      "duration": 66.03,
      "formats": [
        {
          "format": "VBR MP3",
          "filename": "gd68-10-30d1t04.mp3",
          "bitrate": "178"
        },
        {
          "format": "Shorten",
          "filename": "gd68-10-30d1t04.shn"
        }
      ]
    },
    {
      "track": "5",
      "title": "The Other One Jam",
      "duration": 632.89,
      "formats": [
        {
          "format": "VBR MP3",
          "filename": "gd68-10-30d1t05.mp3",
          "bitrate": "189"
        },
        {
          "format": "Shorten",
          "filename": "gd68-10-30d1t05.shn"
        }
      ]
    },
    {
      "track": "6",
      "title": "tuning",
      "duration": 13.03,
      "formats": [
        {
          "format": "VBR MP3",
          "filename": "gd68-10-30d2t01.mp3",
          "bitrate": "181"
        },
        {
          "format": "Shorten",
          "filename": "gd68-10-30d2t01.shn"
        }
      ]
    },
    {
      "track": "7",
      "title": "St. Stephen Jam",
      "duration": 62.0,
      "formats": [
        {
          "format": "VBR MP3",
          "filename": "gd68-10-30d2t02.mp3",
          "bitrate": "187"
        },
        {
          "format": "Shorten",
          "filename": "gd68-10-30d2t02.shn"
        }
      ]
    },
    {
      "track": "8",
      "title": "Jam",
      "duration": 62.56,
      "formats": [
        {
          "format": "VBR MP3",
          "filename": "gd68-10-30d2t03.mp3",
          "bitrate": "184"
        },
        {
          "format": "Shorten",
          "filename": "gd68-10-30d2t03.shn"
        }
      ]
    },
    {
      "track": "9",
      "title": "Turn On Your Lovelight Jam",
      "duration": 372.2,
      "formats": [
        {
          "format": "VBR MP3",
          "filename": "gd68-10-30d2t04.mp3",
          "bitrate": "189"
        },
        {
          "format": "Shorten",
          "filename": "gd68-10-30d2t04.shn"
        }
      ]
    },
    {
      "track": "10",
      "title": "Jam",
      "duration": 166.87,
      "formats": [
        {
          "format": "VBR MP3",
          "filename": "gd68-10-30d2t05.mp3",
          "bitrate": "177"
        },
        {
          "format": "Shorten",
          "filename": "gd68-10-30d2t05.shn"
        }
      ]
    },
    {
      "track": "11",
      "title": "Jam",
      "duration": 516.38,
      "formats": [
        {
          "format": "VBR MP3",
          "filename": "gd68-10-30d2t06.mp3",
          "bitrate": "184"
        },
        {
          "format": "Shorten",
          "filename": "gd68-10-30d2t06.shn"
        }
      ]
    },
    {
      "track": "12",
      "title": "The Eleven Jam",
      "duration": 392.94,
      "formats": [
        {
          "format": "VBR MP3",
          "filename": "gd68-10-30d2t07.mp3",
          "bitrate": "190"
        },
        {
          "format": "Shorten",
          "filename": "gd68-10-30d2t07.shn"
        }
      ]
    },
    {
      "track": "13",
      "title": "Death Don't Have No Mercy > Jam",
      "duration": 297.68,
      "formats": [
        {
          "format": "VBR MP3",
          "filename": "gd68-10-30d2t08.mp3",
          "bitrate": "181"
        },
        {
          "format": "Shorten",
          "filename": "gd68-10-30d2t08.shn"
        }
      ]
    },
    {
      "track": "14",
      "title": "Prisoner Blues",
      "duration": 611.73,
      "formats": [
        {
          "format": "VBR MP3",
          "filename": "gd68-10-30d2t09.mp3",
          "bitrate": "181"
        },
        {
          "format": "Shorten",
          "filename": "gd68-10-30d2t09.shn"
        }
      ]
    },
    {
      "track": "15",
      "title": "Blues Jam",
      "duration": 229.58,
      "formats": [
        {
          "format": "VBR MP3",
          "filename": "gd68-10-30d3t01.mp3",
          "bitrate": "182"
        },
        {
          "format": "Shorten",
          "filename": "gd68-10-30d3t01.shn"
        }
      ]
    },
    {
      "track": "16",
      "title": "Baby Please Come Back To Me",
      "duration": 387.71,
      "formats": [
        {
          "format": "VBR MP3",
          "filename": "gd68-10-30d3t02.mp3",
          "bitrate": "177"
        },
        {
          "format": "Shorten",
          "filename": "gd68-10-30d3t02.shn"
        }
      ]
    },
    {
      "track": "17",
      "title": "Jam",
      "duration": 357.0,
      "formats": [
        {
          "format": "VBR MP3",
          "filename": "gd68-10-30d3t03.mp3",
          "bitrate": "182"
        },
        {
          "format": "Shorten",
          "filename": "gd68-10-30d3t03.shn"
        }
      ]
    },
    {
      "track": "18",
      "title": "tuning",
      "duration": 220.43,
      "formats": [
        {
          "format": "VBR MP3",
          "filename": "gd68-10-30d3t04.mp3",
          "bitrate": "178"
        },
        {
          "format": "Shorten",
          "filename": "gd68-10-30d3t04.shn"
        }
      ]
    },
    {
      "track": "19",
      "title": "Dark Star Jam",
      "duration": 697.34,
      "formats": [
        {
          "format": "VBR MP3",
          "filename": "gd68-10-30d3t05.mp3",
          "bitrate": "179"
        },
        {
          "format": "Shorten",
          "filename": "gd68-10-30d3t05.shn"
        }
      ]
    }
  ]
}