{
  "rating": 2.232142857142857,
  "review_count": 28,
  "source_type": "UNKNOWN",
  "confidence": 1.0,
  "date": "1968-12-07",
  "venue": "Bellarmine College",
  "location": "Louisville, KY",
  "raw_rating": 4.464285714285714,
  "high_ratings": 27,
  "low_ratings": 0,
  "tracks": [
    {
      "track": "1",
      "title": "Dark Star",
      "duration": 451.57,
      "formats": [
        {
          "format": "VBR MP3",
          "filename": "GD_68-12-07_D1T01.mp3",
          "bitrate": "171"
        },
        {
          "format": "Shorten",
          "filename": "GD_68-12-07_D1T01.shn"
        }
      ]
    },
    {
      "track": "2",
      "title": "St. Stephen",
      "duration": 135.8,
      "formats": [
        {
          "format": "VBR MP3",
          "filename": "GD_68-12-07_D1T02.mp3",
          "bitrate": "170"
        },
        {
          "format": "Shorten",
          "filename": "GD_68-12-07_D1T02.shn"
        }
      ]
    },
    {
      "track": "3",
      "title": "The Eleven",
      "duration": 259.23,
      "formats": [
        {
          "format": "VBR MP3",
          "filename": "GD_68-12-07_D1T03.mp3",
          "bitrate": "172"
        },
        {
          "format": "Shorten",
          "filename": "GD_68-12-07_D1T03.shn"
        }
      ]
    },
    {
      "track": "4",
      "title": "Death Don't Have No Mercy",
      "duration": 128.24,
      "formats": [
        {
          "format": "VBR MP3",
          "filename": "GD_68-12-07_D1T04.mp3",
          "bitrate": "168"
        },
        {
          "format": "Shorten",
          "filename": "GD_68-12-07_D1T04.shn"
        }
      ]
    },
    {
      "track": "5",
      "title": "The Other One",
      "duration": 232.56,
      "formats": [
        {
          "format": "VBR MP3",
          "filename": "GD_68-12-07_D1T05.mp3",
          "bitrate": "163"
        },
        {
          "format": "Shorten",
          "filename": "GD_68-12-07_D1T05.shn"
        }
      ]
    },
    {
      "track": "6",
      "title": "Cryptical Envelopment",
      "duration": 276.97,
      "formats": [
        {
          "format": "VBR MP3",
          "filename": "GD_68-12-07_D1T06.mp3",
          "bitrate": "165"
        },
        {
          "format": "Shorten",
          "filename": "GD_68-12-07_D1T06.shn"
        }
      ]
    },
    {
      "track": "7",
      "title": "New Potato Caboose",
      "duration": 510.65,
      "formats": [
        {
          "format": "VBR MP3",
          "filename": "GD_68-12-07_D1T07.mp3",
          "bitrate": "166"
        },
        {
          "format": "Shorten",
          "filename": "GD_68-12-07_D1T07.shn"
        }
      ]
    },
    {
      "track": "8",
      "title": "Rosemary",
      "duration": 143.47,
      "formats": [
        {
          "format": "VBR MP3",
          "filename": "GD_68-12-07_D2T01.mp3",
          "bitrate": "177"
        },
        {
          "format": "Shorten",
          "filename": "GD_68-12-07_D2T01.shn"
        }
      ]
    },
    {
      "track": "9",
      "title": "He Was A Friend Of Mine",
      "duration": 193.88,
      "formats": [
        {
          "format": "VBR MP3",
          "filename": "GD_68-12-07_D2T02.mp3",
          "bitrate": "169"
        },
        {
          "format": "Shorten",
          "filename": "GD_68-12-07_D2T02.shn"
        }
      ]
    },
    {
      "track": "10",
      "title": "It Hurts Me Too",
      "duration": 176.92,
      "formats": [
        {
          "format": "VBR MP3",
          "filename": "GD_68-12-07_D2T03.mp3",
          "bitrate": "172"
        },
        {
          "format": "Shorten",
          "filename": "GD_68-12-07_D2T03.shn"
        }
      ]
    },
    {
      "track": "11",
      "title": "Morning Dew",
      "duration": 337.09,
      "formats": [
        {
          "format": "VBR MP3",
          "filename": "GD_68-12-07_D2T04.mp3",
          "bitrate": "173"
        },
        {
          "format": "Shorten",
          "filename": "GD_68-12-07_D2T04.shn"
        }
      ]
    },
    {
      "track": "12",
      "title": "And We Bid You Goodnight",
      "duration": 99.11,
      "formats": [
        {
          "format": "VBR MP3",
          "filename": "GD_68-12-07_D2T05.mp3",
          "bitrate": "177"
        },
        {
          "format": "Shorten",
          "filename": "GD_68-12-07_D2T05.shn"
        }
      ]
    }
  ]
}