{
  "rating": 2.0555555555555554,
  "review_count": 9,
  "source_type": "UNKNOWN",
  "confidence": 1.0,
  "date": "1968-12-21",
  "venue": "Shrine Exhibition Hall",
  "location": "Los Angeles, CA",
  "raw_rating": 4.111111111111111,
  "high_ratings": 7,
  "low_ratings": 0,
  "tracks": [
    {
      "track": "1",
      "title": "Turn On Your Lovelight",
      "duration": 512.04,
      "formats": [
        {
          "format": "VBR MP3",
          "filename": "gd-1968-12-21-d1t1.mp3",
          "bitrate": "177"
        },
        {
          "format": "Shorten",
          "filename": "gd-1968-12-21-d1t1.shn"
        }
      ]
    },
    {
      "track": "2",
      "title": "Cryptical Envelopment",
      "duration": 62.04,
      "formats": [
        {
          "format": "VBR MP3",
          "filename": "gd-1968-12-21-d1t2.mp3",
          "bitrate": "175"
        },
        {
          "format": "Shorten",
          "filename": "gd-1968-12-21-d1t2.shn"
        }
      ]
    },
    {
      "track": "3",
      "title": "The Other One",
      "duration": 241.41,
      "formats": [
        {
          "format": "VBR MP3",
          "filename": "gd-1968-12-21-d1t3.mp3",
          "bitrate": "180"
        },
        {
          "format": "Shorten",
          "filename": "gd-1968-12-21-d1t3.shn"
        }
      ]
    },
    {
      "track": "4",
      "title": "Cryptical Envelopment",
      "duration": 216.3,
      "formats": [
        {
          "format": "VBR MP3",
          "filename": "gd-1968-12-21-d1t4.mp3",
          "bitrate": "178"
        },
        {
          "format": "Shorten",
          "filename": "gd-1968-12-21-d1t4.shn"
        }
      ]
    },
    {
      "track": "5",
      "title": "It Hurts Me Too",
      "duration": 177.19,
      "formats": [
        {
          "format": "VBR MP3",
          "filename": "gd-1968-12-21-d1t5.mp3",
          "bitrate": "176"
        },
        {
          "format": "Shorten",
          "filename": "gd-1968-12-21-d1t5.shn"
        }
      ]
    },
    {
      "track": "6",
      "title": "tuning",
      "duration": 85.23,
      "formats": [
        {
          "format": "VBR MP3",
          "filename": "gd-1968-12-21-d1t6.mp3",
          "bitrate": "179"
        },
        {
          "format": "Shorten",
          "filename": "gd-1968-12-21-d1t6.shn"
        }
      ]
    },
    {
      "track": "7",
      "title": "Alligator",
      "duration": 129.41,
      "formats": [
        {
          "format": "VBR MP3",
          "filename": "gd-1968-12-21-d2t1.mp3",
          "bitrate": "180"
        },
        {
          "format": "Shorten",
          "filename": "gd-1968-12-21-d2t1.shn"
        }
      ]
    },
    {
      "track": "8",
      "title": "Drums",
      "duration": 98.21,
      "formats": [
        {
          "format": "VBR MP3",
          "filename": "gd-1968-12-21-d2t2.mp3",
          "bitrate": "185"
        },
        {
          "format": "Shorten",
          "filename": "gd-1968-12-21-d2t2.shn"
        }
      ]
    },
    {
      "track": "9",
      "title": "Alligator",
      "duration": 372.75,
      "formats": [
        {
          "format": "VBR MP3",
          "filename": "gd-1968-12-21-d2t3.mp3",
          "bitrate": "179"
        },
        {
          "format": "Shorten",
          "filename": "gd-1968-12-21-d2t3.shn"
        }
      ]
    },
    {
      "track": "10",
      "title": "Caution (Do Not Stop On The Tracks)",
      "duration": 558.43,
      "formats": [
        {
          "format": "VBR MP3",
          "filename": "gd-1968-12-21-d2t4.mp3",
          "bitrate": "179"
        },
        {
          "format": "Shorten",
          "filename": "gd-1968-12-21-d2t4.shn"
        }
      ]
    },
    {
      "track": "11",
      "title": "Feedback",
      "duration": 187.98,
      "formats": [
        {
          "format": "VBR MP3",
          "filename": "gd-1968-12-21-d2t5.mp3",
          "bitrate": "175"
        },
        {
          "format": "Shorten",
          "filename": "gd-1968-12-21-d2t5.shn"
        }
      ]
    },
    {
      "track": "12",
      "title": "And We Bid You Goodnight",
      "duration": 145.51,
      "formats": [
        {
          "format": "VBR MP3",
          "filename": "gd-1968-12-21-d2t6.mp3",
          "bitrate": "179"
        },
        {
          "format": "Shorten",
          "filename": "gd-1968-12-21-d2t6.shn"
        }
      ]
    }
  ]
}