{
  "rating": 2.435483870967742,
  "review_count": 31,
  "source_type": "UNKNOWN",
  "confidence": 1.0,
  "date": "1968-10-20",
  "venue": "Greek Theatre, U. Of California",
  "location": "Berkeley, CA",
  "raw_rating": 4.870967741935484,
  "high_ratings": 31,
  "low_ratings": 0,
  "tracks": [
    {
      "track": "1",
      "title": "Good Morning Little Schoolgirl",
      "duration": 437.72,
      "formats": [
        {
          "format": "VBR MP3",
          "filename": "gd1968.10.20d1t01.mp3",
          "bitrate": "188"
        },
        {
          "format": "Shorten",
          "filename": "gd1968.10.20d1t01.shn"
        }
      ]
    },
    {
      "track": "2",
      "title": "Turn On Your Lovelight",
      "duration": 452.58,
      "formats": [
        {
          "format": "VBR MP3",
          "filename": "gd1968.10.20d1t02.mp3",
          "bitrate": "185"
        },
        {
          "format": "Shorten",
          "filename": "gd1968.10.20d1t02.shn"
        }
      ]
    },
    {
      "track": "3",
      "title": "Dark Star",
      "duration": 314.68,
      "formats": [
        {
          "format": "VBR MP3",
          "filename": "gd1968.10.20d1t03.mp3",
          "bitrate": "181"
        },
        {
          "format": "Shorten",
          "filename": "gd1968.10.20d1t03.shn"
        }
      ]
    },
    {
      "track": "4",
      "title": "Saint Stephen",
      "duration": 117.96,
      "formats": [
        {
          "format": "VBR MP3",
          "filename": "gd1968.10.20d1t04.mp3",
          "bitrate": "182"
        },
        {
          "format": "Shorten",
          "filename": "gd1968.10.20d1t04.shn"
        }
      ]
    },
    {
      "track": "5",
      "title": "The Eleven",
      "duration": 274.91,
      "formats": [
        {
          "format": "VBR MP3",
          "filename": "gd1968.10.20d1t05.mp3",
          "bitrate": "184"
        },
        {
          "format": "Shorten",
          "filename": "gd1968.10.20d1t05.shn"
        }
      ]
    },
    {
      "track": "06",
      "title": "Caution (Do Not Stop On The Tracks)",
      "duration": 479.33,
      "formats": [
        {
          "format": "VBR MP3",
          "filename": "gd1968.10.20d1t06-fixed.mp3",
          "bitrate": "185"
        },
        {
          "format": "Shorten",
          "filename": "gd1968.10.20d1t06-fixed.shn"
        }
      ]
    }
  ]
}