{
  "rating": 2.24,
  "review_count": 25,
  "source_type": "UNKNOWN",
  "confidence": 1.0,
  "date": "1968-12-29",
  "venue": "Gulfstream Park Racetrack",
  "location": "Hallandale, FL",
  "raw_rating": 4.48,
  "high_ratings": 24,
  "low_ratings": 0,
  "tracks": [
    {
      "track": "1",
      "title": "Turn On Your Lovelight",
      "duration": 462.41,
      "formats": [
        {
          "format": "VBR MP3",
          "filename": "gd68-12-29d1t01.mp3",
          "bitrate": "173"
        },
        {
          "format": "Shorten",
          "filename": "gd68-12-29d1t01.shn"
        }
      ]
    },
    {
      "track": "2",
      "title": "Dark Star-->",
      "duration": 362.12,
      "formats": [
        {
          "format": "VBR MP3",
          "filename": "gd68-12-29d1t02.mp3",
          "bitrate": "176"
        },
        {
          "format": "Shorten",
          "filename": "gd68-12-29d1t02.shn"
        }
      ]
    },
    {
      "track": "3",
      "title": "St. Stephen-->",
      "duration": 165.83,
      "formats": [
        {
          "format": "VBR MP3",
          "filename": "gd68-12-29d1t03.mp3",
          "bitrate": "176"
        },
        {
          "format": "Shorten",
          "filename": "gd68-12-29d1t03.shn"
        }
      ]
    },
    {
      "track": "4",
      "title": "The Eleven-->",
      "duration": 433.05,
      "formats": [
        {
          "format": "VBR MP3",
          "filename": "gd68-12-29d1t04.mp3",
          "bitrate": "176"
        },
        {
          "format": "Shorten",
          "filename": "gd68-12-29d1t04.shn"
        }
      ]
    },
    {
      "track": "5",
      "title": "Drums-->",
      "duration": 97.12,
      "formats": [
        {
          "format": "VBR MP3",
          "filename": "gd68-12-29d1t05.mp3",
          "bitrate": "179"
        },
        {
          "format": "Shorten",
          "filename": "gd68-12-29d1t05.shn"
        }
      ]
    },
    {
      "track": "6",
      "title": "The Other One-->",
      "duration": 242.14,
      "formats": [
        {
          "format": "VBR MP3",
          "filename": "gd68-12-29d1t06.mp3",
          "bitrate": "170"
        },
        {
          "format": "Shorten",
          "filename": "gd68-12-29d1t06.shn"
        }
      ]
    },
    {
      "track": "7",
      "title": "Cryptical Envelopment-->",
      "duration": 246.05,
      "formats": [
        {
          "format": "VBR MP3",
          "filename": "gd68-12-29d1t07.mp3",
          "bitrate": "162"
        },
        {
          "format": "Shorten",
          "filename": "gd68-12-29d1t07.shn"
        }
      ]
    },
    {
      "track": "8",
      "title": "Feedback-->",
      "duration": 29.31,
      "formats": [
        {
          "format": "VBR MP3",
          "filename": "gd68-12-29d1t08.mp3",
          "bitrate": "164"
        },
        {
          "format": "Shorten",
          "filename": "gd68-12-29d1t08.shn"
        }
      ]
    },
    {
      "track": "9",
      "title": "We Bid You Goodnight",
      "duration": 34.03,
      "formats": [
        {
          "format": "VBR MP3",
          "filename": "gd68-12-29d1t09.mp3",
          "bitrate": "172"
        },
        {
          "format": "Shorten",
          "filename": "gd68-12-29d1t09.shn"
        }
      ]
    }
  ]
}