{
  "rating": 2.125,
  "review_count": 12,
  "source_type": "UNKNOWN",
  "confidence": 1.0,
  "date": "1969-04-13",
  "venue": "Ballroom, U. of Co.",
  "location": "Boulder, CO",
  "raw_rating": 4.25,
  "high_ratings": 12,
  "low_ratings": 0,
  "tracks": [
    {
      "track": "1",
      "title": "Turn On Your Lovelight",
      "duration": 833.53,
      "formats": [
        {
          "format": "VBR MP3",
          "filename": "gd69-04-13d1t01.mp3",
          "bitrate": "180"
        },
        {
          "format": "Shorten",
          "filename": "gd69-04-13d1t01.shn"
        }
      ]
    },
    {
      "track": "2",
      "title": "Doin' That Rag",
      "duration": 166.2,
      "formats": [
        {
          "format": "VBR MP3",
          "filename": "gd69-04-13d1t02.mp3",
          "bitrate": "180"
        },
        {
          "format": "Shorten",
          "filename": "gd69-04-13d1t02.shn"
        }
      ]
    },
    {
      "track": "3",
      "title": "Good Morning, Little Schoolgirl",
      "duration": 309.38,
      "formats": [
        {
          "format": "VBR MP3",
          "filename": "gd69-04-13d1t03.mp3",
          "bitrate": "181"
        },
        {
          "format": "Shorten",
          "filename": "gd69-04-13d1t03.shn"
        }
      ]
    },
    {
      "track": "4",
      "title": "Morning Dew",
      "duration": 360.79,
      "formats": [
        {
          "format": "VBR MP3",
          "filename": "gd69-04-13d1t04.mp3",
          "bitrate": "177"
        },
        {
          "format": "Shorten",
          "filename": "gd69-04-13d1t04.shn"
        }
      ]
    },
    {
      "track": "5",
      "title": "Dark Star",
      "duration": 781.4,
      "formats": [
        {
          "format": "VBR MP3",
          "filename": "gd69-04-13d2t01.mp3",
          "bitrate": "179"
        },
        {
          "format": "Shorten",
          "filename": "gd69-04-13d2t01.shn"
        }
      ]
    },
    {
      "track": "6",
      "title": "Saint Stephen",
      "duration": 300.16,
      "formats": [
        {
          "format": "VBR MP3",
          "filename": "gd69-04-13d2t02.mp3",
          "bitrate": "179"
        },
        {
          "format": "Shorten",
          "filename": "gd69-04-13d2t02.shn"
        }
      ]
    },
    {
      "track": "7",
      "title": "The Eleven",
      "duration": 407.13,
      "formats": [
        {
          "format": "VBR MP3",
          "filename": "gd69-04-13d2t03.mp3",
          "bitrate": "182"
        },
        {
          "format": "Shorten",
          "filename": "gd69-04-13d2t03.shn"
        }
      ]
    },
    {
      "track": "8",
      "title": "Death Don't Have No Mercy",
      "duration": 291.09,
      "formats": [
        {
          "format": "VBR MP3",
          "filename": "gd69-04-13d2t04.mp3",
          "bitrate": "176"
        },
        {
          "format": "Shorten",
          "filename": "gd69-04-13d2t04.shn"
        }
      ]
    },
    {
      "track": "9",
      "title": "Alligator",
      "duration": 122.81,
      "formats": [
        {
          "format": "VBR MP3",
          "filename": "gd69-04-13d2t05.mp3",
          "bitrate": "183"
        },
        {
          "format": "Shorten",
          "filename": "gd69-04-13d2t05.shn"
        }
      ]
    },
    {
      "track": "10",
      "title": "Drums",
      "duration": 143.83,
      "formats": [
        {
          "format": "VBR MP3",
          "filename": "gd69-04-13d2t06.mp3",
          "bitrate": "187"
        },
        {
          "format": "Shorten",
          "filename": "gd69-04-13d2t06.shn"
        }
      ]
    },
    {
      "track": "11",
      "title": "Jam",
      "duration": 187.95,
      "formats": [
        {
          "format": "VBR MP3",
          "filename": "gd69-04-13d2t07.mp3",
          "bitrate": "180"
        },
        {
          "format": "Shorten",
          "filename": "gd69-04-13d2t07.shn"
        }
      ]
    }
  ]
}