{
  "rating": 2.3333333333333335,
  "review_count": 15,
  "source_type": "UNKNOWN",
  "confidence": 1.0,
  "date": "1969-06-05",
  "venue": "Fillmore West",
  "location": "San Francisco, CA",
  "raw_rating": 4.666666666666667,
  "high_ratings": 14,
  "low_ratings": 0,
  "tracks": [
    {
      "track": "1",
      "title": "Morning Dew",
      "duration": 329.12,
      "formats": [
        {
          "format": "VBR MP3",
          "filename": "gd69-06-05d1t01.mp3",
          "bitrate": "176"
        },
        {
          "format": "Shorten",
          "filename": "gd69-06-05d1t01.shn"
        }
      ]
    },
    {
      "track": "2",
      "title": "Me and My Uncle",
      "duration": 116.48,
      "formats": [
        {
          "format": "VBR MP3",
          "filename": "gd69-06-05d1t02.mp3",
          "bitrate": "178"
        },
        {
          "format": "Shorten",
          "filename": "gd69-06-05d1t02.shn"
        }
      ]
    },
    {
      "track": "3",
      "title": "Doin' That Rag",
      "duration": 236.31,
      "formats": [
        {
          "format": "VBR MP3",
          "filename": "gd69-06-05d1t03.mp3",
          "bitrate": "177"
        },
        {
          "format": "Shorten",
          "filename": "gd69-06-05d1t03.shn"
        }
      ]
    },
    {
      "track": "4",
      "title": "He Was A Friend",
      "duration": 369.99,
      "formats": [
        {
          "format": "VBR MP3",
          "filename": "gd69-06-05d1t04.mp3",
          "bitrate": "175"
        },
        {
          "format": "Shorten",
          "filename": "gd69-06-05d1t04.shn"
        }
      ]
    },
    {
      "track": "5",
      "title": "Hard To Handle",
      "duration": 193.47,
      "formats": [
        {
          "format": "VBR MP3",
          "filename": "gd69-06-05d1t05.mp3",
          "bitrate": "178"
        },
        {
          "format": "Shorten",
          "filename": "gd69-06-05d1t05.shn"
        }
      ]
    },
    {
      "track": "6",
      "title": "Cosmic Charlie",
      "duration": 227.24,
      "formats": [
        {
          "format": "VBR MP3",
          "filename": "gd69-06-05d1t06.mp3",
          "bitrate": "175"
        },
        {
          "format": "Shorten",
          "filename": "gd69-06-05d1t06.shn"
        }
      ]
    },
    {
      "track": "7",
      "title": "Cryptical Envelopment",
      "duration": 77.45,
      "formats": [
        {
          "format": "VBR MP3",
          "filename": "gd69-06-05d1t07.mp3",
          "bitrate": "178"
        },
        {
          "format": "Shorten",
          "filename": "gd69-06-05d1t07.shn"
        }
      ]
    },
    {
      "track": "8",
      "title": "Drums",
      "duration": 47.89,
      "formats": [
        {
          "format": "VBR MP3",
          "filename": "gd69-06-05d1t08.mp3",
          "bitrate": "182"
        },
        {
          "format": "Shorten",
          "filename": "gd69-06-05d1t08.shn"
        }
      ]
    },
    {
      "track": "9",
      "title": "The Other One",
      "duration": 310.16,
      "formats": [
        {
          "format": "VBR MP3",
          "filename": "gd69-06-05d1t09.mp3",
          "bitrate": "180"
        },
        {
          "format": "Shorten",
          "filename": "gd69-06-05d1t09.shn"
        }
      ]
    },
    {
      "track": "10",
      "title": "Cryptical Envelopment",
      "duration": 404.5,
      "formats": [
        {
          "format": "VBR MP3",
          "filename": "gd69-06-05d1t10.mp3",
          "bitrate": "182"
        },
        {
          "format": "Shorten",
          "filename": "gd69-06-05d1t10.shn"
        }
      ]
    },
    {
      "track": "11",
      "title": "China Cat Sunflower",
      "duration": 162.35,
      "formats": [
        {
          "format": "VBR MP3",
          "filename": "gd69-06-05d2t01.mp3",
          "bitrate": "181"
        },
        {
          "format": "Shorten",
          "filename": "gd69-06-05d2t01.shn"
        }
      ]
    },
    {
      "track": "12",
      "title": "Sittin' On Top Of The World",
      "duration": 127.56,
      "formats": [
        {
          "format": "VBR MP3",
          "filename": "gd69-06-05d2t02.mp3",
          "bitrate": "180"
        },
        {
          "format": "Shorten",
          "filename": "gd69-06-05d2t02.shn"
        }
      ]
    },
    {
      "track": "13",
      "title": "Dark Star",
      "duration": 698.78,
      "formats": [
        {
          "format": "VBR MP3",
          "filename": "gd69-06-05d2t03.mp3",
          "bitrate": "178"
        },
        {
          "format": "Shorten",
          "filename": "gd69-06-05d2t03.shn"
        }
      ]
    },
    {
      "track": "14",
      "title": "Saint Stephen",
      "duration": 241.29,
      "formats": [
        {
          "format": "VBR MP3",
          "filename": "gd69-06-05d2t04.mp3",
          "bitrate": "176"
        },
        {
          "format": "Shorten",
          "filename": "gd69-06-05d2t04.shn"
        }
      ]
    },
    {
      "track": "15",
      "title": "The Eleven",
      "duration": 415.16,
      "formats": [
        {
          "format": "VBR MP3",
          "filename": "gd69-06-05d2t05.mp3",
          "bitrate": "181"
        },
        {
          "format": "Shorten",
          "filename": "gd69-06-05d2t05.shn"
        }
      ]
    },
    {
      "track": "16",
      "title": "Turn On Your Lovelight",
      "duration": 931.66,
      "formats": [
        {
          "format": "VBR MP3",
          "filename": "gd69-06-05d2t06.mp3",
          "bitrate": "178"
        },
        {
          "format": "Shorten",
          "filename": "gd69-06-05d2t06.shn"
        }
      ]
    }
  ]
}