{
  "rating": 2.0625,
  "review_count": 8,
  "source_type": "UNKNOWN",
  "confidence": 1.0,
  "date": "1969-06-21",
  "venue": "Fillmore East",
  "location": "New York City, NY",
  "raw_rating": 4.125,
  "high_ratings": 7,
  "low_ratings": 1,
  "tracks": [
    {
      "track": "1",
      "title": "Green, Green Grass Of Home",
      "duration": 148.01,
      "formats": [
        {
          "format": "VBR MP3",
          "filename": "gd69-06-21d1t01.mp3",
          "bitrate": "173"
        },
        {
          "format": "Shorten",
          "filename": "gd69-06-21d1t01.shn"
        }
      ]
    },
    {
      "track": "2",
      "title": "Me and My Uncle",
      "duration": 84.84,
      "formats": [
        {
          "format": "VBR MP3",
          "filename": "gd69-06-21d1t02.mp3",
          "bitrate": "176"
        },
        {
          "format": "Shorten",
          "filename": "gd69-06-21d1t02.shn"
        }
      ]
    },
    {
      "track": "3",
      "title": "High Time",
      "duration": 133.5,
      "formats": [
        {
          "format": "VBR MP3",
          "filename": "gd69-06-21d1t03.mp3",
          "bitrate": "174"
        },
        {
          "format": "Shorten",
          "filename": "gd69-06-21d1t03.shn"
        }
      ]
    },
    {
      "track": "4",
      "title": "China Cat Sunflower",
      "duration": 131.95,
      "formats": [
        {
          "format": "VBR MP3",
          "filename": "gd69-06-21d1t04.mp3",
          "bitrate": "180"
        },
        {
          "format": "Shorten",
          "filename": "gd69-06-21d1t04.shn"
        }
      ]
    },
    {
      "track": "5",
      "title": "Morning Dew",
      "duration": 279.47,
      "formats": [
        {
          "format": "VBR MP3",
          "filename": "gd69-06-21d1t05.mp3",
          "bitrate": "178"
        },
        {
          "format": "Shorten",
          "filename": "gd69-06-21d1t05.shn"
        }
      ]
    },
    {
      "track": "6",
      "title": "Alligator",
      "duration": 110.32,
      "formats": [
        {
          "format": "VBR MP3",
          "filename": "gd69-06-21d1t06.mp3",
          "bitrate": "180"
        },
        {
          "format": "Shorten",
          "filename": "gd69-06-21d1t06.shn"
        }
      ]
    },
    {
      "track": "7",
      "title": "Drums",
      "duration": 75.42,
      "formats": [
        {
          "format": "VBR MP3",
          "filename": "gd69-06-21d1t07.mp3",
          "bitrate": "177"
        },
        {
          "format": "Shorten",
          "filename": "gd69-06-21d1t07.shn"
        }
      ]
    },
    {
      "track": "8",
      "title": "Jam",
      "duration": 60.07,
      "formats": [
        {
          "format": "VBR MP3",
          "filename": "gd69-06-21d1t08.mp3",
          "bitrate": "178"
        },
        {
          "format": "Shorten",
          "filename": "gd69-06-21d1t08.shn"
        }
      ]
    },
    {
      "track": "9",
      "title": "The Other One",
      "duration": 225.34,
      "formats": [
        {
          "format": "VBR MP3",
          "filename": "gd69-06-21d1t09.mp3",
          "bitrate": "176"
        },
        {
          "format": "Shorten",
          "filename": "gd69-06-21d1t09.shn"
        }
      ]
    },
    {
      "track": "10",
      "title": "Cryptical Envelopment",
      "duration": 40.62,
      "formats": [
        {
          "format": "VBR MP3",
          "filename": "gd69-06-21d1t10.mp3",
          "bitrate": "174"
        },
        {
          "format": "Shorten",
          "filename": "gd69-06-21d1t10.shn"
        }
      ]
    },
    {
      "track": "11",
      "title": "Slewfoot",
      "duration": 116.31,
      "formats": [
        {
          "format": "VBR MP3",
          "filename": "gd69-06-21d1t11.mp3",
          "bitrate": "181"
        },
        {
          "format": "Shorten",
          "filename": "gd69-06-21d1t11.shn"
        }
      ]
    },
    {
      "track": "12",
      "title": "Cosmic Charlie",
      "duration": 184.11,
      "formats": [
        {
          "format": "VBR MP3",
          "filename": "gd69-06-21d1t12.mp3",
          "bitrate": "184"
        },
        {
          "format": "Shorten",
          "filename": "gd69-06-21d1t12.shn"
        }
      ]
    },
    {
      "track": "13",
      "title": "Old, Old House",
      "duration": 143.54,
      "formats": [
        {
          "format": "VBR MP3",
          "filename": "gd69-06-21d1t13.mp3",
          "bitrate": "171"
        },
        {
          "format": "Shorten",
          "filename": "gd69-06-21d1t13.shn"
        }
      ]
    },
    {
      "track": "14",
      "title": "Sittin' On Top Of The World",
      "duration": 142.97,
      "formats": [
        {
          "format": "VBR MP3",
          "filename": "gd69-06-21d1t14.mp3",
          "bitrate": "182"
        },
        {
          "format": "Shorten",
          "filename": "gd69-06-21d1t14.shn"
        }
      ]
    },
    {
      "track": "15",
      "title": "King Bee",
      "duration": 290.72,
      "formats": [
        {
          "format": "VBR MP3",
          "filename": "gd69-06-21d1t15.mp3",
          "bitrate": "179"
        },
        {
          "format": "Shorten",
          "filename": "gd69-06-21d1t15.shn"
        }
      ]
    },
    {
      "track": "16",
      "title": "Dire Wolf",
      "duration": 107.26,
      "formats": [
        {
          "format": "VBR MP3",
          "filename": "gd69-06-21d2t01.mp3",
          "bitrate": "174"
        },
        {
          "format": "Shorten",
          "filename": "gd69-06-21d2t01.shn"
        }
      ]
    },
    {
      "track": "17",
      "title": "Mama Tried",
      "duration": 106.13,
      "formats": [
        {
          "format": "VBR MP3",
          "filename": "gd69-06-21d2t02.mp3",
          "bitrate": "176"
        },
        {
          "format": "Shorten",
          "filename": "gd69-06-21d2t02.shn"
        }
      ]
    },
    {
      "track": "18",
      "title": "High Time",
      "duration": 184.87,
      "formats": [
        {
          "format": "VBR MP3",
          "filename": "gd69-06-21d2t03.mp3",
          "bitrate": "173"
        },
        {
          "format": "Shorten",
          "filename": "gd69-06-21d2t03.shn"
        }
      ]
    },
    {
      "track": "19",
      "title": "Dupree's Diamond Blues",
      "duration": 137.21,
      "formats": [
        {
          "format": "VBR MP3",
          "filename": "gd69-06-21d2t04.mp3",
          "bitrate": "169"
        },
        {
          "format": "Shorten",
          "filename": "gd69-06-21d2t04.shn"
        }
      ]
    },
    {
      "track": "20",
      "title": "Yellow Dog Story",
      "duration": 68.38,
      "formats": [
        {
          "format": "VBR MP3",
          "filename": "gd69-06-21d2t05.mp3",
          "bitrate": "172"
        },
        {
          "format": "Shorten",
          "filename": "gd69-06-21d2t05.shn"
        }
      ]
    },
    {
      "track": "21",
      "title": "Dark Star",
      "duration": 247.74,
      "formats": [
        {
          "format": "VBR MP3",
          "filename": "gd69-06-21d2t06.mp3",
          "bitrate": "175"
        },
        {
          "format": "Shorten",
          "filename": "gd69-06-21d2t06.shn"
        }
      ]
    },
    {
      "track": "22",
      "title": "Saint Stephen",
      "duration": 240.74,
      "formats": [
        {
          "format": "VBR MP3",
          "filename": "gd69-06-21d2t07.mp3",
          "bitrate": "187"
        },
        {
          "format": "Shorten",
          "filename": "gd69-06-21d2t07.shn"
        }
      ]
    },
    {
      "track": "23",
      "title": "The Eleven",
      "duration": 358.9,
      "formats": [
        {
          "format": "VBR MP3",
          "filename": "gd69-06-21d2t08.mp3",
          "bitrate": "193"
        },
        {
          "format": "Shorten",
          "filename": "gd69-06-21d2t08.shn"
        }
      ]
    },
    {
      "track": "24",
      "title": "Turn On Your Lovelight",
      "duration": 980.15,
      "formats": [
        {
          "format": "VBR MP3",
          "filename": "gd69-06-21d2t09.mp3",
          "bitrate": "191"
        },
        {
          "format": "Shorten",
          "filename": "gd69-06-21d2t09.shn"
        }
      ]
    }
  ]
}