{
  "rating": 2.176470588235294,
  "review_count": 17,
  "source_type": "UNKNOWN",
  "confidence": 1.0,
  "date": "1969-01-25",
  "venue": "Avalon Ballroom",
  "location": "San Francisco, CA",
  "raw_rating": 4.352941176470588,
  "high_ratings": 15,
  "low_ratings": 0,
  "tracks": [
    {
      "track": "1",
      "title": "Dark Star",
      "duration": 503.19,
      "formats": [
        {
          "format": "VBR MP3",
          "filename": "gd69-01-25d1t01.mp3",
          "bitrate": "181"
        },
        {
          "format": "Shorten",
          "filename": "gd69-01-25d1t01.shn"
        }
      ]
    },
    {
      "track": "2",
      "title": "Saint Stephen",
      "duration": 192.44,
      "formats": [
        {
          "format": "VBR MP3",
          "filename": "gd69-01-25d1t02.mp3",
          "bitrate": "179"
        },
        {
          "format": "Shorten",
          "filename": "gd69-01-25d1t02.shn"
        }
      ]
    },
    {
      "track": "3",
      "title": "William Tell",
      "duration": 38.93,
      "formats": [
        {
          "format": "VBR MP3",
          "filename": "gd69-01-25d1t03.mp3",
          "bitrate": "177"
        },
        {
          "format": "Shorten",
          "filename": "gd69-01-25d1t03.shn"
        }
      ]
    },
    {
      "track": "4",
      "title": "The Eleven",
      "duration": 394.54,
      "formats": [
        {
          "format": "VBR MP3",
          "filename": "gd69-01-25d1t04.mp3",
          "bitrate": "184"
        },
        {
          "format": "Shorten",
          "filename": "gd69-01-25d1t04.shn"
        }
      ]
    },
    {
      "track": "5",
      "title": "Turn On Your Lovelight",
      "duration": 748.0,
      "formats": [
        {
          "format": "VBR MP3",
          "filename": "gd69-01-25d1t05.mp3",
          "bitrate": "182"
        },
        {
          "format": "Shorten",
          "filename": "gd69-01-25d1t05.shn"
        }
      ]
    },
    {
      "track": "6",
      "title": "Dupree's Diamond Blues",
      "duration": 146.21,
      "formats": [
        {
          "format": "VBR MP3",
          "filename": "gd69-01-25d2t01.mp3",
          "bitrate": "181"
        },
        {
          "format": "Shorten",
          "filename": "gd69-01-25d2t01.shn"
        }
      ]
    },
    {
      "track": "7",
      "title": "Doin' That Rag",
      "duration": 189.87,
      "formats": [
        {
          "format": "VBR MP3",
          "filename": "gd69-01-25d2t02.mp3",
          "bitrate": "180"
        },
        {
          "format": "Shorten",
          "filename": "gd69-01-25d2t02.shn"
        }
      ]
    },
    {
      "track": "8",
      "title": "Cosmic Charlie",
      "duration": 240.1,
      "formats": [
        {
          "format": "VBR MP3",
          "filename": "gd69-01-25d2t03.mp3",
          "bitrate": "179"
        },
        {
          "format": "Shorten",
          "filename": "gd69-01-25d2t03.shn"
        }
      ]
    },
    {
      "track": "9",
      "title": "Alligator",
      "duration": 151.59,
      "formats": [
        {
          "format": "VBR MP3",
          "filename": "gd69-01-25d2t04.mp3",
          "bitrate": "184"
        },
        {
          "format": "Shorten",
          "filename": "gd69-01-25d2t04.shn"
        }
      ]
    },
    {
      "track": "10",
      "title": "Drums",
      "duration": 73.46,
      "formats": [
        {
          "format": "VBR MP3",
          "filename": "gd69-01-25d2t05.mp3",
          "bitrate": "190"
        },
        {
          "format": "Shorten",
          "filename": "gd69-01-25d2t05.shn"
        }
      ]
    },
    {
      "track": "11",
      "title": "Alligator",
      "duration": 128.06,
      "formats": [
        {
          "format": "VBR MP3",
          "filename": "gd69-01-25d2t06.mp3",
          "bitrate": "187"
        },
        {
          "format": "Shorten",
          "filename": "gd69-01-25d2t06.shn"
        }
      ]
    },
    {
      "track": "12",
      "title": "Caution (Do Not Stop On Tracks)",
      "duration": 237.65,
      "formats": [
        {
          "format": "VBR MP3",
          "filename": "gd69-01-25d2t07.mp3",
          "bitrate": "185"
        },
        {
          "format": "Shorten",
          "filename": "gd69-01-25d2t07.shn"
        }
      ]
    },
    {
      "track": "13",
      "title": "Feedback",
      "duration": 124.11,
      "formats": [
        {
          "format": "VBR MP3",
          "filename": "gd69-01-25d2t08.mp3",
          "bitrate": "176"
        },
        {
          "format": "Shorten",
          "filename": "gd69-01-25d2t08.shn"
        }
      ]
    },
    {
      "track": "14",
      "title": "And We Bid You Good Night",
      "duration": 76.24,
      "formats": [
        {
          "format": "VBR MP3",
          "filename": "gd69-01-25d2t09.mp3",
          "bitrate": "174"
        },
        {
          "format": "Shorten",
          "filename": "gd69-01-25d2t09.shn"
        }
      ]
    }
  ]
}