{
  "rating": 2.5,
  "review_count": 30,
  "source_type": "UNKNOWN",
  "confidence": 1.0,
  "date": "1969-02-27",
  "venue": "Fillmore West",
  "location": "San Francisco, CA",
  "raw_rating": 5.0,
  "high_ratings": 30,
  "low_ratings": 0,
  "tracks": [
    {
      "track": "1",
      "title": "Bill Graham Intro >",
      "duration": 4.88,
      "formats": [
        {
          "format": "VBR MP3",
          "filename": "gd69-02-27d1t01.mp3",
          "bitrate": "179"
        },
        {
          "format": "Shorten",
          "filename": "gd69-02-27d1t01.shn"
        }
      ]
    },
    {
      "track": "2",
      "title": "Good Morning Little School Girl",
      "duration": 308.41,
      "formats": [
        {
          "format": "VBR MP3",
          "filename": "gd69-02-27d1t02.mp3",
          "bitrate": "172"
        },
        {
          "format": "Shorten",
          "filename": "gd69-02-27d1t02.shn"
        }
      ]
    },
    {
      "track": "3",
      "title": "Tuning >",
      "duration": 56.06,
      "formats": [
        {
          "format": "VBR MP3",
          "filename": "gd69-02-27d1t03.mp3",
          "bitrate": "173"
        },
        {
          "format": "Shorten",
          "filename": "gd69-02-27d1t03.shn"
        }
      ]
    },
    {
      "track": "4",
      "title": "Doin' That Rag",
      "duration": 227.38,
      "formats": [
        {
          "format": "VBR MP3",
          "filename": "gd69-02-27d1t04.mp3",
          "bitrate": "174"
        },
        {
          "format": "Shorten",
          "filename": "gd69-02-27d1t04.shn"
        }
      ]
    },
    {
      "track": "6",
      "title": "Cryptical Envelopment >",
      "duration": 65.8,
      "formats": [
        {
          "format": "VBR MP3",
          "filename": "gd69-02-27d1t06.mp3",
          "bitrate": "172"
        },
        {
          "format": "Shorten",
          "filename": "gd69-02-27d1t06.shn"
        }
      ]
    },
    {
      "track": "7",
      "title": "Drums >",
      "duration": 5.38,
      "formats": [
        {
          "format": "VBR MP3",
          "filename": "gd69-02-27d1t07.mp3",
          "bitrate": "173"
        },
        {
          "format": "Shorten",
          "filename": "gd69-02-27d1t07.shn"
        }
      ]
    },
    {
      "track": "8",
      "title": "That's it for the Other One >",
      "duration": 334.31,
      "formats": [
        {
          "format": "VBR MP3",
          "filename": "gd69-02-27d1t08.mp3",
          "bitrate": "182"
        },
        {
          "format": "Shorten",
          "filename": "gd69-02-27d1t08.shn"
        }
      ]
    },
    {
      "track": "9",
      "title": "Cryptical Envelopment",
      "duration": 316.13,
      "formats": [
        {
          "format": "VBR MP3",
          "filename": "gd69-02-27d1t09.mp3",
          "bitrate": "181"
        },
        {
          "format": "Shorten",
          "filename": "gd69-02-27d1t09.shn"
        }
      ]
    },
    {
      "track": "10",
      "title": "Stage Banter",
      "duration": 18.98,
      "formats": [
        {
          "format": "VBR MP3",
          "filename": "gd69-02-27d1t10.mp3",
          "bitrate": "163"
        },
        {
          "format": "Shorten",
          "filename": "gd69-02-27d1t10.shn"
        }
      ]
    },
    {
      "track": "11",
      "title": "Dupree's Diamond Blues",
      "duration": 135.23,
      "formats": [
        {
          "format": "VBR MP3",
          "filename": "gd69-02-27d2t01.mp3",
          "bitrate": "179"
        },
        {
          "format": "Shorten",
          "filename": "gd69-02-27d2t01.shn"
        }
      ]
    },
    {
      "track": "12",
      "title": "Mountains of the Moon >",
      "duration": 126.08,
      "formats": [
        {
          "format": "VBR MP3",
          "filename": "gd69-02-27d2t02.mp3",
          "bitrate": "174"
        },
        {
          "format": "Shorten",
          "filename": "gd69-02-27d2t02.shn"
        }
      ]
    },
    {
      "track": "13",
      "title": "Prelude >",
      "duration": 37.73,
      "formats": [
        {
          "format": "VBR MP3",
          "filename": "gd69-02-27d2t03.mp3",
          "bitrate": "178"
        },
        {
          "format": "Shorten",
          "filename": "gd69-02-27d2t03.shn"
        }
      ]
    },
    {
      "track": "14",
      "title": "Dark Star >",
      "duration": 681.98,
      "formats": [
        {
          "format": "VBR MP3",
          "filename": "gd69-02-27d2t04.mp3",
          "bitrate": "188"
        },
        {
          "format": "Shorten",
          "filename": "gd69-02-27d2t04.shn"
        }
      ]
    },
    {
      "track": "15",
      "title": "Saint Stephen >",
      "duration": 175.99,
      "formats": [
        {
          "format": "VBR MP3",
          "filename": "gd69-02-27d2t05.mp3",
          "bitrate": "181"
        },
        {
          "format": "Shorten",
          "filename": "gd69-02-27d2t05.shn"
        }
      ]
    },
    {
      "track": "16",
      "title": "William Tell >",
      "duration": 35.78,
      "formats": [
        {
          "format": "VBR MP3",
          "filename": "gd69-02-27d2t06.mp3",
          "bitrate": "180"
        },
        {
          "format": "Shorten",
          "filename": "gd69-02-27d2t06.shn"
        }
      ]
    },
    {
      "track": "17",
      "title": "The Eleven >",
      "duration": 544.78,
      "formats": [
        {
          "format": "VBR MP3",
          "filename": "gd69-02-27d2t07.mp3",
          "bitrate": "190"
        },
        {
          "format": "Shorten",
          "filename": "gd69-02-27d2t07.shn"
        }
      ]
    },
    {
      "track": "18",
      "title": "Turn On Your Love Light",
      "duration": 643.88,
      "formats": [
        {
          "format": "VBR MP3",
          "filename": "gd69-02-27d2t08.mp3",
          "bitrate": "188"
        },
        {
          "format": "Shorten",
          "filename": "gd69-02-27d2t08.shn"
        }
      ]
    },
    {
      "track": "19",
      "title": "Cosmic Charlie",
      "duration": 215.12,
      "formats": [
        {
          "format": "VBR MP3",
          "filename": "gd69-02-27d2t09.mp3",
          "bitrate": "180"
        },
        {
          "format": "Shorten",
          "filename": "gd69-02-27d2t09.shn"
        }
      ]
    }
  ]
}