{
  "rating": 2.340909090909091,
  "review_count": 22,
  "source_type": "UNKNOWN",
  "confidence": 1.0,
  "date": "1969-07-07",
  "venue": "Piedmont Park",
  "location": "Atlanta, GA",
  "raw_rating": 4.681818181818182,
  "high_ratings": 20,
  "low_ratings": 0,
  "tracks": [
    {
      "track": "1",
      "title": "Morning Dew",
      "duration": 381.56,
      "formats": [
        {
          "format": "VBR MP3",
          "filename": "gd69-07-07d1t01.mp3",
          "bitrate": "177"
        },
        {
          "format": "Shorten",
          "filename": "gd69-07-07d1t01.shn"
        }
      ]
    },
    {
      "track": "2",
      "title": "Mama Tried",
      "duration": 121.05,
      "formats": [
        {
          "format": "VBR MP3",
          "filename": "gd69-07-07d1t02.mp3",
          "bitrate": "177"
        },
        {
          "format": "Shorten",
          "filename": "gd69-07-07d1t02.shn"
        }
      ]
    },
    {
      "track": "3",
      "title": "High Time",
      "duration": 202.01,
      "formats": [
        {
          "format": "VBR MP3",
          "filename": "gd69-07-07d1t03.mp3",
          "bitrate": "175"
        },
        {
          "format": "Shorten",
          "filename": "gd69-07-07d1t03.shn"
        }
      ]
    },
    {
      "track": "4",
      "title": "Casey Jones",
      "duration": 314.91,
      "formats": [
        {
          "format": "VBR MP3",
          "filename": "gd69-07-07d1t04.mp3",
          "bitrate": "179"
        },
        {
          "format": "Shorten",
          "filename": "gd69-07-07d1t04.shn"
        }
      ]
    },
    {
      "track": "5",
      "title": "Dark Star",
      "duration": 941.59,
      "formats": [
        {
          "format": "VBR MP3",
          "filename": "gd69-07-07d1t05.mp3",
          "bitrate": "176"
        },
        {
          "format": "Shorten",
          "filename": "gd69-07-07d1t05.shn"
        }
      ]
    },
    {
      "track": "6",
      "title": "Saint Stephen",
      "duration": 218.37,
      "formats": [
        {
          "format": "VBR MP3",
          "filename": "gd69-07-07d2t01.mp3",
          "bitrate": "178"
        },
        {
          "format": "Shorten",
          "filename": "gd69-07-07d2t01.shn"
        }
      ]
    },
    {
      "track": "7",
      "title": "The Eleven",
      "duration": 541.53,
      "formats": [
        {
          "format": "VBR MP3",
          "filename": "gd69-07-07d2t02.mp3",
          "bitrate": "179"
        },
        {
          "format": "Shorten",
          "filename": "gd69-07-07d2t02.shn"
        }
      ]
    },
    {
      "track": "8",
      "title": "Turn On Your Lovelight",
      "duration": 1372.25,
      "formats": [
        {
          "format": "VBR MP3",
          "filename": "gd69-07-07d2t03.mp3",
          "bitrate": "181"
        },
        {
          "format": "Shorten",
          "filename": "gd69-07-07d2t03.shn"
        }
      ]
    }
  ]
}