{
  "rating": 1.5833333333333333,
  "review_count": 6,
  "source_type": "UNKNOWN",
  "confidence": 1.0,
  "date": "1969-06-22",
  "venue": "Central Park",
  "location": "NYC, NY",
  "raw_rating": 3.1666666666666665,
  "high_ratings": 3,
  "low_ratings": 2,
  "tracks": [
    {
      "track": "1",
      "title": "Dancin' in the Streets",
      "duration": 679.1,
      "formats": [
        {
          "format": "VBR MP3",
          "filename": "gd69-06-22d1t01.mp3",
          "bitrate": "193"
        },
        {
          "format": "Shorten",
          "filename": "gd69-06-22d1t01.shn"
        }
      ]
    },
    {
      "track": "2",
      "title": "Casey Jones",
      "duration": 477.5,
      "formats": [
        {
          "format": "VBR MP3",
          "filename": "gd69-06-22d1t02.mp3",
          "bitrate": "185"
        },
        {
          "format": "Shorten",
          "filename": "gd69-06-22d1t02.shn"
        }
      ]
    },
    {
      "track": "3",
      "title": "Hard to Handle",
      "duration": 219.2,
      "formats": [
        {
          "format": "VBR MP3",
          "filename": "gd69-06-22d1t03.mp3",
          "bitrate": "186"
        },
        {
          "format": "Shorten",
          "filename": "gd69-06-22d1t03.shn"
        }
      ]
    },
    {
      "track": "4",
      "title": "Sitting on Top of the World",
      "duration": 222.1,
      "formats": [
        {
          "format": "VBR MP3",
          "filename": "gd69-06-22d1t04.mp3",
          "bitrate": "180"
        },
        {
          "format": "Shorten",
          "filename": "gd69-06-22d1t04.shn"
        }
      ]
    },
    {
      "track": "5",
      "title": "Silver Threads and Golden Needles",
      "duration": 204.4,
      "formats": [
        {
          "format": "VBR MP3",
          "filename": "gd69-06-22d1t05.mp3",
          "bitrate": "180"
        },
        {
          "format": "Shorten",
          "filename": "gd69-06-22d1t05.shn"
        }
      ]
    },
    {
      "track": "6",
      "title": "Me and My Uncle",
      "duration": 186.6,
      "formats": [
        {
          "format": "VBR MP3",
          "filename": "gd69-06-22d1t06.mp3",
          "bitrate": "179"
        },
        {
          "format": "Shorten",
          "filename": "gd69-06-22d1t06.shn"
        }
      ]
    },
    {
      "track": "7",
      "title": "Dark Star",
      "duration": 686.1,
      "formats": [
        {
          "format": "VBR MP3",
          "filename": "gd69-06-22d2t01.mp3",
          "bitrate": "174"
        },
        {
          "format": "Shorten",
          "filename": "gd69-06-22d2t01.shn"
        }
      ]
    },
    {
      "track": "8",
      "title": "The Other One",
      "duration": 672.7,
      "formats": [
        {
          "format": "VBR MP3",
          "filename": "gd69-06-22d2t02.mp3",
          "bitrate": "179"
        },
        {
          "format": "Shorten",
          "filename": "gd69-06-22d2t02.shn"
        }
      ]
    },
    {
      "track": "9",
      "title": "Saint Stephen",
      "duration": 133.3,
      "formats": [
        {
          "format": "VBR MP3",
          "filename": "gd69-06-22d2t03.mp3",
          "bitrate": "185"
        },
        {
          "format": "Shorten",
          "filename": "gd69-06-22d2t03.shn"
        }
      ]
    },
    {
      "track": "10",
      "title": "It's a Sin",
      "duration": 283.1,
      "formats": [
        {
          "format": "VBR MP3",
          "filename": "gd69-06-22d2t04.mp3",
          "bitrate": "182"
        },
        {
          "format": "Shorten",
          "filename": "gd69-06-22d2t04.shn"
        }
      ]
    },
    {
      "track": "11",
      "title": "Turn On Your Lovelight",
      "duration": 1353.6,
      "formats": [
        {
          "format": "VBR MP3",
          "filename": "gd69-06-22d2t05.mp3",
          "bitrate": "180"
        },
        {
          "format": "Shorten",
          "filename": "gd69-06-22d2t05.shn"
        }
      ]
    },
    {
      "track": "12",
      "title": "Dancin' in the Streets",
      "duration": 817.5,
      "formats": [
        {
          "format": "VBR MP3",
          "filename": "gd69-06-22d2t06.mp3",
          "bitrate": "185"
        },
        {
          "format": "Shorten",
          "filename": "gd69-06-22d2t06.shn"
        }
      ]
    },
    {
      "track": "13",
      "title": "Casey Jones",
      "duration": 532.1,
      "formats": [
        {
          "format": "VBR MP3",
          "filename": "gd69-06-22d2t07.mp3",
          "bitrate": "183"
        },
        {
          "format": "Shorten",
          "filename": "gd69-06-22d2t07.shn"
        }
      ]
    }
  ]
}