{
  "rating": 3.0625,
  "review_count": 16,
  "source_type": "AUD",
  "confidence": 1.0,
  "date": "1969-02-06",
  "venue": "Kiel Auditorium",
  "location": "St. Louis, MO",
  "raw_rating": 4.375,
  "high_ratings": 14,
  "low_ratings": 0,
  "tracks": [
    {
      "track": "1",
      "title": "Morning Dew",
      "duration": 307.66,
      "formats": [
        {
          "format": "VBR MP3",
          "filename": "gd69-02-06d1t01.mp3",
          "bitrate": "177"
        },
        {
          "format": "Shorten",
          "filename": "gd69-02-06d1t01.shn"
        }
      ]
    },
    {
      "track": "2",
      "title": "Dark Star",
      "duration": 429.4,
      "formats": [
        {
          "format": "VBR MP3",
          "filename": "gd69-02-06d1t02.mp3",
          "bitrate": "177"
        },
        {
          "format": "Shorten",
          "filename": "gd69-02-06d1t02.shn"
        }
      ]
    },
    {
      "track": "3",
      "title": "Saint Stephen",
      "duration": 196.65,
      "formats": [
        {
          "format": "VBR MP3",
          "filename": "gd69-02-06d1t03.mp3",
          "bitrate": "184"
        },
        {
          "format": "Shorten",
          "filename": "gd69-02-06d1t03.shn"
        }
      ]
    },
    {
      "track": "4",
      "title": "The Eleven",
      "duration": 343.25,
      "formats": [
        {
          "format": "VBR MP3",
          "filename": "gd69-02-06d1t04.mp3",
          "bitrate": "185"
        },
        {
          "format": "Shorten",
          "filename": "gd69-02-06d1t04.shn"
        }
      ]
    },
    {
      "track": "5",
      "title": "Turn on Your Lovelight",
      "duration": 698.7,
      "formats": [
        {
          "format": "VBR MP3",
          "filename": "gd69-02-06d1t05.mp3",
          "bitrate": "180"
        },
        {
          "format": "Shorten",
          "filename": "gd69-02-06d1t05.shn"
        }
      ]
    },
    {
      "track": "6",
      "title": "Cryptical Envelopment",
      "duration": 66.3,
      "formats": [
        {
          "format": "VBR MP3",
          "filename": "gd69-02-06d2t01.mp3",
          "bitrate": "175"
        },
        {
          "format": "Shorten",
          "filename": "gd69-02-06d2t01.shn"
        }
      ]
    },
    {
      "track": "7",
      "title": "The Other One",
      "duration": 252.5,
      "formats": [
        {
          "format": "VBR MP3",
          "filename": "gd69-02-06d2t02.mp3",
          "bitrate": "180"
        },
        {
          "format": "Shorten",
          "filename": "gd69-02-06d2t02.shn"
        }
      ]
    },
    {
      "track": "8",
      "title": "Cryptical Envelopment",
      "duration": 259.45,
      "formats": [
        {
          "format": "VBR MP3",
          "filename": "gd69-02-06d2t03.mp3",
          "bitrate": "177"
        },
        {
          "format": "Shorten",
          "filename": "gd69-02-06d2t03.shn"
        }
      ]
    },
    {
      "track": "9",
      "title": "Feedback",
      "duration": 147.01,
      "formats": [
        {
          "format": "VBR MP3",
          "filename": "gd69-02-06d2t04.mp3",
          "bitrate": "177"
        },
        {
          "format": "Shorten",
          "filename": "gd69-02-06d2t04.shn"
        }
      ]
    },
    {
      "track": "10",
      "title": "We Bid You Goodnight",
      "duration": 77.94,
      "formats": [
        {
          "format": "VBR MP3",
          "filename": "gd69-02-06d2t05.mp3",
          "bitrate": "193"
        },
        {
          "format": "Shorten",
          "filename": "gd69-02-06d2t05.shn"
        }
      ]
    }
  ]
}