{
  "rating": 2.3461538461538463,
  "review_count": 13,
  "source_type": "UNKNOWN",
  "confidence": 1.0,
  "date": "1969-03-28",
  "venue": "Student Center, Modesto Jr. College",
  "location": "Modesto, CA",
  "raw_rating": 4.6923076923076925,
  "high_ratings": 13,
  "low_ratings": 0,
  "tracks": [
    {
      "track": "1",
      "title": "Good Morning Little Schoolgirl",
      "duration": 312.82,
      "formats": [
        {
          "format": "VBR MP3",
          "filename": "3-28-69d1t1.mp3",
          "bitrate": "179"
        },
        {
          "format": "Shorten",
          "filename": "3-28-69d1t1.shn"
        }
      ]
    },
    {
      "track": "2",
      "title": "Dark Star",
      "duration": 678.83,
      "formats": [
        {
          "format": "VBR MP3",
          "filename": "3-28-69d1t2.mp3",
          "bitrate": "179"
        },
        {
          "format": "Shorten",
          "filename": "3-28-69d1t2.shn"
        }
      ]
    },
    {
      "track": "3",
      "title": "Saint Stephen",
      "duration": 234.97,
      "formats": [
        {
          "format": "VBR MP3",
          "filename": "3-28-69d1t3.mp3",
          "bitrate": "178"
        },
        {
          "format": "Shorten",
          "filename": "3-28-69d1t3.shn"
        }
      ]
    },
    {
      "track": "4",
      "title": "The Eleven",
      "duration": 465.08,
      "formats": [
        {
          "format": "VBR MP3",
          "filename": "3-28-69d1t4.mp3",
          "bitrate": "179"
        },
        {
          "format": "Shorten",
          "filename": "3-28-69d1t4.shn"
        }
      ]
    },
    {
      "track": "5",
      "title": "Death Don't Have No Mercy",
      "duration": 272.93,
      "formats": [
        {
          "format": "VBR MP3",
          "filename": "3-28-69d1t5.mp3",
          "bitrate": "176"
        },
        {
          "format": "Shorten",
          "filename": "3-28-69d1t5.shn"
        }
      ]
    },
    {
      "track": "6",
      "title": "Turn On Your Lovelight",
      "duration": 778.48,
      "formats": [
        {
          "format": "VBR MP3",
          "filename": "3-28-69d2t1.mp3",
          "bitrate": "180"
        },
        {
          "format": "Shorten",
          "filename": "3-28-69d2t1.shn"
        }
      ]
    },
    {
      "track": "7",
      "title": "Cryptical Envelopment",
      "duration": 68.38,
      "formats": [
        {
          "format": "VBR MP3",
          "filename": "3-28-69d2t2.mp3",
          "bitrate": "180"
        },
        {
          "format": "Shorten",
          "filename": "3-28-69d2t2.shn"
        }
      ]
    },
    {
      "track": "8",
      "title": "The Other One",
      "duration": 280.11,
      "formats": [
        {
          "format": "VBR MP3",
          "filename": "3-28-69d2t3.mp3",
          "bitrate": "184"
        },
        {
          "format": "Shorten",
          "filename": "3-28-69d2t3.shn"
        }
      ]
    },
    {
      "track": "9",
      "title": "Cryptical Envelopment",
      "duration": 332.75,
      "formats": [
        {
          "format": "VBR MP3",
          "filename": "3-28-69d2t4.mp3",
          "bitrate": "179"
        },
        {
          "format": "Shorten",
          "filename": "3-28-69d2t4.shn"
        }
      ]
    }
  ]
}