{
  "rating": 2.25,
  "review_count": 16,
  "source_type": "UNKNOWN",
  "confidence": 1.0,
  "date": "1969-04-23",
  "venue": "The Ark",
  "location": "Boston, MA",
  "raw_rating": 4.5,
  "high_ratings": 16,
  "low_ratings": 0,
  "tracks": [
    {
      "track": "1",
      "title": "Intro",
      "duration": 18.46,
      "formats": [
        {
          "format": "VBR MP3",
          "filename": "gd69-04-23d1t01new.mp3",
          "bitrate": "181"
        },
        {
          "format": "Shorten",
          "filename": "gd69-04-23d1t01new.shn"
        }
      ]
    },
    {
      "track": "2",
      "title": "He Was A Friend of Mine",
      "duration": 347.48,
      "formats": [
        {
          "format": "VBR MP3",
          "filename": "gd69-04-23d1t02new.mp3",
          "bitrate": "182"
        },
        {
          "format": "Shorten",
          "filename": "gd69-04-23d1t02new.shn"
        }
      ]
    },
    {
      "track": "3",
      "title": "Tuning",
      "duration": 17.72,
      "formats": [
        {
          "format": "VBR MP3",
          "filename": "gd69-04-23d1t03new.mp3",
          "bitrate": "180"
        },
        {
          "format": "Shorten",
          "filename": "gd69-04-23d1t03new.shn"
        }
      ]
    },
    {
      "track": "4",
      "title": "Dark Star",
      "duration": 689.13,
      "formats": [
        {
          "format": "VBR MP3",
          "filename": "gd69-04-23d1t04new.mp3",
          "bitrate": "184"
        },
        {
          "format": "Shorten",
          "filename": "gd69-04-23d1t04new.shn"
        }
      ]
    },
    {
      "track": "5",
      "title": "Saint Stephen > It's A Sin > Saint Stephen",
      "duration": 207.15,
      "formats": [
        {
          "format": "VBR MP3",
          "filename": "gd69-04-23d1t05new.mp3",
          "bitrate": "187"
        },
        {
          "format": "Shorten",
          "filename": "gd69-04-23d1t05new.shn"
        }
      ]
    },
    {
      "track": "6",
      "title": "Cryptical Envelopment",
      "duration": 60.51,
      "formats": [
        {
          "format": "VBR MP3",
          "filename": "gd69-04-23d1t06new.mp3",
          "bitrate": "182"
        },
        {
          "format": "Shorten",
          "filename": "gd69-04-23d1t06new.shn"
        }
      ]
    },
    {
      "track": "7",
      "title": "Drums",
      "duration": 16.09,
      "formats": [
        {
          "format": "VBR MP3",
          "filename": "gd69-04-23d1t07new.mp3",
          "bitrate": "185"
        },
        {
          "format": "Shorten",
          "filename": "gd69-04-23d1t07new.shn"
        }
      ]
    },
    {
      "track": "8",
      "title": "The Other One",
      "duration": 302.86,
      "formats": [
        {
          "format": "VBR MP3",
          "filename": "gd69-04-23d1t08new.mp3",
          "bitrate": "188"
        },
        {
          "format": "Shorten",
          "filename": "gd69-04-23d1t08new.shn"
        }
      ]
    },
    {
      "track": "9",
      "title": "Cryptical Envelopment",
      "duration": 222.78,
      "formats": [
        {
          "format": "VBR MP3",
          "filename": "gd69-04-23d1t09new.mp3",
          "bitrate": "184"
        },
        {
          "format": "Shorten",
          "filename": "gd69-04-23d1t09new.shn"
        }
      ]
    },
    {
      "track": "10",
      "title": "Sittin' On top of the World",
      "duration": 105.65,
      "formats": [
        {
          "format": "VBR MP3",
          "filename": "gd69-04-23d1t10new.mp3",
          "bitrate": "188"
        },
        {
          "format": "Shorten",
          "filename": "gd69-04-23d1t10new.shn"
        }
      ]
    },
    {
      "track": "11",
      "title": "Turn On Your Lovelight",
      "duration": 624.67,
      "formats": [
        {
          "format": "VBR MP3",
          "filename": "gd69-04-23d1t11new.mp3",
          "bitrate": "185"
        },
        {
          "format": "Shorten",
          "filename": "gd69-04-23d1t11new.shn"
        }
      ]
    },
    {
      "track": "12",
      "title": "We'll Be Back",
      "duration": 7.4,
      "formats": [
        {
          "format": "VBR MP3",
          "filename": "gd69-04-23d1t12new.mp3",
          "bitrate": "175"
        },
        {
          "format": "Shorten",
          "filename": "gd69-04-23d1t12new.shn"
        }
      ]
    },
    {
      "track": "13",
      "title": "Morning Dew",
      "duration": 328.85,
      "formats": [
        {
          "format": "VBR MP3",
          "filename": "gd69-04-23d2t01new.mp3",
          "bitrate": "185"
        },
        {
          "format": "Shorten",
          "filename": "gd69-04-23d2t01new.shn"
        }
      ]
    },
    {
      "track": "14",
      "title": "Tuning",
      "duration": 21.66,
      "formats": [
        {
          "format": "VBR MP3",
          "filename": "gd69-04-23d2t02new.mp3",
          "bitrate": "180"
        },
        {
          "format": "Shorten",
          "filename": "gd69-04-23d2t02new.shn"
        }
      ]
    },
    {
      "track": "15",
      "title": "Hard To Handle",
      "duration": 219.98,
      "formats": [
        {
          "format": "VBR MP3",
          "filename": "gd69-04-23d2t03new.mp3",
          "bitrate": "189"
        },
        {
          "format": "Shorten",
          "filename": "gd69-04-23d2t03new.shn"
        }
      ]
    },
    {
      "track": "16",
      "title": "Tuning",
      "duration": 8.39,
      "formats": [
        {
          "format": "VBR MP3",
          "filename": "gd69-04-23d2t04new.mp3",
          "bitrate": "183"
        },
        {
          "format": "Shorten",
          "filename": "gd69-04-23d2t04new.shn"
        }
      ]
    },
    {
      "track": "17",
      "title": "Doin' That Rag",
      "duration": 237.35,
      "formats": [
        {
          "format": "VBR MP3",
          "filename": "gd69-04-23d2t05new.mp3",
          "bitrate": "187"
        },
        {
          "format": "Shorten",
          "filename": "gd69-04-23d2t05new.shn"
        }
      ]
    },
    {
      "track": "18",
      "title": "Tuning",
      "duration": 10.98,
      "formats": [
        {
          "format": "VBR MP3",
          "filename": "gd69-04-23d2t06new.mp3",
          "bitrate": "185"
        },
        {
          "format": "Shorten",
          "filename": "gd69-04-23d2t06new.shn"
        }
      ]
    },
    {
      "track": "19",
      "title": "Alligator",
      "duration": 131.36,
      "formats": [
        {
          "format": "VBR MP3",
          "filename": "gd69-04-23d2t07new.mp3",
          "bitrate": "189"
        },
        {
          "format": "Shorten",
          "filename": "gd69-04-23d2t07new.shn"
        }
      ]
    },
    {
      "track": "20",
      "title": "Drums",
      "duration": 139.27,
      "formats": [
        {
          "format": "VBR MP3",
          "filename": "gd69-04-23d2t08new.mp3",
          "bitrate": "194"
        },
        {
          "format": "Shorten",
          "filename": "gd69-04-23d2t08new.shn"
        }
      ]
    },
    {
      "track": "21",
      "title": "Drums",
      "duration": 17.23,
      "formats": [
        {
          "format": "VBR MP3",
          "filename": "gd69-04-23d3t01new.mp3",
          "bitrate": "188"
        },
        {
          "format": "Shorten",
          "filename": "gd69-04-23d3t01new.shn"
        }
      ]
    },
    {
      "track": "22",
      "title": "Jam",
      "duration": 120.07,
      "formats": [
        {
          "format": "VBR MP3",
          "filename": "gd69-04-23d3t02new.mp3",
          "bitrate": "193"
        },
        {
          "format": "Shorten",
          "filename": "gd69-04-23d3t02new.shn"
        }
      ]
    },
    {
      "track": "23",
      "title": "The Eleven Jam",
      "duration": 327.08,
      "formats": [
        {
          "format": "VBR MP3",
          "filename": "gd69-04-23d3t03new.mp3",
          "bitrate": "187"
        },
        {
          "format": "Shorten",
          "filename": "gd69-04-23d3t03new.shn"
        }
      ]
    },
    {
      "track": "24",
      "title": "Jam",
      "duration": 277.96,
      "formats": [
        {
          "format": "VBR MP3",
          "filename": "gd69-04-23d3t04new.mp3",
          "bitrate": "186"
        },
        {
          "format": "Shorten",
          "filename": "gd69-04-23d3t04new.shn"
        }
      ]
    },
    {
      "track": "25",
      "title": "Caution (Do Not Step on Tracks) > Feedback",
      "duration": 529.78,
      "formats": [
        {
          "format": "VBR MP3",
          "filename": "gd69-04-23d3t05new.mp3",
          "bitrate": "186"
        },
        {
          "format": "Shorten",
          "filename": "gd69-04-23d3t05new.shn"
        }
      ]
    },
    {
      "track": "26",
      "title": "And We Bid You Good Night",
      "duration": 202.77,
      "formats": [
        {
          "format": "VBR MP3",
          "filename": "gd69-04-23d3t06new.mp3",
          "bitrate": "176"
        },
        {
          "format": "Shorten",
          "filename": "gd69-04-23d3t06new.shn"
        }
      ]
    },
    {
      "track": "27",
      "title": "Not Fade Away Tease",
      "duration": 55.35,
      "formats": [
        {
          "format": "VBR MP3",
          "filename": "gd69-04-23d3t07new.mp3",
          "bitrate": "182"
        },
        {
          "format": "Shorten",
          "filename": "gd69-04-23d3t07new.shn"
        }
      ]
    },
    {
      "track": "28",
      "title": "It's All Over Now, Baby Blue",
      "duration": 269.97,
      "formats": [
        {
          "format": "VBR MP3",
          "filename": "gd69-04-23d3t08new.mp3",
          "bitrate": "180"
        },
        {
          "format": "Shorten",
          "filename": "gd69-04-23d3t08new.shn"
        }
      ]
    }
  ]
}