{
  "rating": 0.8999999999999999,
  "review_count": 1,
  "source_type": "UNKNOWN",
  "confidence": 0.2,
  "date": "1969-04-15",
  "venue": "The Music Box",
  "location": "Omaha, NE",
  "raw_rating": 3.0,
  "high_ratings": 0,
  "low_ratings": 0,
  "tracks": [
    {
      "track": "1",
      "title": "Morning Dew",
      "duration": 295.19,
      "formats": [
        {
          "format": "VBR MP3",
          "filename": "gd69-04-15d1t01.mp3",
          "bitrate": "186"
        },
        {
          "format": "Shorten",
          "filename": "gd69-04-15d1t01.shn"
        }
      ]
    },
    {
      "track": "2",
      "title": "It Hurts Me Too",
      "duration": 156.15,
      "formats": [
        {
          "format": "VBR MP3",
          "filename": "gd69-04-15d1t02.mp3",
          "bitrate": "186"
        },
        {
          "format": "Shorten",
          "filename": "gd69-04-15d1t02.shn"
        }
      ]
    },
    {
      "track": "3",
      "title": "China Cat Sunflower",
      "duration": 169.89,
      "formats": [
        {
          "format": "VBR MP3",
          "filename": "gd69-04-15d1t03.mp3",
          "bitrate": "202"
        },
        {
          "format": "Shorten",
          "filename": "gd69-04-15d1t03.shn"
        }
      ]
    },
    {
      "track": "4",
      "title": "Doin' That Rag",
      "duration": 204.93,
      "formats": [
        {
          "format": "VBR MP3",
          "filename": "gd69-04-15d1t04.mp3",
          "bitrate": "197"
        },
        {
          "format": "Shorten",
          "filename": "gd69-04-15d1t04.shn"
        }
      ]
    }
  ]
}