{
  "rating": 3.0625,
  "review_count": 8,
  "source_type": "AUD",
  "confidence": 1.0,
  "date": "1969-06-28",
  "venue": "Veterans Auditorium",
  "location": "Santa Rosa, CA",
  "raw_rating": 4.375,
  "high_ratings": 7,
  "low_ratings": 1,
  "tracks": [
    {
      "track": "1",
      "title": "Slewfoot",
      "duration": 152.66,
      "formats": [
        {
          "format": "VBR MP3",
          "filename": "gd69-06-28t01.mp3",
          "bitrate": "191"
        },
        {
          "format": "Shorten",
          "filename": "gd69-06-28t01.shn"
        }
      ]
    },
    {
      "track": "2",
      "title": "Silver Threads and Golden Needles",
      "duration": 138.32,
      "formats": [
        {
          "format": "VBR MP3",
          "filename": "gd69-06-28t02.mp3",
          "bitrate": "189"
        },
        {
          "format": "Shorten",
          "filename": "gd69-06-28t02.shn"
        }
      ]
    },
    {
      "track": "3",
      "title": "Mama Tried",
      "duration": 131.93,
      "formats": [
        {
          "format": "VBR MP3",
          "filename": "gd69-06-28t03.mp3",
          "bitrate": "187"
        },
        {
          "format": "Shorten",
          "filename": "gd69-06-28t03.shn"
        }
      ]
    },
    {
      "track": "4",
      "title": "Me and My Uncle",
      "duration": 138.61,
      "formats": [
        {
          "format": "VBR MP3",
          "filename": "gd69-06-28t04.mp3",
          "bitrate": "188"
        },
        {
          "format": "Shorten",
          "filename": "gd69-06-28t04.shn"
        }
      ]
    },
    {
      "track": "5",
      "title": "Doin' That Rag",
      "duration": 251.19,
      "formats": [
        {
          "format": "VBR MP3",
          "filename": "gd69-06-28t05.mp3",
          "bitrate": "188"
        },
        {
          "format": "Shorten",
          "filename": "gd69-06-28t05.shn"
        }
      ]
    },
    {
      "track": "6",
      "title": "High Time",
      "duration": 191.15,
      "formats": [
        {
          "format": "VBR MP3",
          "filename": "gd69-06-28t06.mp3",
          "bitrate": "184"
        },
        {
          "format": "Shorten",
          "filename": "gd69-06-28t06.shn"
        }
      ]
    },
    {
      "track": "7",
      "title": "King Bee",
      "duration": 263.48,
      "formats": [
        {
          "format": "VBR MP3",
          "filename": "gd69-06-28t07.mp3",
          "bitrate": "185"
        },
        {
          "format": "Shorten",
          "filename": "gd69-06-28t07.shn"
        }
      ]
    },
    {
      "track": "8",
      "title": "Sittin' On Top Of The World",
      "duration": 176.71,
      "formats": [
        {
          "format": "VBR MP3",
          "filename": "gd69-06-28t08.mp3",
          "bitrate": "190"
        },
        {
          "format": "Shorten",
          "filename": "gd69-06-28t08.shn"
        }
      ]
    },
    {
      "track": "9",
      "title": "Turn On Your Lovelight",
      "duration": 975.02,
      "formats": [
        {
          "format": "VBR MP3",
          "filename": "gd69-06-28t09.mp3",
          "bitrate": "183"
        },
        {
          "format": "Shorten",
          "filename": "gd69-06-28t09.shn"
        }
      ]
    }
  ]
}