{
  "rating": 2.2222222222222223,
  "review_count": 27,
  "source_type": "UNKNOWN",
  "confidence": 1.0,
  "date": "1969-02-04",
  "venue": "The Music Box",
  "location": "Omaha, NE",
  "raw_rating": 4.444444444444445,
  "high_ratings": 25,
  "low_ratings": 0,
  "tracks": [
    {
      "track": "1",
      "title": "Good Morning Little Schoolgirl",
      "duration": 358.43,
      "formats": [
        {
          "format": "VBR MP3",
          "filename": "gd69-02-04d1t01.mp3",
          "bitrate": "176"
        },
        {
          "format": "Shorten",
          "filename": "gd69-02-04d1t01.shn"
        }
      ]
    },
    {
      "track": "2",
      "title": "Morning Dew",
      "duration": 351.35,
      "formats": [
        {
          "format": "VBR MP3",
          "filename": "gd69-02-04d1t02.mp3",
          "bitrate": "175"
        },
        {
          "format": "Shorten",
          "filename": "gd69-02-04d1t02.shn"
        }
      ]
    },
    {
      "track": "3",
      "title": "Dark Star",
      "duration": 424.64,
      "formats": [
        {
          "format": "VBR MP3",
          "filename": "gd69-02-04d1t03.mp3",
          "bitrate": "175"
        },
        {
          "format": "Shorten",
          "filename": "gd69-02-04d1t03.shn"
        }
      ]
    },
    {
      "track": "4",
      "title": "Saint Stephen",
      "duration": 172.8,
      "formats": [
        {
          "format": "VBR MP3",
          "filename": "gd69-02-04d1t04.mp3",
          "bitrate": "174"
        },
        {
          "format": "Shorten",
          "filename": "gd69-02-04d1t04.shn"
        }
      ]
    },
    {
      "track": "5",
      "title": "The Eleven",
      "duration": 386.45,
      "formats": [
        {
          "format": "VBR MP3",
          "filename": "gd69-02-04d1t05.mp3",
          "bitrate": "174"
        },
        {
          "format": "Shorten",
          "filename": "gd69-02-04d1t05.shn"
        }
      ]
    },
    {
      "track": "6",
      "title": "Death Don't Have No Mercy",
      "duration": 217.84,
      "formats": [
        {
          "format": "VBR MP3",
          "filename": "gd69-02-04d1t06.mp3",
          "bitrate": "175"
        },
        {
          "format": "Shorten",
          "filename": "gd69-02-04d1t06.shn"
        }
      ]
    },
    {
      "track": "7",
      "title": "Cryptical Envelopment",
      "duration": 68.34,
      "formats": [
        {
          "format": "VBR MP3",
          "filename": "gd69-02-04d2t01.mp3",
          "bitrate": "173"
        },
        {
          "format": "Shorten",
          "filename": "gd69-02-04d2t01.shn"
        }
      ]
    },
    {
      "track": "8",
      "title": "Drums",
      "duration": 6.14,
      "formats": [
        {
          "format": "VBR MP3",
          "filename": "gd69-02-04d2t02.mp3",
          "bitrate": "177"
        },
        {
          "format": "Shorten",
          "filename": "gd69-02-04d2t02.shn"
        }
      ]
    },
    {
      "track": "9",
      "title": "The Other One",
      "duration": 328.01,
      "formats": [
        {
          "format": "VBR MP3",
          "filename": "gd69-02-04d2t03.mp3",
          "bitrate": "177"
        },
        {
          "format": "Shorten",
          "filename": "gd69-02-04d2t03.shn"
        }
      ]
    },
    {
      "track": "10",
      "title": "Alligator",
      "duration": 124.21,
      "formats": [
        {
          "format": "VBR MP3",
          "filename": "gd69-02-04d2t04.mp3",
          "bitrate": "175"
        },
        {
          "format": "Shorten",
          "filename": "gd69-02-04d2t04.shn"
        }
      ]
    },
    {
      "track": "11",
      "title": "Drums",
      "duration": 83.38,
      "formats": [
        {
          "format": "VBR MP3",
          "filename": "gd69-02-04d2t05.mp3",
          "bitrate": "178"
        },
        {
          "format": "Shorten",
          "filename": "gd69-02-04d2t05.shn"
        }
      ]
    },
    {
      "track": "12",
      "title": "Caution (Do Not Step on Tracks)",
      "duration": 544.14,
      "formats": [
        {
          "format": "VBR MP3",
          "filename": "gd69-02-04d2t06.mp3",
          "bitrate": "176"
        },
        {
          "format": "Shorten",
          "filename": "gd69-02-04d2t06.shn"
        }
      ]
    },
    {
      "track": "13",
      "title": "Feedback",
      "duration": 66.8,
      "formats": [
        {
          "format": "VBR MP3",
          "filename": "gd69-02-04d2t07.mp3",
          "bitrate": "181"
        },
        {
          "format": "Shorten",
          "filename": "gd69-02-04d2t07.shn"
        }
      ]
    }
  ]
}