{
  "rating": 2.28125,
  "review_count": 16,
  "source_type": "UNKNOWN",
  "confidence": 1.0,
  "date": "1969-05-23",
  "venue": "Seminole Indian Village",
  "location": "Hollywood, FL",
  "raw_rating": 4.5625,
  "high_ratings": 16,
  "low_ratings": 0,
  "tracks": [
    {
      "track": "1",
      "title": "Hard To Handle",
      "duration": 186.95,
      "formats": [
        {
          "format": "VBR MP3",
          "filename": "gd69-05-23d1t01.mp3",
          "bitrate": "196"
        },
        {
          "format": "Shorten",
          "filename": "gd69-05-23d1t01.shn"
        }
      ]
    },
    {
      "track": "2",
      "title": "Morning Dew",
      "duration": 363.8,
      "formats": [
        {
          "format": "VBR MP3",
          "filename": "gd69-05-23d1t02.mp3",
          "bitrate": "178"
        },
        {
          "format": "Shorten",
          "filename": "gd69-05-23d1t02.shn"
        }
      ]
    },
    {
      "track": "3",
      "title": "Me and My Uncle",
      "duration": 150.44,
      "formats": [
        {
          "format": "VBR MP3",
          "filename": "gd69-05-23d1t03.mp3",
          "bitrate": "180"
        },
        {
          "format": "Shorten",
          "filename": "gd69-05-23d1t03.shn"
        }
      ]
    },
    {
      "track": "4",
      "title": "Dark Star",
      "duration": 710.15,
      "formats": [
        {
          "format": "VBR MP3",
          "filename": "gd69-05-23d2t01.mp3",
          "bitrate": "179"
        },
        {
          "format": "Shorten",
          "filename": "gd69-05-23d2t01.shn"
        }
      ]
    },
    {
      "track": "5",
      "title": "Saint Stephen",
      "duration": 248.15,
      "formats": [
        {
          "format": "VBR MP3",
          "filename": "gd69-05-23d2t02.mp3",
          "bitrate": "178"
        },
        {
          "format": "Shorten",
          "filename": "gd69-05-23d2t02.shn"
        }
      ]
    },
    {
      "track": "6",
      "title": "The Eleven",
      "duration": 482.06,
      "formats": [
        {
          "format": "VBR MP3",
          "filename": "gd69-05-23d2t03.mp3",
          "bitrate": "198"
        },
        {
          "format": "Shorten",
          "filename": "gd69-05-23d2t03.shn"
        }
      ]
    },
    {
      "track": "7",
      "title": "Turn On Your Lovelight",
      "duration": 1143.03,
      "formats": [
        {
          "format": "VBR MP3",
          "filename": "gd69-05-23d2t04.mp3",
          "bitrate": "196"
        },
        {
          "format": "Shorten",
          "filename": "gd69-05-23d2t04.shn"
        }
      ]
    }
  ]
}