{
  "rating": 2.0,
  "review_count": 9,
  "source_type": "UNKNOWN",
  "confidence": 1.0,
  "date": "1969-06-13",
  "venue": "Fresno Convention Center",
  "location": "Fresno, CA",
  "raw_rating": 4.0,
  "high_ratings": 6,
  "low_ratings": 0,
  "tracks": [
    {
      "track": "1",
      "title": "Hard to Handle",
      "duration": 174.95,
      "formats": [
        {
          "format": "VBR MP3",
          "filename": "gd69-06-13d1t01.mp3",
          "bitrate": "196"
        },
        {
          "format": "Shorten",
          "filename": "gd69-06-13d1t01.shn"
        }
      ]
    },
    {
      "track": "2",
      "title": "Yellow Dog Story",
      "duration": 66.42,
      "formats": [
        {
          "format": "VBR MP3",
          "filename": "gd69-06-13d1t02.mp3",
          "bitrate": "185"
        },
        {
          "format": "Shorten",
          "filename": "gd69-06-13d1t02.shn"
        }
      ]
    },
    {
      "track": "3",
      "title": "Me and My Uncle",
      "duration": 110.2,
      "formats": [
        {
          "format": "VBR MP3",
          "filename": "gd69-06-13d1t03.mp3",
          "bitrate": "192"
        },
        {
          "format": "Shorten",
          "filename": "gd69-06-13d1t03.shn"
        }
      ]
    },
    {
      "track": "4",
      "title": "Sitting on Top of the World",
      "duration": 119.78,
      "formats": [
        {
          "format": "VBR MP3",
          "filename": "gd69-06-13d1t04.mp3",
          "bitrate": "193"
        },
        {
          "format": "Shorten",
          "filename": "gd69-06-13d1t04.shn"
        }
      ]
    },
    {
      "track": "5",
      "title": "Beat it on Down the Line",
      "duration": 85.17,
      "formats": [
        {
          "format": "VBR MP3",
          "filename": "gd69-06-13d1t05.mp3",
          "bitrate": "201"
        },
        {
          "format": "Shorten",
          "filename": "gd69-06-13d1t05.shn"
        }
      ]
    },
    {
      "track": "6",
      "title": "Good Morning Little Schoolgirl",
      "duration": 391.18,
      "formats": [
        {
          "format": "VBR MP3",
          "filename": "gd69-06-13d1t06.mp3",
          "bitrate": "196"
        },
        {
          "format": "Shorten",
          "filename": "gd69-06-13d1t06.shn"
        }
      ]
    },
    {
      "track": "7",
      "title": "China Cat Sunflower",
      "duration": 181.24,
      "formats": [
        {
          "format": "VBR MP3",
          "filename": "gd69-06-13d1t07.mp3",
          "bitrate": "198"
        },
        {
          "format": "Shorten",
          "filename": "gd69-06-13d1t07.shn"
        }
      ]
    },
    {
      "track": "8",
      "title": "Morning Dew",
      "duration": 281.21,
      "formats": [
        {
          "format": "VBR MP3",
          "filename": "gd69-06-13d1t08.mp3",
          "bitrate": "191"
        },
        {
          "format": "Shorten",
          "filename": "gd69-06-13d1t08.shn"
        }
      ]
    },
    {
      "track": "9",
      "title": "Saint Stephen",
      "duration": 308.33,
      "formats": [
        {
          "format": "VBR MP3",
          "filename": "gd69-06-13d2t01.mp3",
          "bitrate": "187"
        },
        {
          "format": "Shorten",
          "filename": "gd69-06-13d2t01.shn"
        }
      ]
    },
    {
      "track": "10",
      "title": "The Eleven",
      "duration": 361.53,
      "formats": [
        {
          "format": "VBR MP3",
          "filename": "gd69-06-13d2t02.mp3",
          "bitrate": "187"
        },
        {
          "format": "Shorten",
          "filename": "gd69-06-13d2t02.shn"
        }
      ]
    },
    {
      "track": "11",
      "title": "Turn on Your Lovelight",
      "duration": 637.18,
      "formats": [
        {
          "format": "VBR MP3",
          "filename": "gd69-06-13d2t03.mp3",
          "bitrate": "181"
        },
        {
          "format": "Shorten",
          "filename": "gd69-06-13d2t03.shn"
        }
      ]
    }
  ]
}