{
  "rating": 2.4545454545454546,
  "review_count": 11,
  "source_type": "UNKNOWN",
  "confidence": 1.0,
  "date": "1969-04-27",
  "venue": "Labor Temple",
  "location": "Minneapolis, MN",
  "raw_rating": 4.909090909090909,
  "high_ratings": 11,
  "low_ratings": 0,
  "tracks": [
    {
      "track": "1",
      "title": "Turn On Your Lovelight",
      "duration": 751.43,
      "formats": [
        {
          "format": "VBR MP3",
          "filename": "gd69-04-27d1t01.mp3",
          "bitrate": "185"
        },
        {
          "format": "Shorten",
          "filename": "gd69-04-27d1t01.shn"
        }
      ]
    },
    {
      "track": "2",
      "title": "Me and My Uncle",
      "duration": 151.04,
      "formats": [
        {
          "format": "VBR MP3",
          "filename": "gd69-04-27d1t02.mp3",
          "bitrate": "181"
        },
        {
          "format": "Shorten",
          "filename": "gd69-04-27d1t02.shn"
        }
      ]
    },
    {
      "track": "3",
      "title": "Sittin' On Top Of The World",
      "duration": 131.0,
      "formats": [
        {
          "format": "VBR MP3",
          "filename": "gd69-04-27d1t03.mp3",
          "bitrate": "182"
        },
        {
          "format": "Shorten",
          "filename": "gd69-04-27d1t03.shn"
        }
      ]
    },
    {
      "track": "4",
      "title": "Dark Star",
      "duration": 919.91,
      "formats": [
        {
          "format": "VBR MP3",
          "filename": "gd69-04-27d2t01.mp3",
          "bitrate": "183"
        },
        {
          "format": "Shorten",
          "filename": "gd69-04-27d2t01.shn"
        }
      ]
    },
    {
      "track": "5",
      "title": "Saint Stephen",
      "duration": 246.07,
      "formats": [
        {
          "format": "VBR MP3",
          "filename": "gd69-04-27d2t02.mp3",
          "bitrate": "183"
        },
        {
          "format": "Shorten",
          "filename": "gd69-04-27d2t02.shn"
        }
      ]
    },
    {
      "track": "6",
      "title": "The Eleven",
      "duration": 427.27,
      "formats": [
        {
          "format": "VBR MP3",
          "filename": "gd69-04-27d2t03.mp3",
          "bitrate": "185"
        },
        {
          "format": "Shorten",
          "filename": "gd69-04-27d2t03.shn"
        }
      ]
    },
    {
      "track": "7",
      "title": "Turn On Your Lovelight",
      "duration": 477.64,
      "formats": [
        {
          "format": "VBR MP3",
          "filename": "gd69-04-27d2t04.mp3",
          "bitrate": "183"
        },
        {
          "format": "Shorten",
          "filename": "gd69-04-27d2t04.shn"
        }
      ]
    },
    {
      "track": "8",
      "title": "Morning Dew",
      "duration": 362.69,
      "formats": [
        {
          "format": "VBR MP3",
          "filename": "gd69-04-27d2t05.mp3",
          "bitrate": "181"
        },
        {
          "format": "Shorten",
          "filename": "gd69-04-27d2t05.shn"
        }
      ]
    }
  ]
}