{
  "rating": 3.15,
  "review_count": 10,
  "source_type": "AUD",
  "confidence": 1.0,
  "date": "1969-01-17",
  "venue": "Civic Auditorium",
  "location": "Santa Barbara, CA",
  "raw_rating": 4.5,
  "high_ratings": 9,
  "low_ratings": 0,
  "tracks": [
    {
      "track": "01",
      "title": "Turn On Your Lovelight",
      "duration": 1018.81,
      "formats": [
        {
          "format": "Flac",
          "filename": "gd69-01-17d1t01.flac"
        },
        {
          "format": "VBR MP3",
          "filename": "gd69-01-17d1t01.mp3",
          "bitrate": "177"
        }
      ]
    },
    {
      "track": "02",
      "title": "Dark Star ->",
      "duration": 789.12,
      "formats": [
        {
          "format": "Flac",
          "filename": "gd69-01-17d1t02.flac"
        },
        {
          "format": "VBR MP3",
          "filename": "gd69-01-17d1t02.mp3",
          "bitrate": "173"
        }
      ]
    },
    {
      "track": "03",
      "title": "St. Stephen ->",
      "duration": 274.04,
      "formats": [
        {
          "format": "Flac",
          "filename": "gd69-01-17d1t03.flac"
        },
        {
          "format": "VBR MP3",
          "filename": "gd69-01-17d1t03.mp3",
          "bitrate": "177"
        }
      ]
    },
    {
      "track": "04",
      "title": "The Eleven ->",
      "duration": 754.29,
      "formats": [
        {
          "format": "Flac",
          "filename": "gd69-01-17d1t04.flac"
        },
        {
          "format": "VBR MP3",
          "filename": "gd69-01-17d1t04.mp3",
          "bitrate": "181"
        }
      ]
    },
    {
      "track": "05",
      "title": "Death Don't Have No Mercy",
      "duration": 627.01,
      "formats": [
        {
          "format": "Flac",
          "filename": "gd69-01-17d1t05.flac"
        },
        {
          "format": "VBR MP3",
          "filename": "gd69-01-17d1t05.mp3",
          "bitrate": "176"
        }
      ]
    },
    {
      "track": "06",
      "title": "That's It For The Other One ->",
      "duration": 1107.85,
      "formats": [
        {
          "format": "Flac",
          "filename": "gd69-01-17d2t01.flac"
        },
        {
          "format": "VBR MP3",
          "filename": "gd69-01-17d2t01.mp3",
          "bitrate": "180"
        }
      ]
    },
    {
      "track": "07",
      "title": "Cosmic Charlie",
      "duration": 468.72,
      "formats": [
        {
          "format": "Flac",
          "filename": "gd69-01-17d2t02.flac"
        },
        {
          "format": "VBR MP3",
          "filename": "gd69-01-17d2t02.mp3",
          "bitrate": "175"
        }
      ]
    }
  ]
}