{
  "rating": 2.272727272727273,
  "review_count": 22,
  "source_type": "UNKNOWN",
  "confidence": 1.0,
  "date": "1969-04-20",
  "venue": "Clark University",
  "location": "Worcester, MA",
  "raw_rating": 4.545454545454546,
  "high_ratings": 20,
  "low_ratings": 1,
  "tracks": [
    {
      "track": "1",
      "title": "Tuning",
      "duration": 62.49,
      "formats": [
        {
          "format": "VBR MP3",
          "filename": "gd69-04-20d1t01.mp3",
          "bitrate": "179"
        },
        {
          "format": "Shorten",
          "filename": "gd69-04-20d1t01.shn"
        }
      ]
    },
    {
      "track": "2",
      "title": "Morning Dew",
      "duration": 296.76,
      "formats": [
        {
          "format": "VBR MP3",
          "filename": "gd69-04-20d1t02.mp3",
          "bitrate": "177"
        },
        {
          "format": "Shorten",
          "filename": "gd69-04-20d1t02.shn"
        }
      ]
    },
    {
      "track": "3",
      "title": "Good Morning Little Schoolgirl",
      "duration": 341.53,
      "formats": [
        {
          "format": "VBR MP3",
          "filename": "gd69-04-20d1t03.mp3",
          "bitrate": "178"
        },
        {
          "format": "Shorten",
          "filename": "gd69-04-20d1t03.shn"
        }
      ]
    },
    {
      "track": "4",
      "title": "Doin' That Rag",
      "duration": 198.69,
      "formats": [
        {
          "format": "VBR MP3",
          "filename": "gd69-04-20d1t04.mp3",
          "bitrate": "178"
        },
        {
          "format": "Shorten",
          "filename": "gd69-04-20d1t04.shn"
        }
      ]
    },
    {
      "track": "5",
      "title": "Dark Star",
      "duration": 654.5,
      "formats": [
        {
          "format": "VBR MP3",
          "filename": "gd69-04-20d1t05.mp3",
          "bitrate": "176"
        },
        {
          "format": "Shorten",
          "filename": "gd69-04-20d1t05.shn"
        }
      ]
    },
    {
      "track": "6",
      "title": "Saint Stephen",
      "duration": 198.36,
      "formats": [
        {
          "format": "VBR MP3",
          "filename": "gd69-04-20d1t06.mp3",
          "bitrate": "178"
        },
        {
          "format": "Shorten",
          "filename": "gd69-04-20d1t06.shn"
        }
      ]
    },
    {
      "track": "7",
      "title": "The Eleven",
      "duration": 224.41,
      "formats": [
        {
          "format": "VBR MP3",
          "filename": "gd69-04-20d1t07.mp3",
          "bitrate": "179"
        },
        {
          "format": "Shorten",
          "filename": "gd69-04-20d1t07.shn"
        }
      ]
    },
    {
      "track": "8",
      "title": "Death Don't Have Mercy",
      "duration": 306.17,
      "formats": [
        {
          "format": "VBR MP3",
          "filename": "gd69-04-20d1t08.mp3",
          "bitrate": "177"
        },
        {
          "format": "Shorten",
          "filename": "gd69-04-20d1t08.shn"
        }
      ]
    },
    {
      "track": "9",
      "title": "Turn On Your Lovelight",
      "duration": 732.53,
      "formats": [
        {
          "format": "VBR MP3",
          "filename": "gd69-04-20d2t01.mp3",
          "bitrate": "138"
        },
        {
          "format": "Shorten",
          "filename": "gd69-04-20d2t01.shn"
        }
      ]
    },
    {
      "track": "10",
      "title": "Dupree's Diamond Blues",
      "duration": 129.84,
      "formats": [
        {
          "format": "VBR MP3",
          "filename": "gd69-04-20d2t02.mp3",
          "bitrate": "169"
        },
        {
          "format": "Shorten",
          "filename": "gd69-04-20d2t02.shn"
        }
      ]
    },
    {
      "track": "11",
      "title": "Mountains Of The Moon",
      "duration": 166.63,
      "formats": [
        {
          "format": "VBR MP3",
          "filename": "gd69-04-20d2t03.mp3",
          "bitrate": "174"
        },
        {
          "format": "Shorten",
          "filename": "gd69-04-20d2t03.shn"
        }
      ]
    }
  ]
}