{
  "rating": 2.125,
  "review_count": 12,
  "source_type": "UNKNOWN",
  "confidence": 1.0,
  "date": "1969-04-04",
  "venue": "Avalon Ballroom",
  "location": "San Francisco, CA",
  "raw_rating": 4.25,
  "high_ratings": 8,
  "low_ratings": 0,
  "tracks": [
    {
      "track": "1",
      "title": "Good Morning Little School Girl",
      "duration": 333.67,
      "formats": [
        {
          "format": "VBR MP3",
          "filename": "gd69-04-04d1t01.mp3",
          "bitrate": "177"
        },
        {
          "format": "Shorten",
          "filename": "gd69-04-04d1t01.shn"
        }
      ]
    },
    {
      "track": "2",
      "title": "Doin' That Rag",
      "duration": 200.49,
      "formats": [
        {
          "format": "VBR MP3",
          "filename": "gd69-04-04d1t02.mp3",
          "bitrate": "179"
        },
        {
          "format": "Shorten",
          "filename": "gd69-04-04d1t02.shn"
        }
      ]
    },
    {
      "track": "3",
      "title": "Cryptical Envelopement",
      "duration": 61.61,
      "formats": [
        {
          "format": "VBR MP3",
          "filename": "gd69-04-04d1t03.mp3",
          "bitrate": "177"
        },
        {
          "format": "Shorten",
          "filename": "gd69-04-04d1t03.shn"
        }
      ]
    },
    {
      "track": "4",
      "title": "Drums",
      "duration": 8.47,
      "formats": [
        {
          "format": "VBR MP3",
          "filename": "gd69-04-04d1t04.mp3",
          "bitrate": "186"
        },
        {
          "format": "Shorten",
          "filename": "gd69-04-04d1t04.shn"
        }
      ]
    },
    {
      "track": "5",
      "title": "The Other One",
      "duration": 288.31,
      "formats": [
        {
          "format": "VBR MP3",
          "filename": "gd69-04-04d1t05.mp3",
          "bitrate": "181"
        },
        {
          "format": "Shorten",
          "filename": "gd69-04-04d1t05.shn"
        }
      ]
    },
    {
      "track": "6",
      "title": "Cryptical Envelopement",
      "duration": 274.35,
      "formats": [
        {
          "format": "VBR MP3",
          "filename": "gd69-04-04d1t06.mp3",
          "bitrate": "178"
        },
        {
          "format": "Shorten",
          "filename": "gd69-04-04d1t06.shn"
        }
      ]
    },
    {
      "track": "7",
      "title": "Death Don't Have No Mercy",
      "duration": 230.88,
      "formats": [
        {
          "format": "VBR MP3",
          "filename": "gd69-04-04d1t07.mp3",
          "bitrate": "176"
        },
        {
          "format": "Shorten",
          "filename": "gd69-04-04d1t07.shn"
        }
      ]
    },
    {
      "track": "8",
      "title": "Turn On Your Lovelight",
      "duration": 768.07,
      "formats": [
        {
          "format": "VBR MP3",
          "filename": "gd69-04-04d2t01.mp3",
          "bitrate": "181"
        },
        {
          "format": "Shorten",
          "filename": "gd69-04-04d2t01.shn"
        }
      ]
    },
    {
      "track": "9",
      "title": "Dark Star",
      "duration": 650.36,
      "formats": [
        {
          "format": "VBR MP3",
          "filename": "gd69-04-04d2t02.mp3",
          "bitrate": "180"
        },
        {
          "format": "Shorten",
          "filename": "gd69-04-04d2t02.shn"
        }
      ]
    },
    {
      "track": "10",
      "title": "Saint Stephen",
      "duration": 175.13,
      "formats": [
        {
          "format": "VBR MP3",
          "filename": "gd69-04-04d2t03.mp3",
          "bitrate": "183"
        },
        {
          "format": "Shorten",
          "filename": "gd69-04-04d2t03.shn"
        }
      ]
    },
    {
      "track": "11",
      "title": "The Eleven",
      "duration": 401.96,
      "formats": [
        {
          "format": "VBR MP3",
          "filename": "gd69-04-04d2t04.mp3",
          "bitrate": "187"
        },
        {
          "format": "Shorten",
          "filename": "gd69-04-04d2t04.shn"
        }
      ]
    },
    {
      "track": "12",
      "title": "Feedback",
      "duration": 98.03,
      "formats": [
        {
          "format": "VBR MP3",
          "filename": "gd69-04-04d2t05.mp3",
          "bitrate": "172"
        },
        {
          "format": "Shorten",
          "filename": "gd69-04-04d2t05.shn"
        }
      ]
    }
  ]
}