{
  "rating": 2.372549019607843,
  "review_count": 51,
  "source_type": "UNKNOWN",
  "confidence": 1.0,
  "date": "1969-04-05",
  "venue": "Avalon Ballroom",
  "location": "San Francisco, CA",
  "raw_rating": 4.745098039215686,
  "high_ratings": 50,
  "low_ratings": 0,
  "tracks": [
    {
      "track": "1",
      "title": "Dupree's Diamond Blues",
      "duration": 121.7,
      "formats": [
        {
          "format": "VBR MP3",
          "filename": "gd69-04-05d1t01.mp3",
          "bitrate": "172"
        },
        {
          "format": "192Kbps MP3",
          "filename": "gd69-04-05d1t01.shn"
        }
      ]
    },
    {
      "track": "2",
      "title": "Mountains Of The Moon",
      "duration": 168.51,
      "formats": [
        {
          "format": "VBR MP3",
          "filename": "gd69-04-05d1t02.mp3",
          "bitrate": "168"
        },
        {
          "format": "192Kbps MP3",
          "filename": "gd69-04-05d1t02.shn"
        }
      ]
    },
    {
      "track": "3",
      "title": "Dark Star",
      "duration": 534.33,
      "formats": [
        {
          "format": "VBR MP3",
          "filename": "gd69-04-05d1t03.mp3",
          "bitrate": "179"
        },
        {
          "format": "192Kbps MP3",
          "filename": "gd69-04-05d1t03.shn"
        }
      ]
    },
    {
      "track": "4",
      "title": "Saint Stephen",
      "duration": 173.64,
      "formats": [
        {
          "format": "VBR MP3",
          "filename": "gd69-04-05d1t04.mp3",
          "bitrate": "179"
        },
        {
          "format": "192Kbps MP3",
          "filename": "gd69-04-05d1t04.shn"
        }
      ]
    },
    {
      "track": "5",
      "title": "The Eleven",
      "duration": 36.22,
      "formats": [
        {
          "format": "VBR MP3",
          "filename": "gd69-04-05d1t05.mp3",
          "bitrate": "178"
        },
        {
          "format": "192Kbps MP3",
          "filename": "gd69-04-05d1t05.shn"
        }
      ]
    },
    {
      "track": "6",
      "title": "Turn On Your Lovelight",
      "duration": 491.28,
      "formats": [
        {
          "format": "VBR MP3",
          "filename": "gd69-04-05d1t06.mp3",
          "bitrate": "180"
        },
        {
          "format": "192Kbps MP3",
          "filename": "gd69-04-05d1t06.shn"
        }
      ]
    },
    {
      "track": "7",
      "title": "Hard To Handle",
      "duration": 197.39,
      "formats": [
        {
          "format": "VBR MP3",
          "filename": "gd69-04-05d2t01.mp3",
          "bitrate": "185"
        },
        {
          "format": "192Kbps MP3",
          "filename": "gd69-04-05d2t01.shn"
        }
      ]
    },
    {
      "track": "8",
      "title": "Cosmic Charlie",
      "duration": 242.75,
      "formats": [
        {
          "format": "VBR MP3",
          "filename": "gd69-04-05d2t02.mp3",
          "bitrate": "177"
        },
        {
          "format": "192Kbps MP3",
          "filename": "gd69-04-05d2t02.shn"
        }
      ]
    },
    {
      "track": "9",
      "title": "China Cat Sunflower",
      "duration": 194.01,
      "formats": [
        {
          "format": "VBR MP3",
          "filename": "gd69-04-05d2t03.mp3",
          "bitrate": "188"
        },
        {
          "format": "192Kbps MP3",
          "filename": "gd69-04-05d2t03.shn"
        }
      ]
    },
    {
      "track": "10",
      "title": "Doin' That Rag",
      "duration": 253.86,
      "formats": [
        {
          "format": "VBR MP3",
          "filename": "gd69-04-05d2t04.mp3",
          "bitrate": "184"
        },
        {
          "format": "192Kbps MP3",
          "filename": "gd69-04-05d2t04.shn"
        }
      ]
    },
    {
      "track": "11",
      "title": "Cryptical Envelopment",
      "duration": 58.96,
      "formats": [
        {
          "format": "VBR MP3",
          "filename": "gd69-04-05d2t05.mp3",
          "bitrate": "181"
        },
        {
          "format": "192Kbps MP3",
          "filename": "gd69-04-05d2t05.shn"
        }
      ]
    },
    {
      "track": "12",
      "title": "Drums",
      "duration": 11.07,
      "formats": [
        {
          "format": "VBR MP3",
          "filename": "gd69-04-05d2t06.mp3",
          "bitrate": "188"
        },
        {
          "format": "192Kbps MP3",
          "filename": "gd69-04-05d2t06.shn"
        }
      ]
    },
    {
      "track": "13",
      "title": "The Other One",
      "duration": 313.96,
      "formats": [
        {
          "format": "VBR MP3",
          "filename": "gd69-04-05d2t07.mp3",
          "bitrate": "188"
        },
        {
          "format": "192Kbps MP3",
          "filename": "gd69-04-05d2t07.shn"
        }
      ]
    },
    {
      "track": "14",
      "title": "Cryptical Envelopment",
      "duration": 196.08,
      "formats": [
        {
          "format": "VBR MP3",
          "filename": "gd69-04-05d2t08.mp3",
          "bitrate": "187"
        },
        {
          "format": "192Kbps MP3",
          "filename": "gd69-04-05d2t08.shn"
        }
      ]
    },
    {
      "track": "15",
      "title": "The Eleven",
      "duration": 276.81,
      "formats": [
        {
          "format": "VBR MP3",
          "filename": "gd69-04-05d2t09.mp3",
          "bitrate": "189"
        },
        {
          "format": "192Kbps MP3",
          "filename": "gd69-04-05d2t09.shn"
        }
      ]
    },
    {
      "track": "16",
      "title": "It's A Sin",
      "duration": 156.58,
      "formats": [
        {
          "format": "VBR MP3",
          "filename": "gd69-04-05d2t10.mp3",
          "bitrate": "180"
        },
        {
          "format": "192Kbps MP3",
          "filename": "gd69-04-05d2t10.shn"
        }
      ]
    },
    {
      "track": "17",
      "title": "Alligator",
      "duration": 122.66,
      "formats": [
        {
          "format": "VBR MP3",
          "filename": "gd69-04-05d2t11.mp3",
          "bitrate": "187"
        },
        {
          "format": "192Kbps MP3",
          "filename": "gd69-04-05d2t11.shn"
        }
      ]
    },
    {
      "track": "18",
      "title": "Drums",
      "duration": 126.49,
      "formats": [
        {
          "format": "VBR MP3",
          "filename": "gd69-04-05d2t12.mp3",
          "bitrate": "193"
        },
        {
          "format": "192Kbps MP3",
          "filename": "gd69-04-05d2t12.shn"
        }
      ]
    },
    {
      "track": "19",
      "title": "Feedback ->",
      "duration": 229.29,
      "formats": [
        {
          "format": "VBR MP3",
          "filename": "gd69-04-05d2t13.mp3",
          "bitrate": "183"
        },
        {
          "format": "192Kbps MP3",
          "filename": "gd69-04-05d2t13.shn"
        }
      ]
    },
    {
      "track": "20",
      "title": "And We Bid You Good Night",
      "duration": 83.47,
      "formats": [
        {
          "format": "VBR MP3",
          "filename": "gd69-04-05d2t14.mp3",
          "bitrate": "180"
        },
        {
          "format": "192Kbps MP3",
          "filename": "gd69-04-05d2t14.shn"
        }
      ]
    }
  ]
}