{
  "rating": 1.75,
  "review_count": 12,
  "source_type": "UNKNOWN",
  "confidence": 1.0,
  "date": "1969-05-11",
  "venue": "Aztec Bowl, San Diego State U.",
  "location": "San Diego, CA",
  "raw_rating": 3.5,
  "high_ratings": 6,
  "low_ratings": 3,
  "tracks": [
    {
      "track": "1",
      "title": "Morning Dew",
      "duration": 383.21,
      "formats": [
        {
          "format": "VBR MP3",
          "filename": "gd69-05-11d1t01.mp3",
          "bitrate": "170"
        },
        {
          "format": "Shorten",
          "filename": "gd69-05-11d1t01.shn"
        }
      ]
    },
    {
      "track": "2",
      "title": "Cryptical Envelopment",
      "duration": 72.89,
      "formats": [
        {
          "format": "VBR MP3",
          "filename": "gd69-05-11d1t02.mp3",
          "bitrate": "172"
        },
        {
          "format": "Shorten",
          "filename": "gd69-05-11d1t02.shn"
        }
      ]
    },
    {
      "track": "3",
      "title": "Drums",
      "duration": 27.53,
      "formats": [
        {
          "format": "VBR MP3",
          "filename": "gd69-05-11d1t03.mp3",
          "bitrate": "175"
        },
        {
          "format": "Shorten",
          "filename": "gd69-05-11d1t03.shn"
        }
      ]
    },
    {
      "track": "4",
      "title": "The Other One",
      "duration": 334.91,
      "formats": [
        {
          "format": "VBR MP3",
          "filename": "gd69-05-11d1t04.mp3",
          "bitrate": "172"
        },
        {
          "format": "Shorten",
          "filename": "gd69-05-11d1t04.shn"
        }
      ]
    },
    {
      "track": "5",
      "title": "Cryptical Envelopment",
      "duration": 312.56,
      "formats": [
        {
          "format": "VBR MP3",
          "filename": "gd69-05-11d1t05.mp3",
          "bitrate": "179"
        },
        {
          "format": "Shorten",
          "filename": "gd69-05-11d1t05.shn"
        }
      ]
    },
    {
      "track": "6",
      "title": "Good Morning, Little Schoolgirl",
      "duration": 346.58,
      "formats": [
        {
          "format": "VBR MP3",
          "filename": "gd69-05-11d1t06.mp3",
          "bitrate": "178"
        },
        {
          "format": "Shorten",
          "filename": "gd69-05-11d1t06.shn"
        }
      ]
    },
    {
      "track": "7",
      "title": "Me and My Uncle",
      "duration": 113.09,
      "formats": [
        {
          "format": "VBR MP3",
          "filename": "gd69-05-11d1t07.mp3",
          "bitrate": "178"
        },
        {
          "format": "Shorten",
          "filename": "gd69-05-11d1t07.shn"
        }
      ]
    },
    {
      "track": "8",
      "title": "Alligator",
      "duration": 128.79,
      "formats": [
        {
          "format": "VBR MP3",
          "filename": "gd69-05-11d1t08.mp3",
          "bitrate": "180"
        },
        {
          "format": "Shorten",
          "filename": "gd69-05-11d1t08.shn"
        }
      ]
    },
    {
      "track": "9",
      "title": "Drums",
      "duration": 56.39,
      "formats": [
        {
          "format": "VBR MP3",
          "filename": "gd69-05-11d1t09.mp3",
          "bitrate": "177"
        },
        {
          "format": "Shorten",
          "filename": "gd69-05-11d1t09.shn"
        }
      ]
    },
    {
      "track": "10",
      "title": "Jam",
      "duration": 197.84,
      "formats": [
        {
          "format": "VBR MP3",
          "filename": "gd69-05-11d1t10.mp3",
          "bitrate": "169"
        },
        {
          "format": "Shorten",
          "filename": "gd69-05-11d1t10.shn"
        }
      ]
    },
    {
      "track": "11",
      "title": "Drums",
      "duration": 143.01,
      "formats": [
        {
          "format": "VBR MP3",
          "filename": "gd69-05-11d1t11.mp3",
          "bitrate": "173"
        },
        {
          "format": "Shorten",
          "filename": "gd69-05-11d1t11.shn"
        }
      ]
    },
    {
      "track": "12",
      "title": "Turn On Your Lovelight",
      "duration": 661.94,
      "formats": [
        {
          "format": "VBR MP3",
          "filename": "gd69-05-11d1t12.mp3",
          "bitrate": "172"
        },
        {
          "format": "Shorten",
          "filename": "gd69-05-11d1t12.shn"
        }
      ]
    }
  ]
}