{
  "rating": 1.2000000000000002,
  "review_count": 3,
  "source_type": "UNKNOWN",
  "confidence": 0.6,
  "date": "1969-07-04",
  "venue": "Electric Theater",
  "location": "Chicago, IL",
  "raw_rating": 3.0,
  "high_ratings": 1,
  "low_ratings": 2,
  "tracks": [
    {
      "track": "1",
      "title": "Hard To Handle",
      "duration": 177.88,
      "formats": [
        {
          "format": "VBR MP3",
          "filename": "gd69-07-04d1t01.mp3",
          "bitrate": "177"
        },
        {
          "format": "Ogg Vorbis",
          "filename": "gd69-07-04d1t01.ogg"
        },
        {
          "format": "Shorten",
          "filename": "gd69-07-04d1t01.shn"
        }
      ]
    },
    {
      "track": "2",
      "title": "Mama Tried",
      "duration": 109.24,
      "formats": [
        {
          "format": "VBR MP3",
          "filename": "gd69-07-04d1t02.mp3",
          "bitrate": "176"
        },
        {
          "format": "Ogg Vorbis",
          "filename": "gd69-07-04d1t02.ogg"
        },
        {
          "format": "Shorten",
          "filename": "gd69-07-04d1t02.shn"
        }
      ]
    },
    {
      "track": "3",
      "title": "Slewfoot",
      "duration": 137.68,
      "formats": [
        {
          "format": "VBR MP3",
          "filename": "gd69-07-04d1t03.mp3",
          "bitrate": "176"
        },
        {
          "format": "Ogg Vorbis",
          "filename": "gd69-07-04d1t03.ogg"
        },
        {
          "format": "Shorten",
          "filename": "gd69-07-04d1t03.shn"
        }
      ]
    },
    {
      "track": "4",
      "title": "Silver Threads and Golden Needles",
      "duration": 144.35,
      "formats": [
        {
          "format": "VBR MP3",
          "filename": "gd69-07-04d1t04.mp3",
          "bitrate": "173"
        },
        {
          "format": "Ogg Vorbis",
          "filename": "gd69-07-04d1t04.ogg"
        },
        {
          "format": "Shorten",
          "filename": "gd69-07-04d1t04.shn"
        }
      ]
    },
    {
      "track": "5",
      "title": "Cryptical Envelopment",
      "duration": 66.25,
      "formats": [
        {
          "format": "VBR MP3",
          "filename": "gd69-07-04d1t05.mp3",
          "bitrate": "175"
        },
        {
          "format": "Ogg Vorbis",
          "filename": "gd69-07-04d1t05.ogg"
        },
        {
          "format": "Shorten",
          "filename": "gd69-07-04d1t05.shn"
        }
      ]
    },
    {
      "track": "6",
      "title": "Drums",
      "duration": 18.75,
      "formats": [
        {
          "format": "VBR MP3",
          "filename": "gd69-07-04d1t06.mp3",
          "bitrate": "180"
        },
        {
          "format": "Ogg Vorbis",
          "filename": "gd69-07-04d1t06.ogg"
        },
        {
          "format": "Shorten",
          "filename": "gd69-07-04d1t06.shn"
        }
      ]
    },
    {
      "track": "7",
      "title": "The Other One",
      "duration": 437.54,
      "formats": [
        {
          "format": "VBR MP3",
          "filename": "gd69-07-04d1t07.mp3",
          "bitrate": "182"
        },
        {
          "format": "Ogg Vorbis",
          "filename": "gd69-07-04d1t07.ogg"
        },
        {
          "format": "Shorten",
          "filename": "gd69-07-04d1t07.shn"
        }
      ]
    },
    {
      "track": "8",
      "title": "High Time",
      "duration": 193.93,
      "formats": [
        {
          "format": "VBR MP3",
          "filename": "gd69-07-04d1t08.mp3",
          "bitrate": "173"
        },
        {
          "format": "Ogg Vorbis",
          "filename": "gd69-07-04d1t08.ogg"
        },
        {
          "format": "Shorten",
          "filename": "gd69-07-04d1t08.shn"
        }
      ]
    },
    {
      "track": "9",
      "title": "Casey Jones",
      "duration": 235.28,
      "formats": [
        {
          "format": "VBR MP3",
          "filename": "gd69-07-04d1t09.mp3",
          "bitrate": "178"
        },
        {
          "format": "Ogg Vorbis",
          "filename": "gd69-07-04d1t09.ogg"
        },
        {
          "format": "Shorten",
          "filename": "gd69-07-04d1t09.shn"
        }
      ]
    },
    {
      "track": "10",
      "title": "King Bee",
      "duration": 307.41,
      "formats": [
        {
          "format": "VBR MP3",
          "filename": "gd69-07-04d1t10.mp3",
          "bitrate": "176"
        },
        {
          "format": "Ogg Vorbis",
          "filename": "gd69-07-04d1t10.ogg"
        },
        {
          "format": "Shorten",
          "filename": "gd69-07-04d1t10.shn"
        }
      ]
    },
    {
      "track": "11",
      "title": "Sittin' On Top Of The World",
      "duration": 108.22,
      "formats": [
        {
          "format": "VBR MP3",
          "filename": "gd69-07-04d2t201.mp3",
          "bitrate": "180"
        },
        {
          "format": "Ogg Vorbis",
          "filename": "gd69-07-04d2t201.ogg"
        },
        {
          "format": "Shorten",
          "filename": "gd69-07-04d2t201.shn"
        }
      ]
    },
    {
      "track": "12",
      "title": "Me and My Uncle",
      "duration": 69.85,
      "formats": [
        {
          "format": "VBR MP3",
          "filename": "gd69-07-04d2t202.mp3",
          "bitrate": "181"
        },
        {
          "format": "Ogg Vorbis",
          "filename": "gd69-07-04d2t202.ogg"
        },
        {
          "format": "Shorten",
          "filename": "gd69-07-04d2t202.shn"
        }
      ]
    },
    {
      "track": "13",
      "title": "Doin' That Rag",
      "duration": 263.17,
      "formats": [
        {
          "format": "VBR MP3",
          "filename": "gd69-07-04d2t203.mp3",
          "bitrate": "178"
        },
        {
          "format": "Ogg Vorbis",
          "filename": "gd69-07-04d2t203.ogg"
        },
        {
          "format": "Shorten",
          "filename": "gd69-07-04d2t203.shn"
        }
      ]
    },
    {
      "track": "14",
      "title": "Let Me In 83968",
      "duration": 143.06,
      "formats": [
        {
          "format": "VBR MP3",
          "filename": "gd69-07-04d2t204.mp3",
          "bitrate": "179"
        },
        {
          "format": "Ogg Vorbis",
          "filename": "gd69-07-04d2t204.ogg"
        },
        {
          "format": "Shorten",
          "filename": "gd69-07-04d2t204.shn"
        }
      ]
    },
    {
      "track": "15",
      "title": "Dire Wolf",
      "duration": 96.36,
      "formats": [
        {
          "format": "VBR MP3",
          "filename": "gd69-07-04d2t205.mp3",
          "bitrate": "177"
        },
        {
          "format": "Ogg Vorbis",
          "filename": "gd69-07-04d2t205.ogg"
        },
        {
          "format": "Shorten",
          "filename": "gd69-07-04d2t205.shn"
        }
      ]
    },
    {
      "track": "16",
      "title": "Tuning",
      "duration": 44.83,
      "formats": [
        {
          "format": "VBR MP3",
          "filename": "gd69-07-04d2t206.mp3",
          "bitrate": "183"
        },
        {
          "format": "Ogg Vorbis",
          "filename": "gd69-07-04d2t206.ogg"
        },
        {
          "format": "Shorten",
          "filename": "gd69-07-04d2t206.shn"
        }
      ]
    },
    {
      "track": "17",
      "title": "Saint Stephen",
      "duration": 186.89,
      "formats": [
        {
          "format": "VBR MP3",
          "filename": "gd69-07-04d2t207.mp3",
          "bitrate": "178"
        },
        {
          "format": "Ogg Vorbis",
          "filename": "gd69-07-04d2t207.ogg"
        },
        {
          "format": "Shorten",
          "filename": "gd69-07-04d2t207.shn"
        }
      ]
    },
    {
      "track": "18",
      "title": "Turn on Your Lovelight",
      "duration": 850.5,
      "formats": [
        {
          "format": "VBR MP3",
          "filename": "gd69-07-04d2t208.mp3",
          "bitrate": "176"
        },
        {
          "format": "Ogg Vorbis",
          "filename": "gd69-07-04d2t208.ogg"
        },
        {
          "format": "Shorten",
          "filename": "gd69-07-04d2t208.shn"
        }
      ]
    }
  ]
}