{
  "rating": 2.8636363636363633,
  "review_count": 22,
  "source_type": "AUD",
  "confidence": 1.0,
  "date": "1969-01-17",
  "venue": "Civic Auditorium",
  "location": "Santa Barbara, CA",
  "raw_rating": 4.090909090909091,
  "high_ratings": 19,
  "low_ratings": 1,
  "tracks": [
    {
      "track": "1",
      "title": "Turn On Your Lovelight",
      "duration": 599.79,
      "formats": [
        {
          "format": "VBR MP3",
          "filename": "gd69-01-17d1t01.mp3",
          "bitrate": "177"
        },
        {
          "format": "Shorten",
          "filename": "gd69-01-17d1t01.shn"
        }
      ]
    },
    {
      "track": "2",
      "title": "Dark Star",
      "duration": 437.48,
      "formats": [
        {
          "format": "VBR MP3",
          "filename": "gd69-01-17d1t02.mp3",
          "bitrate": "172"
        },
        {
          "format": "Shorten",
          "filename": "gd69-01-17d1t02.shn"
        }
      ]
    },
    {
      "track": "3",
      "title": "Saint Stephen",
      "duration": 216.06,
      "formats": [
        {
          "format": "VBR MP3",
          "filename": "gd69-01-17d1t03.mp3",
          "bitrate": "177"
        },
        {
          "format": "Shorten",
          "filename": "gd69-01-17d1t03.shn"
        }
      ]
    },
    {
      "track": "4",
      "title": "The Eleven",
      "duration": 370.11,
      "formats": [
        {
          "format": "VBR MP3",
          "filename": "gd69-01-17d1t04.mp3",
          "bitrate": "180"
        },
        {
          "format": "Shorten",
          "filename": "gd69-01-17d1t04.shn"
        }
      ]
    },
    {
      "track": "5",
      "title": "Death Don't Have No Mercy",
      "duration": 342.83,
      "formats": [
        {
          "format": "VBR MP3",
          "filename": "gd69-01-17d1t05.mp3",
          "bitrate": "176"
        },
        {
          "format": "Shorten",
          "filename": "gd69-01-17d1t05.shn"
        }
      ]
    },
    {
      "track": "6",
      "title": "Cryptical Envelopment",
      "duration": 48.81,
      "formats": [
        {
          "format": "VBR MP3",
          "filename": "gd69-01-17d2t01.mp3",
          "bitrate": "174"
        },
        {
          "format": "Shorten",
          "filename": "gd69-01-17d2t01.shn"
        }
      ]
    },
    {
      "track": "7",
      "title": "Drums",
      "duration": 5.6,
      "formats": [
        {
          "format": "VBR MP3",
          "filename": "gd69-01-17d2t02.mp3",
          "bitrate": "182"
        },
        {
          "format": "Shorten",
          "filename": "gd69-01-17d2t02.shn"
        }
      ]
    },
    {
      "track": "8",
      "title": "The Other One",
      "duration": 409.76,
      "formats": [
        {
          "format": "VBR MP3",
          "filename": "gd69-01-17d2t03.mp3",
          "bitrate": "182"
        },
        {
          "format": "Shorten",
          "filename": "gd69-01-17d2t03.shn"
        }
      ]
    },
    {
      "track": "9",
      "title": "Cryptical Envelopment",
      "duration": 186.16,
      "formats": [
        {
          "format": "VBR MP3",
          "filename": "gd69-01-17d2t04.mp3",
          "bitrate": "177"
        },
        {
          "format": "Shorten",
          "filename": "gd69-01-17d2t04.shn"
        }
      ]
    },
    {
      "track": "10",
      "title": "Cosmic Charlie",
      "duration": 260.99,
      "formats": [
        {
          "format": "VBR MP3",
          "filename": "gd69-01-17d2t05.mp3",
          "bitrate": "174"
        },
        {
          "format": "Shorten",
          "filename": "gd69-01-17d2t05.shn"
        }
      ]
    }
  ]
}