{
  "rating": 2.0588235294117645,
  "review_count": 17,
  "source_type": "UNKNOWN",
  "confidence": 1.0,
  "date": "1969-06-06",
  "venue": "Fillmore West",
  "location": "San Francisco, CA",
  "raw_rating": 4.117647058823529,
  "high_ratings": 15,
  "low_ratings": 0,
  "tracks": [
    {
      "track": "1",
      "title": "Smokestack Lightning",
      "duration": 487.02,
      "formats": [
        {
          "format": "VBR MP3",
          "filename": "gd69-06-06d1t01.mp3",
          "bitrate": "180"
        },
        {
          "format": "Shorten",
          "filename": "gd69-06-06d1t01.shn"
        }
      ]
    },
    {
      "track": "2",
      "title": "Green, Green Grass Of Home",
      "duration": 148.62,
      "formats": [
        {
          "format": "VBR MP3",
          "filename": "gd69-06-06d1t02.mp3",
          "bitrate": "176"
        },
        {
          "format": "Shorten",
          "filename": "gd69-06-06d1t02.shn"
        }
      ]
    },
    {
      "track": "3",
      "title": "Me and My Uncle",
      "duration": 133.86,
      "formats": [
        {
          "format": "VBR MP3",
          "filename": "gd69-06-06d1t03.mp3",
          "bitrate": "179"
        },
        {
          "format": "Shorten",
          "filename": "gd69-06-06d1t03.shn"
        }
      ]
    },
    {
      "track": "4",
      "title": "Checkin' Up On My Baby",
      "duration": 194.88,
      "formats": [
        {
          "format": "VBR MP3",
          "filename": "gd69-06-06d1t04.mp3",
          "bitrate": "128"
        },
        {
          "format": "Shorten",
          "filename": "gd69-06-06d1t04.shn"
        }
      ]
    },
    {
      "track": "5",
      "title": "Beat It On Down The Line",
      "duration": 93.06,
      "formats": [
        {
          "format": "VBR MP3",
          "filename": "gd69-06-06d1t05.mp3",
          "bitrate": "175"
        },
        {
          "format": "Shorten",
          "filename": "gd69-06-06d1t05.shn"
        }
      ]
    },
    {
      "track": "6",
      "title": "Turn On Your Lovelight",
      "duration": 1559.9,
      "formats": [
        {
          "format": "VBR MP3",
          "filename": "gd69-06-06d1t06.mp3",
          "bitrate": "177"
        },
        {
          "format": "Shorten",
          "filename": "gd69-06-06d1t06.shn"
        }
      ]
    }
  ]
}