{
  "rating": 2.1875,
  "review_count": 16,
  "source_type": "UNKNOWN",
  "confidence": 1.0,
  "date": "1969-02-02",
  "venue": "Labor Temple",
  "location": "Minneapolis, MN",
  "raw_rating": 4.375,
  "high_ratings": 14,
  "low_ratings": 1,
  "tracks": [
    {
      "track": "1",
      "title": "Good Morning, Little Schoolgirl",
      "duration": 360.61,
      "formats": [
        {
          "format": "VBR MP3",
          "filename": "gd69-02-02d1t01.mp3",
          "bitrate": "168"
        },
        {
          "format": "Shorten",
          "filename": "gd69-02-02d1t01.shn"
        }
      ]
    },
    {
      "track": "2",
      "title": "Tuning",
      "duration": 36.21,
      "formats": [
        {
          "format": "VBR MP3",
          "filename": "gd69-02-02d1t02.mp3",
          "bitrate": "175"
        },
        {
          "format": "Shorten",
          "filename": "gd69-02-02d1t02.shn"
        }
      ]
    },
    {
      "track": "3",
      "title": "Dark Star",
      "duration": 525.23,
      "formats": [
        {
          "format": "VBR MP3",
          "filename": "gd69-02-02d1t03.mp3",
          "bitrate": "174"
        },
        {
          "format": "Shorten",
          "filename": "gd69-02-02d1t03.shn"
        }
      ]
    },
    {
      "track": "4",
      "title": "St. Stephen",
      "duration": 205.75,
      "formats": [
        {
          "format": "VBR MP3",
          "filename": "gd69-02-02d1t04.mp3",
          "bitrate": "174"
        },
        {
          "format": "Shorten",
          "filename": "gd69-02-02d1t04.shn"
        }
      ]
    },
    {
      "track": "5",
      "title": "The Eleven",
      "duration": 299.15,
      "formats": [
        {
          "format": "VBR MP3",
          "filename": "gd69-02-02d1t05.mp3",
          "bitrate": "173"
        },
        {
          "format": "Shorten",
          "filename": "gd69-02-02d1t05.shn"
        }
      ]
    },
    {
      "track": "6",
      "title": "Death Don't Have No Mercy",
      "duration": 205.69,
      "formats": [
        {
          "format": "VBR MP3",
          "filename": "gd69-02-02d1t06.mp3",
          "bitrate": "176"
        },
        {
          "format": "Shorten",
          "filename": "gd69-02-02d1t06.shn"
        }
      ]
    },
    {
      "track": "7",
      "title": "Cryptical Envelopment",
      "duration": 65.12,
      "formats": [
        {
          "format": "VBR MP3",
          "filename": "gd69-02-02d2t01.mp3",
          "bitrate": "176"
        },
        {
          "format": "Shorten",
          "filename": "gd69-02-02d2t01.shn"
        }
      ]
    },
    {
      "track": "8",
      "title": "The Other One",
      "duration": 266.8,
      "formats": [
        {
          "format": "VBR MP3",
          "filename": "gd69-02-02d2t02.mp3",
          "bitrate": "176"
        },
        {
          "format": "Shorten",
          "filename": "gd69-02-02d2t02.shn"
        }
      ]
    },
    {
      "track": "9",
      "title": "Cryptical Envelopment",
      "duration": 250.74,
      "formats": [
        {
          "format": "VBR MP3",
          "filename": "gd69-02-02d2t03.mp3",
          "bitrate": "177"
        },
        {
          "format": "Shorten",
          "filename": "gd69-02-02d2t03.shn"
        }
      ]
    },
    {
      "track": "10",
      "title": "Turn on Your Lovelight",
      "duration": 614.02,
      "formats": [
        {
          "format": "VBR MP3",
          "filename": "gd69-02-02d2t04.mp3",
          "bitrate": "177"
        },
        {
          "format": "Shorten",
          "filename": "gd69-02-02d2t04.shn"
        }
      ]
    }
  ]
}