{
  "rating": 2.4791666666666665,
  "review_count": 24,
  "source_type": "UNKNOWN",
  "confidence": 1.0,
  "date": "1969-03-02",
  "venue": "Fillmore West",
  "location": "San Francisco, CA",
  "raw_rating": 4.958333333333333,
  "high_ratings": 24,
  "low_ratings": 0,
  "tracks": [
    {
      "track": "1",
      "title": "Dark Star",
      "duration": 671.63,
      "formats": [
        {
          "format": "VBR MP3",
          "filename": "gd69-03-02d1t01.mp3",
          "bitrate": "189"
        },
        {
          "format": "Shorten",
          "filename": "gd69-03-02d1t01.shn"
        }
      ]
    },
    {
      "track": "2",
      "title": "Saint Stephen",
      "duration": 191.75,
      "formats": [
        {
          "format": "VBR MP3",
          "filename": "gd69-03-02d1t02.mp3",
          "bitrate": "187"
        },
        {
          "format": "Shorten",
          "filename": "gd69-03-02d1t02.shn"
        }
      ]
    },
    {
      "track": "3",
      "title": "The Eleven",
      "duration": 574.3,
      "formats": [
        {
          "format": "VBR MP3",
          "filename": "gd69-03-02d1t03.mp3",
          "bitrate": "193"
        },
        {
          "format": "Shorten",
          "filename": "gd69-03-02d1t03.shn"
        }
      ]
    },
    {
      "track": "4",
      "title": "Turn On Your Lovelight",
      "duration": 570.85,
      "formats": [
        {
          "format": "VBR MP3",
          "filename": "gd69-03-02d1t04.mp3",
          "bitrate": "191"
        },
        {
          "format": "Shorten",
          "filename": "gd69-03-02d1t04.shn"
        }
      ]
    },
    {
      "track": "5",
      "title": "Doin' That Rag",
      "duration": 246.23,
      "formats": [
        {
          "format": "VBR MP3",
          "filename": "gd69-03-02d2t01.mp3",
          "bitrate": "189"
        },
        {
          "format": "Shorten",
          "filename": "gd69-03-02d2t01.shn"
        }
      ]
    },
    {
      "track": "6",
      "title": "Cryptical Envelopment",
      "duration": 66.35,
      "formats": [
        {
          "format": "VBR MP3",
          "filename": "gd69-03-02d2t02.mp3",
          "bitrate": "191"
        },
        {
          "format": "Shorten",
          "filename": "gd69-03-02d2t02.shn"
        }
      ]
    },
    {
      "track": "7",
      "title": "The Other One",
      "duration": 376.13,
      "formats": [
        {
          "format": "VBR MP3",
          "filename": "gd69-03-02d2t03.mp3",
          "bitrate": "195"
        },
        {
          "format": "Shorten",
          "filename": "gd69-03-02d2t03.shn"
        }
      ]
    },
    {
      "track": "8",
      "title": "Cryptical Envelopment",
      "duration": 384.87,
      "formats": [
        {
          "format": "VBR MP3",
          "filename": "gd69-03-02d2t04.mp3",
          "bitrate": "194"
        },
        {
          "format": "Shorten",
          "filename": "gd69-03-02d2t04.shn"
        }
      ]
    },
    {
      "track": "9",
      "title": "Death Don't Have No Mercy",
      "duration": 358.37,
      "formats": [
        {
          "format": "VBR MP3",
          "filename": "gd69-03-02d2t05.mp3",
          "bitrate": "185"
        },
        {
          "format": "Shorten",
          "filename": "gd69-03-02d2t05.shn"
        }
      ]
    },
    {
      "track": "10",
      "title": "Morning Dew",
      "duration": 364.5,
      "formats": [
        {
          "format": "VBR MP3",
          "filename": "gd69-03-02d2t06.mp3",
          "bitrate": "187"
        },
        {
          "format": "Shorten",
          "filename": "gd69-03-02d2t06.shn"
        }
      ]
    },
    {
      "track": "11",
      "title": "Alligator",
      "duration": 166.22,
      "formats": [
        {
          "format": "VBR MP3",
          "filename": "gd69-03-02d3t01.mp3",
          "bitrate": "190"
        },
        {
          "format": "Shorten",
          "filename": "gd69-03-02d3t01.shn"
        }
      ]
    },
    {
      "track": "12",
      "title": "Drums",
      "duration": 216.08,
      "formats": [
        {
          "format": "VBR MP3",
          "filename": "gd69-03-02d3t02.mp3",
          "bitrate": "198"
        },
        {
          "format": "Shorten",
          "filename": "gd69-03-02d3t02.shn"
        }
      ]
    },
    {
      "track": "13",
      "title": "Caution (Do Not Step on Tracks) Jam",
      "duration": 858.05,
      "formats": [
        {
          "format": "VBR MP3",
          "filename": "gd69-03-02d3t03.mp3",
          "bitrate": "195"
        },
        {
          "format": "Shorten",
          "filename": "gd69-03-02d3t03.shn"
        }
      ]
    },
    {
      "track": "14",
      "title": "Caution (Do Not Step on Tracks)",
      "duration": 402.59,
      "formats": [
        {
          "format": "VBR MP3",
          "filename": "gd69-03-02d3t04.mp3",
          "bitrate": "197"
        },
        {
          "format": "Shorten",
          "filename": "gd69-03-02d3t04.shn"
        }
      ]
    },
    {
      "track": "15",
      "title": "Feedback",
      "duration": 248.98,
      "formats": [
        {
          "format": "VBR MP3",
          "filename": "gd69-03-02d3t05.mp3",
          "bitrate": "180"
        },
        {
          "format": "Shorten",
          "filename": "gd69-03-02d3t05.shn"
        }
      ]
    },
    {
      "track": "16",
      "title": "And We Bid You Goodnight",
      "duration": 16.98,
      "formats": [
        {
          "format": "VBR MP3",
          "filename": "gd69-03-02d3t06.mp3",
          "bitrate": "175"
        },
        {
          "format": "Shorten",
          "filename": "gd69-03-02d3t06.shn"
        }
      ]
    }
  ]
}