{
  "rating": 1.0,
  "review_count": 7,
  "source_type": "UNKNOWN",
  "confidence": 1.0,
  "date": "1969-05-16",
  "venue": "Campolindo High School",
  "location": "Moraga, CA",
  "raw_rating": 2.0,
  "high_ratings": 0,
  "low_ratings": 5,
  "tracks": [
    {
      "track": "1",
      "title": "Good Morning, Little Schoolgirl",
      "duration": 417.79,
      "formats": [
        {
          "format": "VBR MP3",
          "filename": "gd69-05-16d1t01.mp3",
          "bitrate": "177"
        },
        {
          "format": "Shorten",
          "filename": "gd69-05-16d1t01.shn"
        }
      ]
    },
    {
      "track": "2",
      "title": "Doin' That Rag",
      "duration": 339.0,
      "formats": [
        {
          "format": "VBR MP3",
          "filename": "gd69-05-16d1t02.mp3",
          "bitrate": "178"
        },
        {
          "format": "Shorten",
          "filename": "gd69-05-16d1t02.shn"
        }
      ]
    },
    {
      "track": "3",
      "title": "Me and My Uncle",
      "duration": 129.58,
      "formats": [
        {
          "format": "VBR MP3",
          "filename": "gd69-05-16d1t03.mp3",
          "bitrate": "177"
        },
        {
          "format": "Shorten",
          "filename": "gd69-05-16d1t03.shn"
        }
      ]
    },
    {
      "track": "4",
      "title": "Hard To Handle",
      "duration": 157.08,
      "formats": [
        {
          "format": "VBR MP3",
          "filename": "gd69-05-16d1t04.mp3",
          "bitrate": "178"
        },
        {
          "format": "Shorten",
          "filename": "gd69-05-16d1t04.shn"
        }
      ]
    },
    {
      "track": "5",
      "title": "Turn On Your Lovelight",
      "duration": 814.89,
      "formats": [
        {
          "format": "VBR MP3",
          "filename": "gd69-05-16d1t05.mp3",
          "bitrate": "180"
        },
        {
          "format": "Shorten",
          "filename": "gd69-05-16d1t05.shn"
        }
      ]
    }
  ]
}