{
  "rating": 2.125,
  "review_count": 8,
  "source_type": "UNKNOWN",
  "confidence": 1.0,
  "date": "1969-08-29",
  "venue": "Family Dog at the Great Highway",
  "location": "San Francisco, CA",
  "raw_rating": 4.25,
  "high_ratings": 7,
  "low_ratings": 0,
  "tracks": [
    {
      "track": "1",
      "title": "Casey Jones",
      "duration": 199.61,
      "formats": [
        {
          "format": "VBR MP3",
          "filename": "gd69-08-29d1t01.mp3",
          "bitrate": "183"
        },
        {
          "format": "Shorten",
          "filename": "gd69-08-29d1t01.shn"
        }
      ]
    },
    {
      "track": "2",
      "title": "Easy Wind",
      "duration": 305.65,
      "formats": [
        {
          "format": "VBR MP3",
          "filename": "gd69-08-29d1t02.mp3",
          "bitrate": "182"
        },
        {
          "format": "Shorten",
          "filename": "gd69-08-29d1t02.shn"
        }
      ]
    },
    {
      "track": "3",
      "title": "Me & My Uncle",
      "duration": 119.15,
      "formats": [
        {
          "format": "VBR MP3",
          "filename": "gd69-08-29d1t03.mp3",
          "bitrate": "182"
        },
        {
          "format": "Shorten",
          "filename": "gd69-08-29d1t03.shn"
        }
      ]
    },
    {
      "track": "4",
      "title": "High Time",
      "duration": 262.54,
      "formats": [
        {
          "format": "VBR MP3",
          "filename": "gd69-08-29d1t04.mp3",
          "bitrate": "183"
        },
        {
          "format": "Shorten",
          "filename": "gd69-08-29d1t04.shn"
        }
      ]
    },
    {
      "track": "5",
      "title": "New Orleans",
      "duration": 133.52,
      "formats": [
        {
          "format": "VBR MP3",
          "filename": "gd69-08-29d1t05.mp3",
          "bitrate": "186"
        },
        {
          "format": "Shorten",
          "filename": "gd69-08-29d1t05.shn"
        }
      ]
    },
    {
      "track": "6",
      "title": "Searchin'",
      "duration": 122.78,
      "formats": [
        {
          "format": "VBR MP3",
          "filename": "gd69-08-29d1t06.mp3",
          "bitrate": "185"
        },
        {
          "format": "Shorten",
          "filename": "gd69-08-29d1t06.shn"
        }
      ]
    },
    {
      "track": "7",
      "title": "Good Lovin'",
      "duration": 179.81,
      "formats": [
        {
          "format": "VBR MP3",
          "filename": "gd69-08-29d1t07.mp3",
          "bitrate": "190"
        },
        {
          "format": "Shorten",
          "filename": "gd69-08-29d1t07.shn"
        }
      ]
    },
    {
      "track": "8",
      "title": "Dire Wolf",
      "duration": 169.75,
      "formats": [
        {
          "format": "VBR MP3",
          "filename": "gd69-08-29d2t01.mp3",
          "bitrate": "181"
        },
        {
          "format": "Shorten",
          "filename": "gd69-08-29d2t01.shn"
        }
      ]
    },
    {
      "track": "9",
      "title": "King Bee",
      "duration": 283.8,
      "formats": [
        {
          "format": "VBR MP3",
          "filename": "gd69-08-29d2t02.mp3",
          "bitrate": "180"
        },
        {
          "format": "Shorten",
          "filename": "gd69-08-29d2t02.shn"
        }
      ]
    },
    {
      "track": "10",
      "title": "Turn on Your Lovelight",
      "duration": 1110.14,
      "formats": [
        {
          "format": "VBR MP3",
          "filename": "gd69-08-29d2t03.mp3",
          "bitrate": "182"
        },
        {
          "format": "Shorten",
          "filename": "gd69-08-29d2t03.shn"
        }
      ]
    }
  ]
}