{
  "rating": 3.3727272727272726,
  "review_count": 11,
  "source_type": "AUD",
  "confidence": 1.0,
  "date": "1969-06-28",
  "venue": "Veterans Auditorium",
  "location": "Santa Rosa, CA",
  "raw_rating": 4.818181818181818,
  "high_ratings": 11,
  "low_ratings": 0,
  "tracks": [
    {
      "track": "1",
      "title": "Slewfoot",
      "duration": 181.78,
      "formats": [
        {
          "format": "VBR MP3",
          "filename": "gd1969-06-28t01.mp3",
          "bitrate": "193"
        },
        {
          "format": "Shorten",
          "filename": "gd1969-06-28t01.shn"
        }
      ]
    },
    {
      "track": "2",
      "title": "Silver Threads and Golden Needles",
      "duration": 154.21,
      "formats": [
        {
          "format": "VBR MP3",
          "filename": "gd1969-06-28t02.mp3",
          "bitrate": "197"
        },
        {
          "format": "Shorten",
          "filename": "gd1969-06-28t02.shn"
        }
      ]
    },
    {
      "track": "3",
      "title": "Mama Tried",
      "duration": 178.31,
      "formats": [
        {
          "format": "VBR MP3",
          "filename": "gd1969-06-28t03.mp3",
          "bitrate": "194"
        },
        {
          "format": "Shorten",
          "filename": "gd1969-06-28t03.shn"
        }
      ]
    },
    {
      "track": "4",
      "title": "Me and My Uncle",
      "duration": 143.17,
      "formats": [
        {
          "format": "VBR MP3",
          "filename": "gd1969-06-28t04.mp3",
          "bitrate": "202"
        },
        {
          "format": "Shorten",
          "filename": "gd1969-06-28t04.shn"
        }
      ]
    },
    {
      "track": "5",
      "title": "Doin' That Rag",
      "duration": 289.23,
      "formats": [
        {
          "format": "VBR MP3",
          "filename": "gd1969-06-28t05.mp3",
          "bitrate": "197"
        },
        {
          "format": "Shorten",
          "filename": "gd1969-06-28t05.shn"
        }
      ]
    },
    {
      "track": "6",
      "title": "High Time",
      "duration": 224.39,
      "formats": [
        {
          "format": "VBR MP3",
          "filename": "gd1969-06-28t06.mp3",
          "bitrate": "188"
        },
        {
          "format": "Shorten",
          "filename": "gd1969-06-28t06.shn"
        }
      ]
    },
    {
      "track": "7",
      "title": "King Bee",
      "duration": 307.2,
      "formats": [
        {
          "format": "VBR MP3",
          "filename": "gd1969-06-28t07.mp3",
          "bitrate": "191"
        },
        {
          "format": "Shorten",
          "filename": "gd1969-06-28t07.shn"
        }
      ]
    },
    {
      "track": "8",
      "title": "Sitting On Top Of The World",
      "duration": 192.83,
      "formats": [
        {
          "format": "VBR MP3",
          "filename": "gd1969-06-28t08.mp3",
          "bitrate": "197"
        },
        {
          "format": "Shorten",
          "filename": "gd1969-06-28t08.shn"
        }
      ]
    },
    {
      "track": "9",
      "title": "Turn On Your Lovelight",
      "duration": 1143.62,
      "formats": [
        {
          "format": "VBR MP3",
          "filename": "gd1969-06-28t09.mp3",
          "bitrate": "187"
        },
        {
          "format": "Shorten",
          "filename": "gd1969-06-28t09.shn"
        }
      ]
    }
  ]
}