{
  "url": "https://jerrygarcia.com/show/1966-11-29-the-matrix-san-francisco-ca-usa/",
  "show_id": "1966-11-29-the-matrix-san-francisco-ca-usa",
  "band": "Grateful Dead",
  "venue": "The Matrix",
  "location_raw": "San Francisco, CA",
  "city": "San Francisco",
  "state": "CA",
  "country": "USA",
  "date": "1966-11-29",
  "setlist_status": "found",
  "setlist": [
    {
      "set_name": "Set 1",
      "songs": [
        {
          "name": "Me And My Uncle",
          "url": null,
          "segue_into_next": false
        },
        {
          "name": "The Same Thing",
          "url": null,
          "segue_into_next": false
        },
        {
          "name": "Stealin'",
          "url": "https://jerrygarcia.com/song/stealin/",
          "segue_into_next": false
        },
        {
          "name": "Big Boy Pete",
          "url": null,
          "segue_into_next": false
        },
        {
          "name": "One Kind Favor",
          "url": null,
          "segue_into_next": false
        },
        {
          "name": "Early Morning Rain",
          "url": null,
          "segue_into_next": false
        },
        {
          "name": "Cold Rain And Snow",
          "url": "https://jerrygarcia.com/song/cold-rain-and-snow/",
          "segue_into_next": false
        },
        {
          "name": "Viola Lee Blues",
          "url": null,
          "segue_into_next": false
        }
      ]
    },
    {
      "set_name": "Set 3",
      "songs": [
        {
          "name": "Down So Long",
          "url": null,
          "segue_into_next": false
        },
        {
          "name": "There's Something On Your Mind",
          "url": null,
          "segue_into_next": false
        },
        {
          "name": "Lindy",
          "url": null,
          "segue_into_next": false
        },
        {
          "name": "Good Morning Little School Girl",
          "url": null,
          "segue_into_next": false
        },
        {
          "name": "I Just Want To Make Love To You",
          "url": null,
          "segue_into_next": false
        }
      ]
    }
  ],
  "lineup_status": "found",
  "lineup": [
    {
      "name": "Jerry Garcia",
      "instruments": "guitar, vocals",
      "image_url": "https://cdn.jerrygarcia.com/wp-content/uploads/1995/07/12152441/JerryGarcia_200-100x100.jpg"
    },
    {
      "name": "Bob Weir",
      "instruments": "guitar, vocals",
      "image_url": "https://cdn.jerrygarcia.com/wp-content/uploads/1995/07/12152447/BobWeir_200-100x100.jpg"
    },
    {
      "name": "Phil Lesh",
      "instruments": "bass, vocals",
      "image_url": "https://cdn.jerrygarcia.com/wp-content/uploads/1995/07/12145827/phil.jpg"
    },
    {
      "name": "Bill Kreutzmann",
      "instruments": "drums",
      "image_url": "https://cdn.jerrygarcia.com/wp-content/uploads/1995/07/12152447/BillKreutzmann_200-100x100.jpg"
    },
    {
      "name": "Ron \"Pigpen\" McKernan",
      "instruments": "keyboards, harmonica, percussion, vocals",
      "image_url": "https://cdn.jerrygarcia.com/wp-content/uploads/2019/12/12152433/RonPigpenMcKernan_200-100x100.jpg"
    }
  ],
  "supporting_acts_status": "found",
  "supporting_acts": [
    "Jerry Pond"
  ],
  "collection_timestamp": "2025-08-10T08:02:20.199585",
  "show_time": null,
  "recordings": [
    "gd1966-11-29.sbd.graham-perlstein.106497.flac16",
    "gd66-11-29.sbd.ret.20448.sbeok.shnf",
    "gd1966-11-29.152152.sbd.hance.sirmick.flac24",
    "gd1966-11-29.sbd.thecore.4940.shnf",
    "gd1966-11-29.152151.sbd.hance.sirmick.flac16"
  ],
  "best_recording": "gd1966-11-29.sbd.graham-perlstein.106497.flac16",
  "avg_rating": 3.5228571428571436,
  "raw_rating": 4.238095238095238,
  "recording_count": 5,
  "confidence": 1.0,
  "total_high_ratings": 17,
  "total_low_ratings": 0,
  "source_types": {
    "SBD": 5
  },
  "matching_method": "date_only",
  "filtering_applied": [],
  "collections": [
    "pigpen-years"
  ]
}