{
  "url": "https://jerrygarcia.com/show/1966-07-30-p-n-e-garden-auditorium-vancouver-british-columbia-canada/",
  "show_id": "1966-07-30-p-n-e-garden-auditorium-vancouver-british-columbia-canada",
  "band": "Grateful Dead",
  "venue": "P.N.E. Garden Auditorium",
  "location_raw": "Vancouver, British Columbia",
  "city": "Vancouver",
  "state": "British Columbia",
  "country": null,
  "date": "1966-07-30",
  "setlist_status": "found",
  "setlist": [
    {
      "set_name": "Set 1",
      "songs": [
        {
          "name": "Dancin' In The Street",
          "url": null,
          "segue_into_next": false
        },
        {
          "name": "Cold Rain And Snow",
          "url": "https://jerrygarcia.com/song/cold-rain-and-snow/",
          "segue_into_next": false
        },
        {
          "name": "I'm A King Bee",
          "url": null,
          "segue_into_next": false
        },
        {
          "name": "One Kind Favor",
          "url": null,
          "segue_into_next": false
        },
        {
          "name": "You Don't Have To Ask",
          "url": null,
          "segue_into_next": false
        },
        {
          "name": "Hey Little One",
          "url": null,
          "segue_into_next": false
        },
        {
          "name": "Beat It On Down The Line",
          "url": "https://jerrygarcia.com/song/beat-it-on-down-the-line/",
          "segue_into_next": false
        },
        {
          "name": "Good Morning Little School Girl",
          "url": null,
          "segue_into_next": false
        },
        {
          "name": "New Minglewood Blues",
          "url": "https://jerrygarcia.com/song/new-minglewood-blues/",
          "segue_into_next": false
        }
      ]
    }
  ],
  "lineup_status": "found",
  "lineup": [
    {
      "name": "Jerry Garcia",
      "instruments": "guitar, vocals",
      "image_url": "https://cdn.jerrygarcia.com/wp-content/uploads/1995/07/12152441/JerryGarcia_200-100x100.jpg"
    },
    {
      "name": "Bob Weir",
      "instruments": "guitar, vocals",
      "image_url": "https://cdn.jerrygarcia.com/wp-content/uploads/1995/07/12152447/BobWeir_200-100x100.jpg"
    },
    {
      "name": "Phil Lesh",
      "instruments": "bass, vocals",
      "image_url": "https://cdn.jerrygarcia.com/wp-content/uploads/1995/07/12145827/phil.jpg"
    },
    {
      "name": "Bill Kreutzmann",
      "instruments": "drums",
      "image_url": "https://cdn.jerrygarcia.com/wp-content/uploads/1995/07/12152447/BillKreutzmann_200-100x100.jpg"
    },
    {
      "name": "Ron \"Pigpen\" McKernan",
      "instruments": "keyboards, harmonica, percussion, vocals",
      "image_url": "https://cdn.jerrygarcia.com/wp-content/uploads/2019/12/12152433/RonPigpenMcKernan_200-100x100.jpg"
    }
  ],
  "supporting_acts_status": "missing",
  "supporting_acts": null,
  "collection_timestamp": "2025-08-10T08:00:49.705761",
  "show_time": null,
  "recordings": [
    "gd1966-07-30.sbd.GEMS.94631.flac16",
    "gd66-07-30.sbd.vernon.9387.sbeok.shnf"
  ],
  "best_recording": "gd1966-07-30.sbd.GEMS.94631.flac16",
  "avg_rating": 2.8,
  "raw_rating": 4.0,
  "recording_count": 2,
  "confidence": 1.0,
  "total_high_ratings": 9,
  "total_low_ratings": 1,
  "source_types": {
    "SBD": 2
  },
  "matching_method": "date_only",
  "filtering_applied": []
}