{
  "url": "https://jerrygarcia.com/show/1966-05-19-avalon-ballroom-san-francisco-ca-usa/",
  "show_id": "1966-05-19-avalon-ballroom-san-francisco-ca-usa",
  "band": "Grateful Dead",
  "venue": "Avalon Ballroom",
  "location_raw": "San Francisco, CA",
  "city": "San Francisco",
  "state": "CA",
  "country": "USA",
  "date": "1966-05-19",
  "setlist_status": "found",
  "setlist": [
    {
      "set_name": "Set 1",
      "songs": [
        {
          "name": "Beat It On Down The Line",
          "url": "https://jerrygarcia.com/song/beat-it-on-down-the-line/",
          "segue_into_next": false
        },
        {
          "name": "Standing On The Corner",
          "url": null,
          "segue_into_next": false
        },
        {
          "name": "Mindbender",
          "url": "https://jerrygarcia.com/song/mindbender/",
          "segue_into_next": false
        },
        {
          "name": "It Hurts Me Too",
          "url": null,
          "segue_into_next": false
        },
        {
          "name": "Viola Lee Blues",
          "url": null,
          "segue_into_next": true
        },
        {
          "name": "I Know You Rider",
          "url": "https://jerrygarcia.com/song/i-know-you-rider/",
          "segue_into_next": false
        },
        {
          "name": "It's A Sin",
          "url": null,
          "segue_into_next": false
        },
        {
          "name": "Sick And Tired",
          "url": null,
          "segue_into_next": false
        },
        {
          "name": "Cream Puff War",
          "url": "https://jerrygarcia.com/song/cream-puff-war/",
          "segue_into_next": false
        }
      ]
    },
    {
      "set_name": "Set 2",
      "songs": [
        {
          "name": "Sittin' On Top Of The World",
          "url": null,
          "segue_into_next": false
        },
        {
          "name": "New Minglewood Blues",
          "url": "https://jerrygarcia.com/song/new-minglewood-blues/",
          "segue_into_next": false
        },
        {
          "name": "Cold Rain And Snow",
          "url": "https://jerrygarcia.com/song/cold-rain-and-snow/",
          "segue_into_next": false
        },
        {
          "name": "Taste Bud",
          "url": null,
          "segue_into_next": false
        },
        {
          "name": "Silver Threads And Golden Needles",
          "url": null,
          "segue_into_next": false
        },
        {
          "name": "It's All Over Now Baby Blue",
          "url": null,
          "segue_into_next": false
        },
        {
          "name": "Good Lovin'",
          "url": "https://jerrygarcia.com/song/good-lovin/",
          "segue_into_next": false
        },
        {
          "name": "You Don't Have To Ask",
          "url": null,
          "segue_into_next": false
        }
      ]
    }
  ],
  "lineup_status": "found",
  "lineup": [
    {
      "name": "Jerry Garcia",
      "instruments": "guitar, vocals",
      "image_url": "https://cdn.jerrygarcia.com/wp-content/uploads/1995/07/12152441/JerryGarcia_200-100x100.jpg"
    },
    {
      "name": "Bob Weir",
      "instruments": "guitar, vocals",
      "image_url": "https://cdn.jerrygarcia.com/wp-content/uploads/1995/07/12152447/BobWeir_200-100x100.jpg"
    },
    {
      "name": "Phil Lesh",
      "instruments": "bass, vocals",
      "image_url": "https://cdn.jerrygarcia.com/wp-content/uploads/1995/07/12145827/phil.jpg"
    },
    {
      "name": "Bill Kreutzmann",
      "instruments": "drums",
      "image_url": "https://cdn.jerrygarcia.com/wp-content/uploads/1995/07/12152447/BillKreutzmann_200-100x100.jpg"
    },
    {
      "name": "Ron \"Pigpen\" McKernan",
      "instruments": "keyboards, harmonica, percussion, vocals",
      "image_url": "https://cdn.jerrygarcia.com/wp-content/uploads/2019/12/12152433/RonPigpenMcKernan_200-100x100.jpg"
    }
  ],
  "supporting_acts_status": "found",
  "supporting_acts": [
    "The Wildflower",
    "The Outfit"
  ],
  "collection_timestamp": "2025-08-10T08:00:10.203575",
  "show_time": null,
  "recordings": [
    "gd66-05-19.sbd.lestatkat.6516.sbeok.shnf",
    "gd1966-05-19.sbd.miller.106683.flac16",
    "gd1966-05-19.sbd.miller.106828.flac16",
    "gd66-05-19.sbd.sonicsolutions.82844.flac",
    "gd1966-05-19.136656.set1.sbd.sirmick.flac16"
  ],
  "best_recording": "gd66-05-19.sbd.lestatkat.6516.sbeok.shnf",
  "avg_rating": 2.258450704225352,
  "raw_rating": 4.563380281690141,
  "recording_count": 5,
  "confidence": 1.0,
  "total_high_ratings": 64,
  "total_low_ratings": 4,
  "source_types": {
    "SBD": 5
  },
  "matching_method": "date_only",
  "filtering_applied": [],
  "collections": [
    "pigpen-years"
  ]
}