{
  "url": "https://jerrygarcia.com/show/1966-07-29-p-n-e-garden-auditorium-vancouver-british-columbia-canada/",
  "show_id": "1966-07-29-p-n-e-garden-auditorium-vancouver-british-columbia-canada",
  "band": "Grateful Dead",
  "venue": "P.N.E. Garden Auditorium",
  "location_raw": "Vancouver, British Columbia",
  "city": "Vancouver",
  "state": "British Columbia",
  "country": null,
  "date": "1966-07-29",
  "setlist_status": "found",
  "setlist": [
    {
      "set_name": "Set 1",
      "songs": [
        {
          "name": "Standing On The Corner",
          "url": null,
          "segue_into_next": false
        },
        {
          "name": "I Know You Rider",
          "url": "https://jerrygarcia.com/song/i-know-you-rider/",
          "segue_into_next": false
        },
        {
          "name": "Next Time You See Me",
          "url": null,
          "segue_into_next": false
        },
        {
          "name": "Sitting On Top Of The World",
          "url": null,
          "segue_into_next": false
        },
        {
          "name": "You Don't Have To Ask",
          "url": null,
          "segue_into_next": false
        },
        {
          "name": "Big Boss Man",
          "url": null,
          "segue_into_next": false
        },
        {
          "name": "Stealin'",
          "url": "https://jerrygarcia.com/song/stealin/",
          "segue_into_next": false
        },
        {
          "name": "Cardboard Cowboy",
          "url": "https://jerrygarcia.com/song/cardboard-cowboy/",
          "segue_into_next": false
        },
        {
          "name": "It's All Over Now Baby Blue",
          "url": null,
          "segue_into_next": false
        },
        {
          "name": "Cream Puff War",
          "url": "https://jerrygarcia.com/song/cream-puff-war/",
          "segue_into_next": false
        },
        {
          "name": "Viola Lee Blues",
          "url": null,
          "segue_into_next": false
        },
        {
          "name": "Beat It On Down The Line",
          "url": "https://jerrygarcia.com/song/beat-it-on-down-the-line/",
          "segue_into_next": false
        },
        {
          "name": "Good Morning Little School Girl",
          "url": null,
          "segue_into_next": false
        }
      ]
    }
  ],
  "lineup_status": "found",
  "lineup": [
    {
      "name": "Jerry Garcia",
      "instruments": "guitar, vocals",
      "image_url": "https://cdn.jerrygarcia.com/wp-content/uploads/1995/07/12152441/JerryGarcia_200-100x100.jpg"
    },
    {
      "name": "Bob Weir",
      "instruments": "guitar, vocals",
      "image_url": "https://cdn.jerrygarcia.com/wp-content/uploads/1995/07/12152447/BobWeir_200-100x100.jpg"
    },
    {
      "name": "Phil Lesh",
      "instruments": "bass, vocals",
      "image_url": "https://cdn.jerrygarcia.com/wp-content/uploads/1995/07/12145827/phil.jpg"
    },
    {
      "name": "Bill Kreutzmann",
      "instruments": "drums",
      "image_url": "https://cdn.jerrygarcia.com/wp-content/uploads/1995/07/12152447/BillKreutzmann_200-100x100.jpg"
    },
    {
      "name": "Ron \"Pigpen\" McKernan",
      "instruments": "keyboards, harmonica, percussion, vocals",
      "image_url": "https://cdn.jerrygarcia.com/wp-content/uploads/2019/12/12152433/RonPigpenMcKernan_200-100x100.jpg"
    }
  ],
  "supporting_acts_status": "missing",
  "supporting_acts": null,
  "collection_timestamp": "2025-08-10T08:00:48.127215",
  "show_time": null,
  "recordings": [
    "gd66-07-29.sbd.vernon.9051.sbeok.shnf",
    "gd1966-07-29.sbd.2243.sbeok.shnf",
    "gd1966-07-29.sbd.GEMS.94633.flac16"
  ],
  "best_recording": "gd66-07-29.sbd.vernon.9051.sbeok.shnf",
  "avg_rating": 3.2099999999999995,
  "raw_rating": 4.75,
  "recording_count": 3,
  "confidence": 1.0,
  "total_high_ratings": 28,
  "total_low_ratings": 0,
  "source_types": {
    "SBD": 3
  },
  "matching_method": "date_only",
  "filtering_applied": [],
  "collections": [
    "pigpen-years"
  ]
}