{
  "url": "https://jerrygarcia.com/show/1966-01-07-the-matrix-san-francisco-ca-usa/",
  "show_id": "1966-01-07-the-matrix-san-francisco-ca-usa",
  "band": "Grateful Dead",
  "venue": "The Matrix",
  "location_raw": "San Francisco, CA",
  "city": "San Francisco",
  "state": "CA",
  "country": "USA",
  "date": "1966-01-07",
  "setlist_status": "found",
  "setlist": [
    {
      "set_name": "Set 1",
      "songs": [
        {
          "name": "It's A Sin",
          "url": null,
          "segue_into_next": false
        },
        {
          "name": "Sick And Tired",
          "url": null,
          "segue_into_next": false
        },
        {
          "name": "Mindbender",
          "url": "https://jerrygarcia.com/song/mindbender/",
          "segue_into_next": false
        },
        {
          "name": "On The Road Again",
          "url": "https://jerrygarcia.com/song/on-the-road-again/",
          "segue_into_next": false
        },
        {
          "name": "She Belongs To Me",
          "url": null,
          "segue_into_next": false
        },
        {
          "name": "I'll Go Crazy",
          "url": null,
          "segue_into_next": false
        },
        {
          "name": "Can't Come Down",
          "url": "https://jerrygarcia.com/song/cant-come-down/",
          "segue_into_next": false
        },
        {
          "name": "Death Don't Have No Mercy",
          "url": null,
          "segue_into_next": false
        },
        {
          "name": "Parchman Farm",
          "url": null,
          "segue_into_next": false
        },
        {
          "name": "In The Midnight Hour",
          "url": null,
          "segue_into_next": false
        },
        {
          "name": "The Only Time Is Now",
          "url": "https://jerrygarcia.com/song/the-only-time-is-now/",
          "segue_into_next": false
        },
        {
          "name": "Early Morning Rain",
          "url": null,
          "segue_into_next": false
        },
        {
          "name": "It's All Over Now Baby Blue",
          "url": null,
          "segue_into_next": false
        }
      ]
    }
  ],
  "lineup_status": "found",
  "lineup": [
    {
      "name": "Jerry Garcia",
      "instruments": "guitar, vocals",
      "image_url": "https://cdn.jerrygarcia.com/wp-content/uploads/1995/07/12152441/JerryGarcia_200-100x100.jpg"
    },
    {
      "name": "Bob Weir",
      "instruments": "guitar, vocals",
      "image_url": "https://cdn.jerrygarcia.com/wp-content/uploads/1995/07/12152447/BobWeir_200-100x100.jpg"
    },
    {
      "name": "Phil Lesh",
      "instruments": "bass, vocals",
      "image_url": "https://cdn.jerrygarcia.com/wp-content/uploads/1995/07/12145827/phil.jpg"
    },
    {
      "name": "Bill Kreutzmann",
      "instruments": "drums",
      "image_url": "https://cdn.jerrygarcia.com/wp-content/uploads/1995/07/12152447/BillKreutzmann_200-100x100.jpg"
    },
    {
      "name": "Ron \"Pigpen\" McKernan",
      "instruments": "keyboards, harmonica, percussion, vocals",
      "image_url": "https://cdn.jerrygarcia.com/wp-content/uploads/2019/12/12152433/RonPigpenMcKernan_200-100x100.jpg"
    }
  ],
  "supporting_acts_status": "missing",
  "supporting_acts": null,
  "collection_timestamp": "2025-08-10T07:59:20.187435",
  "show_time": null,
  "recordings": [],
  "best_recording": null,
  "avg_rating": 0.0,
  "recording_count": 0,
  "confidence": 0.0,
  "source_types": {},
  "matching_method": "date_only",
  "filtering_applied": []
}