{
  "url": "https://jerrygarcia.com/show/1966-12-01-the-matrix-san-francisco-ca-usa/",
  "show_id": "1966-12-01-the-matrix-san-francisco-ca-usa",
  "band": "Grateful Dead",
  "venue": "The Matrix",
  "location_raw": "San Francisco, CA",
  "city": "San Francisco",
  "state": "CA",
  "country": "USA",
  "date": "1966-12-01",
  "setlist_status": "found",
  "setlist": [
    {
      "set_name": "Set 1",
      "songs": [
        {
          "name": "New Minglewood Blues",
          "url": "https://jerrygarcia.com/song/new-minglewood-blues/",
          "segue_into_next": false
        },
        {
          "name": "Betty and Dupree",
          "url": "https://jerrygarcia.com/song/betty-and-dupree/",
          "segue_into_next": false
        },
        {
          "name": "Next Time You See Me",
          "url": null,
          "segue_into_next": false
        },
        {
          "name": "I Know You Rider",
          "url": "https://jerrygarcia.com/song/i-know-you-rider/",
          "segue_into_next": false
        },
        {
          "name": "Big Boss Man",
          "url": null,
          "segue_into_next": false
        },
        {
          "name": "One Kind Favor",
          "url": null,
          "segue_into_next": false
        },
        {
          "name": "Alice D. Millionaire",
          "url": null,
          "segue_into_next": false
        },
        {
          "name": "Me And My Uncle",
          "url": null,
          "segue_into_next": false
        },
        {
          "name": "Cream Puff War",
          "url": "https://jerrygarcia.com/song/cream-puff-war/",
          "segue_into_next": false
        }
      ]
    },
    {
      "set_name": "Set 2",
      "songs": [
        {
          "name": "You Don't Love Me",
          "url": null,
          "segue_into_next": false
        },
        {
          "name": "Beat It On Down The Line",
          "url": "https://jerrygarcia.com/song/beat-it-on-down-the-line/",
          "segue_into_next": false
        },
        {
          "name": "It Hurts Me Too",
          "url": null,
          "segue_into_next": false
        },
        {
          "name": "On The Road Again",
          "url": "https://jerrygarcia.com/song/on-the-road-again/",
          "segue_into_next": false
        },
        {
          "name": "Look on Yonder Wall*",
          "url": null,
          "segue_into_next": false
        },
        {
          "name": "It's My Own Fault",
          "url": null,
          "segue_into_next": false
        },
        {
          "name": "Cold Rain And Snow",
          "url": "https://jerrygarcia.com/song/cold-rain-and-snow/",
          "segue_into_next": false
        },
        {
          "name": "Viola Lee Blues",
          "url": null,
          "segue_into_next": false
        }
      ]
    },
    {
      "set_name": "Set 3",
      "songs": [
        {
          "name": "Deep Elem Blues",
          "url": "https://jerrygarcia.com/song/deep-elem-blues/",
          "segue_into_next": false
        },
        {
          "name": "There's Something On Your Mind",
          "url": null,
          "segue_into_next": false
        },
        {
          "name": "Big Boy Pete",
          "url": null,
          "segue_into_next": false
        },
        {
          "name": "Death Don't Have No Mercy",
          "url": null,
          "segue_into_next": false
        },
        {
          "name": "Lindy",
          "url": null,
          "segue_into_next": false
        },
        {
          "name": "Dancin' In The Street",
          "url": null,
          "segue_into_next": false
        },
        {
          "name": "Me And My Uncle",
          "url": null,
          "segue_into_next": false
        }
      ]
    }
  ],
  "lineup_status": "found",
  "lineup": [
    {
      "name": "Jerry Garcia",
      "instruments": "guitar, vocals",
      "image_url": "https://cdn.jerrygarcia.com/wp-content/uploads/1995/07/12152441/JerryGarcia_200-100x100.jpg"
    },
    {
      "name": "Bob Weir",
      "instruments": "guitar, vocals",
      "image_url": "https://cdn.jerrygarcia.com/wp-content/uploads/1995/07/12152447/BobWeir_200-100x100.jpg"
    },
    {
      "name": "Phil Lesh",
      "instruments": "bass, vocals",
      "image_url": "https://cdn.jerrygarcia.com/wp-content/uploads/1995/07/12145827/phil.jpg"
    },
    {
      "name": "Bill Kreutzmann",
      "instruments": "drums",
      "image_url": "https://cdn.jerrygarcia.com/wp-content/uploads/1995/07/12152447/BillKreutzmann_200-100x100.jpg"
    },
    {
      "name": "Ron \"Pigpen\" McKernan",
      "instruments": "keyboards, harmonica, percussion, vocals",
      "image_url": "https://cdn.jerrygarcia.com/wp-content/uploads/2019/12/12152433/RonPigpenMcKernan_200-100x100.jpg"
    }
  ],
  "supporting_acts_status": "found",
  "supporting_acts": [
    "Jerry Pond"
  ],
  "collection_timestamp": "2025-08-10T08:02:24.142877",
  "show_time": null,
  "recordings": [
    "gd1966-12-01.sbd.32800.shnf",
    "gd66-12-01.sbd.sirmick.26968.sbeok.shnf",
    "gd66-12-01.sbd.ladner.8575.sbeok.shnf",
    "gd1966-12-01.149985.sbd.pnp.lestakatt.flac1644",
    "gd1966-12-01.150269.ANON.gems.flac1644"
  ],
  "best_recording": "gd1966-12-01.sbd.32800.shnf",
  "avg_rating": 3.6903711340206184,
  "raw_rating": 4.185185185185185,
  "recording_count": 5,
  "confidence": 1.0,
  "total_high_ratings": 42,
  "total_low_ratings": 1,
  "source_types": {
    "SBD": 4,
    "MATRIX": 1
  },
  "matching_method": "date_only",
  "filtering_applied": []
}