{
  "url": "https://jerrygarcia.com/show/1966-01-29-the-matrix-san-francisco-ca-usa/",
  "show_id": "1966-01-29-the-matrix-san-francisco-ca-usa",
  "band": "Grateful Dead",
  "venue": "The Matrix",
  "location_raw": "San Francisco, CA",
  "city": "San Francisco",
  "state": "CA",
  "country": "USA",
  "date": "1966-01-29",
  "setlist_status": "missing",
  "setlist": null,
  "lineup_status": "found",
  "lineup": [
    {
      "name": "Jerry Garcia",
      "instruments": "guitar, vocals",
      "image_url": "https://cdn.jerrygarcia.com/wp-content/uploads/1995/07/12152441/JerryGarcia_200-100x100.jpg"
    },
    {
      "name": "Bob Weir",
      "instruments": "guitar, vocals",
      "image_url": "https://cdn.jerrygarcia.com/wp-content/uploads/1995/07/12152447/BobWeir_200-100x100.jpg"
    },
    {
      "name": "Phil Lesh",
      "instruments": "bass, vocals",
      "image_url": "https://cdn.jerrygarcia.com/wp-content/uploads/1995/07/12145827/phil.jpg"
    },
    {
      "name": "Bill Kreutzmann",
      "instruments": "drums",
      "image_url": "https://cdn.jerrygarcia.com/wp-content/uploads/1995/07/12152447/BillKreutzmann_200-100x100.jpg"
    },
    {
      "name": "Ron \"Pigpen\" McKernan",
      "instruments": "keyboards, harmonica, percussion, vocals",
      "image_url": "https://cdn.jerrygarcia.com/wp-content/uploads/2019/12/12152433/RonPigpenMcKernan_200-100x100.jpg"
    }
  ],
  "supporting_acts_status": "missing",
  "supporting_acts": null,
  "collection_timestamp": "2025-08-10T07:59:38.091399",
  "show_time": null,
  "recordings": [
    "gd1966-01-29.sbd.bershaw.5411.shnf",
    "gd1966-01-29.sbd.berger.99527.flac16"
  ],
  "best_recording": "gd1966-01-29.sbd.bershaw.5411.shnf",
  "avg_rating": 1.7631578947368423,
  "raw_rating": 3.526315789473684,
  "recording_count": 2,
  "confidence": 1.0,
  "total_high_ratings": 10,
  "total_low_ratings": 6,
  "source_types": {
    "SBD": 2
  },
  "matching_method": "venue_based",
  "filtering_applied": [
    "venue_matching: 0 matched, 2 unmatched"
  ]
}