{
  "url": "https://jerrygarcia.com/show/1966-10-31-california-hall-san-francisco-ca-usa/",
  "show_id": "1966-10-31-california-hall-san-francisco-ca-usa",
  "band": "Grateful Dead",
  "venue": "California Hall",
  "location_raw": "San Francisco, CA",
  "city": "San Francisco",
  "state": "CA",
  "country": "USA",
  "date": "1966-10-31",
  "setlist_status": "found",
  "setlist": [
    {
      "set_name": "Set 1",
      "songs": [
        {
          "name": "Viola Lee Blues",
          "url": null,
          "segue_into_next": false
        },
        {
          "name": "Alice D. Millionaire",
          "url": null,
          "segue_into_next": false
        }
      ]
    }
  ],
  "lineup_status": "found",
  "lineup": [
    {
      "name": "Jerry Garcia",
      "instruments": "guitar, vocals",
      "image_url": "https://cdn.jerrygarcia.com/wp-content/uploads/1995/07/12152441/JerryGarcia_200-100x100.jpg"
    },
    {
      "name": "Bob Weir",
      "instruments": "guitar, vocals",
      "image_url": "https://cdn.jerrygarcia.com/wp-content/uploads/1995/07/12152447/BobWeir_200-100x100.jpg"
    },
    {
      "name": "Phil Lesh",
      "instruments": "bass, vocals",
      "image_url": "https://cdn.jerrygarcia.com/wp-content/uploads/1995/07/12145827/phil.jpg"
    },
    {
      "name": "Bill Kreutzmann",
      "instruments": "drums",
      "image_url": "https://cdn.jerrygarcia.com/wp-content/uploads/1995/07/12152447/BillKreutzmann_200-100x100.jpg"
    },
    {
      "name": "Ron \"Pigpen\" McKernan",
      "instruments": "keyboards, harmonica, percussion, vocals",
      "image_url": "https://cdn.jerrygarcia.com/wp-content/uploads/2019/12/12152433/RonPigpenMcKernan_200-100x100.jpg"
    }
  ],
  "supporting_acts_status": "found",
  "supporting_acts": [
    "Quicksilver Messenger Service",
    "Mimi Farina"
  ],
  "collection_timestamp": "2025-08-10T08:01:55.696468",
  "show_time": null,
  "recordings": [
    "gd1966-10-31.sbd.bershaw.5416.shnf"
  ],
  "best_recording": "gd1966-10-31.sbd.bershaw.5416.shnf",
  "avg_rating": 1.4285714285714286,
  "raw_rating": 2.857142857142857,
  "recording_count": 1,
  "confidence": 0.7,
  "total_high_ratings": 1,
  "total_low_ratings": 1,
  "source_types": {
    "SBD": 1
  },
  "matching_method": "date_only",
  "filtering_applied": []
}