{
  "url": "https://jerrygarcia.com/show/1966-02-25-ivar-theater-los-angeles-ca-usa/",
  "show_id": "1966-02-25-ivar-theater-los-angeles-ca-usa",
  "band": "Grateful Dead",
  "venue": "Ivar Theater",
  "location_raw": "Los Angeles, CA",
  "city": "Los Angeles",
  "state": "CA",
  "country": "USA",
  "date": "1966-02-25",
  "setlist_status": "found",
  "setlist": [
    {
      "set_name": "Set 1",
      "songs": [
        {
          "name": "On The Road Again",
          "url": "https://jerrygarcia.com/song/on-the-road-again/",
          "segue_into_next": false
        },
        {
          "name": "Next Time You See Me",
          "url": null,
          "segue_into_next": false
        },
        {
          "name": "I Know You Rider",
          "url": "https://jerrygarcia.com/song/i-know-you-rider/",
          "segue_into_next": false
        },
        {
          "name": "Hey Little One",
          "url": null,
          "segue_into_next": false
        },
        {
          "name": "Cold Rain And Snow",
          "url": "https://jerrygarcia.com/song/cold-rain-and-snow/",
          "segue_into_next": false
        },
        {
          "name": "I'm A King Bee",
          "url": null,
          "segue_into_next": true
        },
        {
          "name": "Caution (Do Not Stop On Tracks)",
          "url": "https://jerrygarcia.com/song/caution-do-not-stop-on-tracks/",
          "segue_into_next": false
        },
        {
          "name": "Stealin'",
          "url": "https://jerrygarcia.com/song/stealin/",
          "segue_into_next": false
        }
      ]
    }
  ],
  "lineup_status": "found",
  "lineup": [
    {
      "name": "Jerry Garcia",
      "instruments": "guitar, vocals",
      "image_url": "https://cdn.jerrygarcia.com/wp-content/uploads/1995/07/12152441/JerryGarcia_200-100x100.jpg"
    },
    {
      "name": "Bob Weir",
      "instruments": "guitar, vocals",
      "image_url": "https://cdn.jerrygarcia.com/wp-content/uploads/1995/07/12152447/BobWeir_200-100x100.jpg"
    },
    {
      "name": "Phil Lesh",
      "instruments": "bass, vocals",
      "image_url": "https://cdn.jerrygarcia.com/wp-content/uploads/1995/07/12145827/phil.jpg"
    },
    {
      "name": "Bill Kreutzmann",
      "instruments": "drums",
      "image_url": "https://cdn.jerrygarcia.com/wp-content/uploads/1995/07/12152447/BillKreutzmann_200-100x100.jpg"
    },
    {
      "name": "Ron \"Pigpen\" McKernan",
      "instruments": "keyboards, harmonica, percussion, vocals",
      "image_url": "https://cdn.jerrygarcia.com/wp-content/uploads/2019/12/12152433/RonPigpenMcKernan_200-100x100.jpg"
    }
  ],
  "supporting_acts_status": "missing",
  "supporting_acts": null,
  "collection_timestamp": "2025-08-10T07:59:46.115376",
  "show_time": null,
  "recordings": [
    "gd66-02-25.sbd.unknown.1593.sbefail.shnf",
    "gd1966-02-25.sbd.unknown.20346.sbeok.shnf"
  ],
  "best_recording": "gd66-02-25.sbd.unknown.1593.sbefail.shnf",
  "avg_rating": 2.4242424242424243,
  "raw_rating": 4.848484848484849,
  "recording_count": 2,
  "confidence": 1.0,
  "total_high_ratings": 65,
  "total_low_ratings": 0,
  "source_types": {
    "SBD": 2
  },
  "matching_method": "venue_based",
  "filtering_applied": [
    "venue_matching: 2 matched, 0 unmatched"
  ],
  "collections": [
    "pigpen-years"
  ]
}