{
  "url": "https://jerrygarcia.com/show/1967-01-14-polo-field-golden-gate-park-san-francisco-ca-usa/",
  "show_id": "1967-01-14-polo-field-golden-gate-park-san-francisco-ca-usa",
  "band": "Grateful Dead",
  "venue": "Polo Field, Golden Gate Park",
  "location_raw": "San Francisco, CA",
  "city": "San Francisco",
  "state": "CA",
  "country": "USA",
  "date": "1967-01-14",
  "setlist_status": "found",
  "setlist": [
    {
      "set_name": "Set 1",
      "songs": [
        {
          "name": "Morning Dew",
          "url": null,
          "segue_into_next": false
        },
        {
          "name": "Viola Lee Blues",
          "url": null,
          "segue_into_next": false
        },
        {
          "name": "Good Morning Little School Girl*",
          "url": null,
          "segue_into_next": false
        }
      ]
    }
  ],
  "lineup_status": "found",
  "lineup": [
    {
      "name": "Jerry Garcia",
      "instruments": "guitar, vocals",
      "image_url": "https://cdn.jerrygarcia.com/wp-content/uploads/1995/07/12152441/JerryGarcia_200-100x100.jpg"
    },
    {
      "name": "Bob Weir",
      "instruments": "guitar, vocals",
      "image_url": "https://cdn.jerrygarcia.com/wp-content/uploads/1995/07/12152447/BobWeir_200-100x100.jpg"
    },
    {
      "name": "Phil Lesh",
      "instruments": "bass, vocals",
      "image_url": "https://cdn.jerrygarcia.com/wp-content/uploads/1995/07/12145827/phil.jpg"
    },
    {
      "name": "Bill Kreutzmann",
      "instruments": "drums",
      "image_url": "https://cdn.jerrygarcia.com/wp-content/uploads/1995/07/12152447/BillKreutzmann_200-100x100.jpg"
    },
    {
      "name": "Ron \"Pigpen\" McKernan",
      "instruments": "keyboards, harmonica, percussion, vocals",
      "image_url": "https://cdn.jerrygarcia.com/wp-content/uploads/2019/12/12152433/RonPigpenMcKernan_200-100x100.jpg"
    }
  ],
  "supporting_acts_status": "found",
  "supporting_acts": [
    "Jefferson Airplane",
    "Quicksilver Messenger Service",
    "Country Joe & The Fish",
    "The Charlatans"
  ],
  "collection_timestamp": "2025-08-10T08:03:00.093332",
  "show_time": null,
  "recordings": [
    "gd67-01-14.sbd.vernon.9108.sbeok.shnf"
  ],
  "best_recording": "gd67-01-14.sbd.vernon.9108.sbeok.shnf",
  "avg_rating": 2.024390243902439,
  "raw_rating": 4.048780487804878,
  "recording_count": 1,
  "confidence": 1.0,
  "total_high_ratings": 30,
  "total_low_ratings": 2,
  "source_types": {
    "SBD": 1
  },
  "matching_method": "venue_based",
  "filtering_applied": [
    "venue_matching: 1 matched, 0 unmatched"
  ],
  "collections": [
    "pigpen-years"
  ]
}