{
  "url": "https://jerrygarcia.com/show/1967-06-03-gym-s-u-n-y-stony-brook-ny-usa/",
  "show_id": "1967-06-03-gym-s-u-n-y-stony-brook-ny-usa",
  "band": "Grateful Dead",
  "venue": "Pritchard Gym, S.U.N.Y.",
  "location_raw": "Stony Brook, NY",
  "city": "Stony Brook",
  "state": "NY",
  "country": "USA",
  "date": "1967-06-03",
  "setlist_status": "missing",
  "setlist": null,
  "lineup_status": "found",
  "lineup": [
    {
      "name": "Jerry Garcia",
      "instruments": "guitar, vocals",
      "image_url": "https://cdn.jerrygarcia.com/wp-content/uploads/1995/07/12152441/JerryGarcia_200-100x100.jpg"
    },
    {
      "name": "Bob Weir",
      "instruments": "guitar, vocals",
      "image_url": "https://cdn.jerrygarcia.com/wp-content/uploads/1995/07/12152447/BobWeir_200-100x100.jpg"
    },
    {
      "name": "Phil Lesh",
      "instruments": "bass, vocals",
      "image_url": "https://cdn.jerrygarcia.com/wp-content/uploads/1995/07/12145827/phil.jpg"
    },
    {
      "name": "Bill Kreutzmann",
      "instruments": "drums",
      "image_url": "https://cdn.jerrygarcia.com/wp-content/uploads/1995/07/12152447/BillKreutzmann_200-100x100.jpg"
    },
    {
      "name": "Ron \"Pigpen\" McKernan",
      "instruments": "keyboards, harmonica, percussion, vocals",
      "image_url": "https://cdn.jerrygarcia.com/wp-content/uploads/2019/12/12152433/RonPigpenMcKernan_200-100x100.jpg"
    }
  ],
  "supporting_acts_status": "missing",
  "supporting_acts": null,
  "collection_timestamp": "2025-08-10T08:04:50.145385",
  "show_time": null,
  "recordings": [],
  "best_recording": null,
  "avg_rating": 0.0,
  "recording_count": 0,
  "confidence": 0.0,
  "source_types": {},
  "matching_method": "date_only",
  "filtering_applied": []
}