{
  "url": "https://jerrygarcia.com/show/1967-04-01-the-rock-garden-san-francisco-ca-usa/",
  "show_id": "1967-04-01-the-rock-garden-san-francisco-ca-usa",
  "band": "Grateful Dead",
  "venue": "The Rock Garden",
  "location_raw": "San Francisco, CA",
  "city": "San Francisco",
  "state": "CA",
  "country": "USA",
  "date": "1967-04-01",
  "setlist_status": "missing",
  "setlist": null,
  "lineup_status": "found",
  "lineup": [
    {
      "name": "Jerry Garcia",
      "instruments": "guitar, vocals",
      "image_url": "https://cdn.jerrygarcia.com/wp-content/uploads/1995/07/12152441/JerryGarcia_200-100x100.jpg"
    },
    {
      "name": "Bob Weir",
      "instruments": "guitar, vocals",
      "image_url": "https://cdn.jerrygarcia.com/wp-content/uploads/1995/07/12152447/BobWeir_200-100x100.jpg"
    },
    {
      "name": "Phil Lesh",
      "instruments": "bass, vocals",
      "image_url": "https://cdn.jerrygarcia.com/wp-content/uploads/1995/07/12145827/phil.jpg"
    },
    {
      "name": "Bill Kreutzmann",
      "instruments": "drums",
      "image_url": "https://cdn.jerrygarcia.com/wp-content/uploads/1995/07/12152447/BillKreutzmann_200-100x100.jpg"
    },
    {
      "name": "Ron \"Pigpen\" McKernan",
      "instruments": "keyboards, harmonica, percussion, vocals",
      "image_url": "https://cdn.jerrygarcia.com/wp-content/uploads/2019/12/12152433/RonPigpenMcKernan_200-100x100.jpg"
    }
  ],
  "supporting_acts_status": "found",
  "supporting_acts": [
    "The Charles Lloyd Quintet",
    "Mystery Trend"
  ],
  "collection_timestamp": "2025-08-10T08:04:02.276109",
  "show_time": null,
  "recordings": [
    "gd67-04-xx.prefm.vernon.9261.sbeok.shnf"
  ],
  "best_recording": "gd67-04-xx.prefm.vernon.9261.sbeok.shnf",
  "avg_rating": 2.3684210526315788,
  "raw_rating": 4.7368421052631575,
  "recording_count": 1,
  "confidence": 1.0,
  "total_high_ratings": 18,
  "total_low_ratings": 0,
  "source_types": {
    "FM": 1
  },
  "matching_method": "date_only",
  "filtering_applied": [],
  "collections": [
    "pigpen-years"
  ]
}