{
  "url": "https://jerrygarcia.com/show/1967-01-27-avalon-ballroom-san-francisco-ca-usa/",
  "show_id": "1967-01-27-avalon-ballroom-san-francisco-ca-usa",
  "band": "Grateful Dead",
  "venue": "Avalon Ballroom",
  "location_raw": "San Francisco, CA",
  "city": "San Francisco",
  "state": "CA",
  "country": "USA",
  "date": "1967-01-27",
  "setlist_status": "missing",
  "setlist": null,
  "lineup_status": "found",
  "lineup": [
    {
      "name": "Jerry Garcia",
      "instruments": "guitar, vocals",
      "image_url": "https://cdn.jerrygarcia.com/wp-content/uploads/1995/07/12152441/JerryGarcia_200-100x100.jpg"
    },
    {
      "name": "Bob Weir",
      "instruments": "guitar, vocals",
      "image_url": "https://cdn.jerrygarcia.com/wp-content/uploads/1995/07/12152447/BobWeir_200-100x100.jpg"
    },
    {
      "name": "Phil Lesh",
      "instruments": "bass, vocals",
      "image_url": "https://cdn.jerrygarcia.com/wp-content/uploads/1995/07/12145827/phil.jpg"
    },
    {
      "name": "Bill Kreutzmann",
      "instruments": "drums",
      "image_url": "https://cdn.jerrygarcia.com/wp-content/uploads/1995/07/12152447/BillKreutzmann_200-100x100.jpg"
    },
    {
      "name": "Ron \"Pigpen\" McKernan",
      "instruments": "keyboards, harmonica, percussion, vocals",
      "image_url": "https://cdn.jerrygarcia.com/wp-content/uploads/2019/12/12152433/RonPigpenMcKernan_200-100x100.jpg"
    }
  ],
  "supporting_acts_status": "found",
  "supporting_acts": [
    "Quicksilver Messenger Service"
  ],
  "collection_timestamp": "2025-08-10T08:03:08.235015",
  "show_time": null,
  "recordings": [
    "gd1967-01-27.sbd.8762.shnf",
    "gd67-01-27.aud.hanno.16744.sbeok.shnf"
  ],
  "best_recording": "gd1967-01-27.sbd.8762.shnf",
  "avg_rating": 1.651015228426396,
  "raw_rating": 3.314814814814815,
  "recording_count": 2,
  "confidence": 1.0,
  "total_high_ratings": 29,
  "total_low_ratings": 14,
  "source_types": {
    "SBD": 1,
    "AUD": 1
  },
  "matching_method": "date_only",
  "filtering_applied": []
}