{
  "url": "https://jerrygarcia.com/show/1967-08-05-okeefe-center-toronto-ontario-canada/",
  "show_id": "1967-08-05-okeefe-center-toronto-ontario-canada",
  "band": "Grateful Dead",
  "venue": "O'Keefe Center",
  "location_raw": "Toronto, Ontario",
  "city": "Toronto",
  "state": "Ontario",
  "country": null,
  "date": "1967-08-05",
  "setlist_status": "missing",
  "setlist": null,
  "lineup_status": "found",
  "lineup": [
    {
      "name": "Jerry Garcia",
      "instruments": "guitar, vocals",
      "image_url": "https://cdn.jerrygarcia.com/wp-content/uploads/1995/07/12152441/JerryGarcia_200-100x100.jpg"
    },
    {
      "name": "Bob Weir",
      "instruments": "guitar, vocals",
      "image_url": "https://cdn.jerrygarcia.com/wp-content/uploads/1995/07/12152447/BobWeir_200-100x100.jpg"
    },
    {
      "name": "Phil Lesh",
      "instruments": "bass, vocals",
      "image_url": "https://cdn.jerrygarcia.com/wp-content/uploads/1995/07/12145827/phil.jpg"
    },
    {
      "name": "Bill Kreutzmann",
      "instruments": "drums",
      "image_url": "https://cdn.jerrygarcia.com/wp-content/uploads/1995/07/12152447/BillKreutzmann_200-100x100.jpg"
    },
    {
      "name": "Ron \"Pigpen\" McKernan",
      "instruments": "keyboards, harmonica, percussion, vocals",
      "image_url": "https://cdn.jerrygarcia.com/wp-content/uploads/2019/12/12152433/RonPigpenMcKernan_200-100x100.jpg"
    }
  ],
  "supporting_acts_status": "found",
  "supporting_acts": [
    "Jefferson Airplane",
    "Luke And The Apostles"
  ],
  "collection_timestamp": "2025-08-10T08:05:58.220680",
  "show_time": "early",
  "recordings": [
    "gd67-08-05.sbd.hanno.16753.sbeok.shnf",
    "gd1967-08-05.sbd.10356.shnf",
    "gd1967-08-05.sbd.vernon.9111.sbeok.shnf",
    "gd1967-08-05.169430.sbd.flegel.flac1648",
    "gd1967-08-05.173237.R2R.altxfer.flegel.flac1644"
  ],
  "best_recording": "gd67-08-05.sbd.hanno.16753.sbeok.shnf",
  "avg_rating": 2.2799999999999994,
  "raw_rating": 4.76,
  "recording_count": 5,
  "confidence": 1.0,
  "total_high_ratings": 25,
  "total_low_ratings": 0,
  "source_types": {
    "SBD": 4,
    "UNKNOWN": 1
  },
  "matching_method": "time_based",
  "filtering_applied": [
    "show_time: early"
  ],
  "collections": [
    "pigpen-years"
  ]
}