{
  "url": "https://jerrygarcia.com/show/1967-03-18-winterland-arena-san-francisco-ca-usa/",
  "show_id": "1967-03-18-winterland-arena-san-francisco-ca-usa",
  "band": "Grateful Dead",
  "venue": "Winterland Arena",
  "location_raw": "San Francisco, CA",
  "city": "San Francisco",
  "state": "CA",
  "country": "USA",
  "date": "1967-03-18",
  "setlist_status": "found",
  "setlist": [
    {
      "set_name": "Set 1",
      "songs": [
        {
          "name": "Me And My Uncle",
          "url": null,
          "segue_into_next": false
        },
        {
          "name": "Next Time You See Me",
          "url": null,
          "segue_into_next": false
        },
        {
          "name": "He Was A Friend Of Mine",
          "url": null,
          "segue_into_next": false
        },
        {
          "name": "Smokestack Lightning",
          "url": null,
          "segue_into_next": false
        },
        {
          "name": "Morning Dew",
          "url": null,
          "segue_into_next": false
        },
        {
          "name": "It Hurts Me Too",
          "url": null,
          "segue_into_next": false
        },
        {
          "name": "Beat It On Down The Line",
          "url": "https://jerrygarcia.com/song/beat-it-on-down-the-line/",
          "segue_into_next": false
        },
        {
          "name": "Dancin' In The Street",
          "url": null,
          "segue_into_next": false
        }
      ]
    },
    {
      "set_name": "Set 2",
      "songs": [
        {
          "name": "The Golden Road [To Unlimited Devotion]",
          "url": "https://jerrygarcia.com/song/the-golden-road-to-unlimited-devotion/",
          "segue_into_next": false
        },
        {
          "name": "Cream Puff War",
          "url": "https://jerrygarcia.com/song/cream-puff-war/",
          "segue_into_next": false
        },
        {
          "name": "The Same Thing",
          "url": null,
          "segue_into_next": false
        },
        {
          "name": "Cold Rain And Snow",
          "url": "https://jerrygarcia.com/song/cold-rain-and-snow/",
          "segue_into_next": false
        },
        {
          "name": "Viola Lee Blues",
          "url": null,
          "segue_into_next": false
        },
        {
          "name": "Death Don't Have No Mercy",
          "url": null,
          "segue_into_next": false
        }
      ]
    }
  ],
  "lineup_status": "found",
  "lineup": [
    {
      "name": "Jerry Garcia",
      "instruments": "guitar, vocals",
      "image_url": "https://cdn.jerrygarcia.com/wp-content/uploads/1995/07/12152441/JerryGarcia_200-100x100.jpg"
    },
    {
      "name": "Bob Weir",
      "instruments": "guitar, vocals",
      "image_url": "https://cdn.jerrygarcia.com/wp-content/uploads/1995/07/12152447/BobWeir_200-100x100.jpg"
    },
    {
      "name": "Phil Lesh",
      "instruments": "bass, vocals",
      "image_url": "https://cdn.jerrygarcia.com/wp-content/uploads/1995/07/12145827/phil.jpg"
    },
    {
      "name": "Bill Kreutzmann",
      "instruments": "drums",
      "image_url": "https://cdn.jerrygarcia.com/wp-content/uploads/1995/07/12152447/BillKreutzmann_200-100x100.jpg"
    },
    {
      "name": "Ron \"Pigpen\" McKernan",
      "instruments": "keyboards, harmonica, percussion, vocals",
      "image_url": "https://cdn.jerrygarcia.com/wp-content/uploads/2019/12/12152433/RonPigpenMcKernan_200-100x100.jpg"
    }
  ],
  "supporting_acts_status": "found",
  "supporting_acts": [
    "Chuck Berry",
    "Johnny Talbot & De Thangs"
  ],
  "collection_timestamp": "2025-08-10T08:03:42.151101",
  "show_time": null,
  "recordings": [
    "gd67-03-18.sbd.fink.10282.sbeok.shnf",
    "gd1967-03-18.sbd.sacks.1594.shnf",
    "gd1967-03-18.156086.sbd.Flegel.flac1648",
    "gd1967-03-18.141400.sbd.dalton.miller.clugston.flac1648"
  ],
  "best_recording": "gd67-03-18.sbd.fink.10282.sbeok.shnf",
  "avg_rating": 2.3333333333333335,
  "raw_rating": 4.7101449275362315,
  "recording_count": 4,
  "confidence": 1.0,
  "total_high_ratings": 66,
  "total_low_ratings": 0,
  "source_types": {
    "SBD": 4
  },
  "matching_method": "date_only",
  "filtering_applied": [],
  "collections": [
    "pigpen-years"
  ]
}