{
  "url": "https://jerrygarcia.com/show/1967-06-18-monterey-fairgrounds-monterey-ca-usa/",
  "show_id": "1967-06-18-monterey-fairgrounds-monterey-ca-usa",
  "band": "Grateful Dead",
  "venue": "Monterey Fairgrounds",
  "location_raw": "Monterey, CA",
  "city": "Monterey",
  "state": "CA",
  "country": "USA",
  "date": "1967-06-18",
  "setlist_status": "found",
  "setlist": [
    {
      "set_name": "Set 1",
      "songs": [
        {
          "name": "Viola Lee Blues",
          "url": null,
          "segue_into_next": false
        },
        {
          "name": "Cold Rain And Snow",
          "url": "https://jerrygarcia.com/song/cold-rain-and-snow/",
          "segue_into_next": false
        },
        {
          "name": "Alligator",
          "url": "https://jerrygarcia.com/song/alligator/",
          "segue_into_next": true
        },
        {
          "name": "Caution (Do Not Stop On Tracks)",
          "url": "https://jerrygarcia.com/song/caution-do-not-stop-on-tracks/",
          "segue_into_next": false
        }
      ]
    }
  ],
  "lineup_status": "found",
  "lineup": [
    {
      "name": "Jerry Garcia",
      "instruments": "guitar, vocals",
      "image_url": "https://cdn.jerrygarcia.com/wp-content/uploads/1995/07/12152441/JerryGarcia_200-100x100.jpg"
    },
    {
      "name": "Bob Weir",
      "instruments": "guitar, vocals",
      "image_url": "https://cdn.jerrygarcia.com/wp-content/uploads/1995/07/12152447/BobWeir_200-100x100.jpg"
    },
    {
      "name": "Phil Lesh",
      "instruments": "bass, vocals",
      "image_url": "https://cdn.jerrygarcia.com/wp-content/uploads/1995/07/12145827/phil.jpg"
    },
    {
      "name": "Bill Kreutzmann",
      "instruments": "drums",
      "image_url": "https://cdn.jerrygarcia.com/wp-content/uploads/1995/07/12152447/BillKreutzmann_200-100x100.jpg"
    },
    {
      "name": "Ron \"Pigpen\" McKernan",
      "instruments": "keyboards, harmonica, percussion, vocals",
      "image_url": "https://cdn.jerrygarcia.com/wp-content/uploads/2019/12/12152433/RonPigpenMcKernan_200-100x100.jpg"
    }
  ],
  "supporting_acts_status": "found",
  "supporting_acts": [
    "The Blues Project",
    "Big Brother And The Holding Company",
    "The Group With No Name",
    "Buffalo Springfield",
    "The Jimi Hendrix Experience",
    "Ravi Shankar",
    "The Who",
    "Scott McKenzie",
    "The Mama's & The Papa's"
  ],
  "collection_timestamp": "2025-08-10T08:05:22.138881",
  "show_time": null,
  "recordings": [
    "gd67-06-18.sbd.hollister.42.sbeok.shnf",
    "gd67-06-18.sbd.mandrake.19586.sbeok.shnf",
    "gd1967-06-18.115858.sbd.kaplan.flac16"
  ],
  "best_recording": "gd67-06-18.sbd.hollister.42.sbeok.shnf",
  "avg_rating": 2.127906976744186,
  "raw_rating": 4.255813953488372,
  "recording_count": 3,
  "confidence": 1.0,
  "total_high_ratings": 35,
  "total_low_ratings": 1,
  "source_types": {
    "SBD": 3
  },
  "matching_method": "date_only",
  "filtering_applied": []
}