{
  "url": "https://jerrygarcia.com/show/1967-09-04-dance-hall-rio-nido-ca-usa/",
  "show_id": "1967-09-04-dance-hall-rio-nido-ca-usa",
  "band": "Grateful Dead",
  "venue": "Dance Hall",
  "location_raw": "Rio Nido, CA",
  "city": "Rio Nido",
  "state": "CA",
  "country": "USA",
  "date": "1967-09-04",
  "setlist_status": "found",
  "setlist": [
    {
      "set_name": "Set 1",
      "songs": [
        {
          "name": "Caution (Do Not Stop On Tracks) Jam",
          "url": null,
          "segue_into_next": true
        },
        {
          "name": "Feedback",
          "url": null,
          "segue_into_next": false
        }
      ]
    }
  ],
  "lineup_status": "found",
  "lineup": [
    {
      "name": "Jerry Garcia",
      "instruments": "guitar, vocals",
      "image_url": "https://cdn.jerrygarcia.com/wp-content/uploads/1995/07/12152441/JerryGarcia_200-100x100.jpg"
    },
    {
      "name": "Bob Weir",
      "instruments": "guitar, vocals",
      "image_url": "https://cdn.jerrygarcia.com/wp-content/uploads/1995/07/12152447/BobWeir_200-100x100.jpg"
    },
    {
      "name": "Phil Lesh",
      "instruments": "bass, vocals",
      "image_url": "https://cdn.jerrygarcia.com/wp-content/uploads/1995/07/12145827/phil.jpg"
    },
    {
      "name": "Bill Kreutzmann",
      "instruments": "drums",
      "image_url": "https://cdn.jerrygarcia.com/wp-content/uploads/1995/07/12152447/BillKreutzmann_200-100x100.jpg"
    },
    {
      "name": "Ron \"Pigpen\" McKernan",
      "instruments": "keyboards, harmonica, percussion, vocals",
      "image_url": "https://cdn.jerrygarcia.com/wp-content/uploads/2019/12/12152433/RonPigpenMcKernan_200-100x100.jpg"
    }
  ],
  "supporting_acts_status": "missing",
  "supporting_acts": null,
  "collection_timestamp": "2025-08-10T08:06:23.686357",
  "show_time": null,
  "recordings": [
    "gd67-09-04.sbd.partial.jools.19514.19526.sbeok.shnf"
  ],
  "best_recording": "gd67-09-04.sbd.partial.jools.19514.19526.sbeok.shnf",
  "avg_rating": 1.9444444444444444,
  "raw_rating": 3.888888888888889,
  "recording_count": 1,
  "confidence": 0.9,
  "total_high_ratings": 6,
  "total_low_ratings": 1,
  "source_types": {
    "SBD": 1
  },
  "matching_method": "date_only",
  "filtering_applied": []
}