{
  "url": "https://jerrygarcia.com/show/1967-08-04-okeefe-center-toronto-ontario-canada/",
  "show_id": "1967-08-04-okeefe-center-toronto-ontario-canada",
  "band": "Grateful Dead",
  "venue": "O'Keefe Center",
  "location_raw": "Toronto, Ontario",
  "city": "Toronto",
  "state": "Ontario",
  "country": null,
  "date": "1967-08-04",
  "setlist_status": "found",
  "setlist": [
    {
      "set_name": "Set 1",
      "songs": [
        {
          "name": "New Potato Caboose",
          "url": "https://jerrygarcia.com/song/new-potato-caboose/",
          "segue_into_next": false
        },
        {
          "name": "Viola Lee Blues",
          "url": null,
          "segue_into_next": false
        }
      ]
    }
  ],
  "lineup_status": "found",
  "lineup": [
    {
      "name": "Jerry Garcia",
      "instruments": "guitar, vocals",
      "image_url": "https://cdn.jerrygarcia.com/wp-content/uploads/1995/07/12152441/JerryGarcia_200-100x100.jpg"
    },
    {
      "name": "Bob Weir",
      "instruments": "guitar, vocals",
      "image_url": "https://cdn.jerrygarcia.com/wp-content/uploads/1995/07/12152447/BobWeir_200-100x100.jpg"
    },
    {
      "name": "Phil Lesh",
      "instruments": "bass, vocals",
      "image_url": "https://cdn.jerrygarcia.com/wp-content/uploads/1995/07/12145827/phil.jpg"
    },
    {
      "name": "Bill Kreutzmann",
      "instruments": "drums",
      "image_url": "https://cdn.jerrygarcia.com/wp-content/uploads/1995/07/12152447/BillKreutzmann_200-100x100.jpg"
    },
    {
      "name": "Ron \"Pigpen\" McKernan",
      "instruments": "keyboards, harmonica, percussion, vocals",
      "image_url": "https://cdn.jerrygarcia.com/wp-content/uploads/2019/12/12152433/RonPigpenMcKernan_200-100x100.jpg"
    }
  ],
  "supporting_acts_status": "found",
  "supporting_acts": [
    "Jefferson Airplane",
    "Luke And The Apostles"
  ],
  "collection_timestamp": "2025-08-10T08:05:56.122558",
  "show_time": null,
  "recordings": [
    "gd67-08-04.sbd.hanno.16752.sbeok.shnf",
    "gd1967-08-04.09110.sbd.vernon.shnf",
    "gd1967-08-04.10355.sbd.hurwitt.shnf"
  ],
  "best_recording": "gd67-08-04.sbd.hanno.16752.sbeok.shnf",
  "avg_rating": 2.262962962962963,
  "raw_rating": 4.592592592592593,
  "recording_count": 3,
  "confidence": 1.0,
  "total_high_ratings": 26,
  "total_low_ratings": 0,
  "source_types": {
    "SBD": 3
  },
  "matching_method": "date_only",
  "filtering_applied": []
}