{
  "url": "https://jerrygarcia.com/show/1968-01-27-eagles-auditorium-seattle-wa-usa/",
  "show_id": "1968-01-27-eagles-auditorium-seattle-wa-usa",
  "band": "Grateful Dead",
  "venue": "Eagle's Auditorium",
  "location_raw": "Seattle, WA",
  "city": "Seattle",
  "state": "WA",
  "country": "USA",
  "date": "1968-01-27",
  "setlist_status": "found",
  "setlist": [
    {
      "set_name": "Set 1",
      "songs": [
        {
          "name": "Cryptical Envelopment",
          "url": "https://jerrygarcia.com/song/cryptical-envelopment/",
          "segue_into_next": true
        },
        {
          "name": "The Other One",
          "url": "https://jerrygarcia.com/song/the-other-one/",
          "segue_into_next": true
        },
        {
          "name": "Cryptical Envelopment",
          "url": "https://jerrygarcia.com/song/cryptical-envelopment/",
          "segue_into_next": true
        },
        {
          "name": "Clementine",
          "url": "https://jerrygarcia.com/song/clementine/",
          "segue_into_next": true
        },
        {
          "name": "New Potato Caboose",
          "url": "https://jerrygarcia.com/song/new-potato-caboose/",
          "segue_into_next": true
        },
        {
          "name": "Born Cross-Eyed",
          "url": "https://jerrygarcia.com/song/born-cross-eyed/",
          "segue_into_next": true
        },
        {
          "name": "Spanish Jam",
          "url": null,
          "segue_into_next": false
        },
        {
          "name": "Viola Lee Blues",
          "url": null,
          "segue_into_next": false
        },
        {
          "name": "Beat It On Down The Line",
          "url": "https://jerrygarcia.com/song/beat-it-on-down-the-line/",
          "segue_into_next": false
        },
        {
          "name": "It Hurts Me Too",
          "url": null,
          "segue_into_next": false
        },
        {
          "name": "Dark Star",
          "url": "https://jerrygarcia.com/song/dark-star/",
          "segue_into_next": true
        },
        {
          "name": "China Cat Sunflower",
          "url": "https://jerrygarcia.com/song/china-cat-sunflower/",
          "segue_into_next": true
        },
        {
          "name": "The Eleven",
          "url": "https://jerrygarcia.com/song/the-eleven/",
          "segue_into_next": false
        },
        {
          "name": "Turn On Your Lovelight",
          "url": null,
          "segue_into_next": false
        }
      ]
    }
  ],
  "lineup_status": "found",
  "lineup": [
    {
      "name": "Jerry Garcia",
      "instruments": "guitar, vocals",
      "image_url": "https://cdn.jerrygarcia.com/wp-content/uploads/1995/07/12152441/JerryGarcia_200-100x100.jpg"
    },
    {
      "name": "Bob Weir",
      "instruments": "guitar, vocals",
      "image_url": "https://cdn.jerrygarcia.com/wp-content/uploads/1995/07/12152447/BobWeir_200-100x100.jpg"
    },
    {
      "name": "Phil Lesh",
      "instruments": "bass, vocals",
      "image_url": "https://cdn.jerrygarcia.com/wp-content/uploads/1995/07/12145827/phil.jpg"
    },
    {
      "name": "Bill Kreutzmann",
      "instruments": "drums",
      "image_url": "https://cdn.jerrygarcia.com/wp-content/uploads/1995/07/12152447/BillKreutzmann_200-100x100.jpg"
    },
    {
      "name": "Mickey Hart",
      "instruments": "drums",
      "image_url": "https://cdn.jerrygarcia.com/wp-content/uploads/1995/07/12152436/MickeyHart_200-100x100.jpg"
    },
    {
      "name": "Ron \"Pigpen\" McKernan",
      "instruments": "keyboards, harmonica, percussion, vocals",
      "image_url": "https://cdn.jerrygarcia.com/wp-content/uploads/2019/12/12152433/RonPigpenMcKernan_200-100x100.jpg"
    }
  ],
  "supporting_acts_status": "found",
  "supporting_acts": [
    "Quicksliver Messenger Service"
  ],
  "collection_timestamp": "2025-08-10T08:07:26.133802",
  "show_time": null,
  "recordings": [
    "gd1968-01-27.sbd.miller.97344.sbeok.flac16",
    "gd68-01-27.sbd.jools.14736.sbeok.shnf"
  ],
  "best_recording": "gd1968-01-27.sbd.miller.97344.sbeok.flac16",
  "avg_rating": 2.6923076923076925,
  "raw_rating": 3.8461538461538463,
  "recording_count": 2,
  "confidence": 1.0,
  "total_high_ratings": 8,
  "total_low_ratings": 1,
  "source_types": {
    "SBD": 2
  },
  "matching_method": "date_only",
  "filtering_applied": [],
  "collections": [
    "pigpen-years"
  ]
}