{
  "url": "https://jerrygarcia.com/show/1968-02-02-crystal-ballroom-portland-or-usa/",
  "show_id": "1968-02-02-crystal-ballroom-portland-or-usa",
  "band": "Grateful Dead",
  "venue": "Crystal Ballroom",
  "location_raw": "Portland, OR",
  "city": "Portland",
  "state": "OR",
  "country": "USA",
  "date": "1968-02-02",
  "setlist_status": "found",
  "setlist": [
    {
      "set_name": "Set 1",
      "songs": [
        {
          "name": "Viola Lee Blues",
          "url": null,
          "segue_into_next": false
        },
        {
          "name": "Cryptical Envelopment",
          "url": "https://jerrygarcia.com/song/cryptical-envelopment/",
          "segue_into_next": true
        },
        {
          "name": "The Other One",
          "url": "https://jerrygarcia.com/song/the-other-one/",
          "segue_into_next": true
        },
        {
          "name": "Cryptical Envelopment",
          "url": "https://jerrygarcia.com/song/cryptical-envelopment/",
          "segue_into_next": true
        },
        {
          "name": "Clementine",
          "url": "https://jerrygarcia.com/song/clementine/",
          "segue_into_next": true
        },
        {
          "name": "Good Morning Little School Girl",
          "url": null,
          "segue_into_next": false
        }
      ]
    }
  ],
  "lineup_status": "found",
  "lineup": [
    {
      "name": "Jerry Garcia",
      "instruments": "guitar, vocals",
      "image_url": "https://cdn.jerrygarcia.com/wp-content/uploads/1995/07/12152441/JerryGarcia_200-100x100.jpg"
    },
    {
      "name": "Bob Weir",
      "instruments": "guitar, vocals",
      "image_url": "https://cdn.jerrygarcia.com/wp-content/uploads/1995/07/12152447/BobWeir_200-100x100.jpg"
    },
    {
      "name": "Phil Lesh",
      "instruments": "bass, vocals",
      "image_url": "https://cdn.jerrygarcia.com/wp-content/uploads/1995/07/12145827/phil.jpg"
    },
    {
      "name": "Bill Kreutzmann",
      "instruments": "drums",
      "image_url": "https://cdn.jerrygarcia.com/wp-content/uploads/1995/07/12152447/BillKreutzmann_200-100x100.jpg"
    },
    {
      "name": "Mickey Hart",
      "instruments": "drums",
      "image_url": "https://cdn.jerrygarcia.com/wp-content/uploads/1995/07/12152436/MickeyHart_200-100x100.jpg"
    },
    {
      "name": "Ron \"Pigpen\" McKernan",
      "instruments": "keyboards, harmonica, percussion, vocals",
      "image_url": "https://cdn.jerrygarcia.com/wp-content/uploads/2019/12/12152433/RonPigpenMcKernan_200-100x100.jpg"
    }
  ],
  "supporting_acts_status": "found",
  "supporting_acts": [
    "Quicksilver Messenger Service",
    "PH Phactor Jug Band"
  ],
  "collection_timestamp": "2025-08-10T08:07:32.206957",
  "show_time": null,
  "recordings": [
    "gd68-02-02.sbd.jools.15801.sbeok.shnf",
    "gd1968-02-02.sbd.miller.97345.sbeok.flac16",
    "gd1968-02-02.sbd.jools.20299.sbeok.shnf"
  ],
  "best_recording": "gd68-02-02.sbd.jools.15801.sbeok.shnf",
  "avg_rating": 2.385416666666667,
  "raw_rating": 4.8125,
  "recording_count": 3,
  "confidence": 1.0,
  "total_high_ratings": 47,
  "total_low_ratings": 0,
  "source_types": {
    "SBD": 3
  },
  "matching_method": "date_only",
  "filtering_applied": []
}