{
  "url": "https://jerrygarcia.com/show/1968-01-20-eureka-municipal-auditorium-eureka-ca-usa/",
  "show_id": "1968-01-20-eureka-municipal-auditorium-eureka-ca-usa",
  "band": "Grateful Dead",
  "venue": "Eureka Municipal Auditorium",
  "location_raw": "Eureka, CA",
  "city": "Eureka",
  "state": "CA",
  "country": "USA",
  "date": "1968-01-20",
  "setlist_status": "found",
  "setlist": [
    {
      "set_name": "Set 1",
      "songs": [
        {
          "name": "Jam",
          "url": "https://jerrygarcia.com/song/jam/",
          "segue_into_next": true
        },
        {
          "name": "Clementine",
          "url": "https://jerrygarcia.com/song/clementine/",
          "segue_into_next": true
        },
        {
          "name": "New Potato Caboose",
          "url": "https://jerrygarcia.com/song/new-potato-caboose/",
          "segue_into_next": true
        },
        {
          "name": "Born Cross-Eyed",
          "url": "https://jerrygarcia.com/song/born-cross-eyed/",
          "segue_into_next": true
        },
        {
          "name": "Feedback",
          "url": null,
          "segue_into_next": true
        },
        {
          "name": "Spanish Jam",
          "url": null,
          "segue_into_next": true
        },
        {
          "name": "Caution (Do Not Stop On Tracks)",
          "url": "https://jerrygarcia.com/song/caution-do-not-stop-on-tracks/",
          "segue_into_next": true
        },
        {
          "name": "Dark Star",
          "url": "https://jerrygarcia.com/song/dark-star/",
          "segue_into_next": false
        }
      ]
    }
  ],
  "lineup_status": "found",
  "lineup": [
    {
      "name": "Jerry Garcia",
      "instruments": "guitar, vocals",
      "image_url": "https://cdn.jerrygarcia.com/wp-content/uploads/1995/07/12152441/JerryGarcia_200-100x100.jpg"
    },
    {
      "name": "Bob Weir",
      "instruments": "guitar, vocals",
      "image_url": "https://cdn.jerrygarcia.com/wp-content/uploads/1995/07/12152447/BobWeir_200-100x100.jpg"
    },
    {
      "name": "Phil Lesh",
      "instruments": "bass, vocals",
      "image_url": "https://cdn.jerrygarcia.com/wp-content/uploads/1995/07/12145827/phil.jpg"
    },
    {
      "name": "Bill Kreutzmann",
      "instruments": "drums",
      "image_url": "https://cdn.jerrygarcia.com/wp-content/uploads/1995/07/12152447/BillKreutzmann_200-100x100.jpg"
    },
    {
      "name": "Mickey Hart",
      "instruments": "drums",
      "image_url": "https://cdn.jerrygarcia.com/wp-content/uploads/1995/07/12152436/MickeyHart_200-100x100.jpg"
    },
    {
      "name": "Ron \"Pigpen\" McKernan",
      "instruments": "keyboards, harmonica, percussion, vocals",
      "image_url": "https://cdn.jerrygarcia.com/wp-content/uploads/2019/12/12152433/RonPigpenMcKernan_200-100x100.jpg"
    }
  ],
  "supporting_acts_status": "found",
  "supporting_acts": [
    "Quicksliver Messenger Service"
  ],
  "collection_timestamp": "2025-08-10T08:07:22.090753",
  "show_time": null,
  "recordings": [
    "gd1968-01-20.sbd.clugston.5181.sbeok.shnf",
    "gd1968-01-20.sbd.miller.97340.sbeok.flac16",
    "gd68-01-20.sbd.jools.19470.sbe-fixed.shnf",
    "gd1968-01-20.sbd.abe.4990.sbeok.shnf",
    "gd1968-01-20.sbd.ward.47.sbeok.shnf"
  ],
  "best_recording": "gd1968-01-20.sbd.clugston.5181.sbeok.shnf",
  "avg_rating": 3.3517647058823523,
  "raw_rating": 4.788235294117647,
  "recording_count": 5,
  "confidence": 1.0,
  "total_high_ratings": 81,
  "total_low_ratings": 3,
  "source_types": {
    "SBD": 5
  },
  "matching_method": "date_only",
  "filtering_applied": [],
  "collections": [
    "pigpen-years"
  ]
}