{
  "url": "https://jerrygarcia.com/show/1968-09-20-berkeley-community-theater-berkeley-ca-usa/",
  "show_id": "1968-09-20-berkeley-community-theater-berkeley-ca-usa",
  "band": "Grateful Dead",
  "venue": "Berkeley Community Theater",
  "location_raw": "Berkeley, CA",
  "city": "Berkeley",
  "state": "CA",
  "country": "USA",
  "date": "1968-09-20",
  "setlist_status": "found",
  "setlist": [
    {
      "set_name": "Set 1",
      "songs": [
        {
          "name": "Good Morning Little School Girl",
          "url": null,
          "segue_into_next": false
        },
        {
          "name": "Saint Stephen",
          "url": "https://jerrygarcia.com/song/saint-stephen/",
          "segue_into_next": true
        },
        {
          "name": "The Eleven",
          "url": "https://jerrygarcia.com/song/the-eleven/",
          "segue_into_next": true
        },
        {
          "name": "Drums*",
          "url": null,
          "segue_into_next": false
        }
      ]
    }
  ],
  "lineup_status": "found",
  "lineup": [
    {
      "name": "Jerry Garcia",
      "instruments": "guitar, vocals",
      "image_url": "https://cdn.jerrygarcia.com/wp-content/uploads/1995/07/12152441/JerryGarcia_200-100x100.jpg"
    },
    {
      "name": "Bob Weir",
      "instruments": "guitar, vocals",
      "image_url": "https://cdn.jerrygarcia.com/wp-content/uploads/1995/07/12152447/BobWeir_200-100x100.jpg"
    },
    {
      "name": "Phil Lesh",
      "instruments": "bass, vocals",
      "image_url": "https://cdn.jerrygarcia.com/wp-content/uploads/1995/07/12145827/phil.jpg"
    },
    {
      "name": "Bill Kreutzmann",
      "instruments": "drums",
      "image_url": "https://cdn.jerrygarcia.com/wp-content/uploads/1995/07/12152447/BillKreutzmann_200-100x100.jpg"
    },
    {
      "name": "Mickey Hart",
      "instruments": "drums",
      "image_url": "https://cdn.jerrygarcia.com/wp-content/uploads/1995/07/12152436/MickeyHart_200-100x100.jpg"
    },
    {
      "name": "Ron \"Pigpen\" McKernan",
      "instruments": "keyboards, harmonica, percussion, vocals",
      "image_url": "https://cdn.jerrygarcia.com/wp-content/uploads/2019/12/12152433/RonPigpenMcKernan_200-100x100.jpg"
    }
  ],
  "supporting_acts_status": "found",
  "supporting_acts": [
    "Steve Miller Band",
    "Ace Of Cups"
  ],
  "collection_timestamp": "2025-08-10T08:10:20.157068",
  "show_time": null,
  "recordings": [
    "gd68-09-20.sbd.partial.vernon.5930.sbeok.shnf",
    "gd1968-09-20.sbd.miller.32900.sbeok.flac16",
    "gd1968-09-20.sbd.miller.115682.flac16"
  ],
  "best_recording": "gd68-09-20.sbd.partial.vernon.5930.sbeok.shnf",
  "avg_rating": 2.0249999999999995,
  "raw_rating": 3.5,
  "recording_count": 3,
  "confidence": 1.0,
  "total_high_ratings": 5,
  "total_low_ratings": 0,
  "source_types": {
    "SBD": 3
  },
  "matching_method": "date_only",
  "filtering_applied": []
}