{
  "url": "https://jerrygarcia.com/show/1968-11-01-silver-dollar-fairgrounds-chico-ca-usa/",
  "show_id": "1968-11-01-silver-dollar-fairgrounds-chico-ca-usa",
  "band": "Grateful Dead",
  "venue": "Silver Dollar Fairgrounds",
  "location_raw": "Chico, CA",
  "city": "Chico",
  "state": "CA",
  "country": "USA",
  "date": "1968-11-01",
  "setlist_status": "found",
  "setlist": [
    {
      "set_name": "Set 1",
      "songs": [
        {
          "name": "Dark Star",
          "url": "https://jerrygarcia.com/song/dark-star/",
          "segue_into_next": true
        },
        {
          "name": "Cryptical Envelopment",
          "url": "https://jerrygarcia.com/song/cryptical-envelopment/",
          "segue_into_next": true
        },
        {
          "name": "The Other One",
          "url": "https://jerrygarcia.com/song/the-other-one/",
          "segue_into_next": true
        },
        {
          "name": "Cryptical Envelopment",
          "url": "https://jerrygarcia.com/song/cryptical-envelopment/",
          "segue_into_next": true
        },
        {
          "name": "New Potato Caboose",
          "url": "https://jerrygarcia.com/song/new-potato-caboose/",
          "segue_into_next": true
        },
        {
          "name": "Alligator",
          "url": "https://jerrygarcia.com/song/alligator/",
          "segue_into_next": true
        },
        {
          "name": "Caution (Do Not Stop On Tracks)",
          "url": "https://jerrygarcia.com/song/caution-do-not-stop-on-tracks/",
          "segue_into_next": true
        },
        {
          "name": "Feedback",
          "url": null,
          "segue_into_next": true
        },
        {
          "name": "And We Bid You Good Night",
          "url": null,
          "segue_into_next": false
        }
      ]
    }
  ],
  "lineup_status": "found",
  "lineup": [
    {
      "name": "Jerry Garcia",
      "instruments": "guitar, vocals",
      "image_url": "https://cdn.jerrygarcia.com/wp-content/uploads/1995/07/12152441/JerryGarcia_200-100x100.jpg"
    },
    {
      "name": "Bob Weir",
      "instruments": "guitar, vocals",
      "image_url": "https://cdn.jerrygarcia.com/wp-content/uploads/1995/07/12152447/BobWeir_200-100x100.jpg"
    },
    {
      "name": "Phil Lesh",
      "instruments": "bass, vocals",
      "image_url": "https://cdn.jerrygarcia.com/wp-content/uploads/1995/07/12145827/phil.jpg"
    },
    {
      "name": "Bill Kreutzmann",
      "instruments": "drums",
      "image_url": "https://cdn.jerrygarcia.com/wp-content/uploads/1995/07/12152447/BillKreutzmann_200-100x100.jpg"
    },
    {
      "name": "Mickey Hart",
      "instruments": "drums",
      "image_url": "https://cdn.jerrygarcia.com/wp-content/uploads/1995/07/12152436/MickeyHart_200-100x100.jpg"
    },
    {
      "name": "Ron \"Pigpen\" McKernan",
      "instruments": "keyboards, harmonica, percussion, vocals",
      "image_url": "https://cdn.jerrygarcia.com/wp-content/uploads/2019/12/12152433/RonPigpenMcKernan_200-100x100.jpg"
    }
  ],
  "supporting_acts_status": "found",
  "supporting_acts": [
    "Gunge"
  ],
  "collection_timestamp": "2025-08-10T08:10:36.122848",
  "show_time": null,
  "recordings": [
    "gd1968-11-01.sbd.kaplan.17080.sbeok.shnf",
    "gd68-11-01.sbd.cotsman.18100.sbeok.shnf",
    "gd1968-11-01.sbd.kaplan.9965.shnf",
    "gd1968-11-01.150968.sbd.eaton-latvala.miller.flac1644",
    "gd1968-11-01.131661.sbd.restore.droncit.flac16",
    "gd1968-11-01.sbd.kaplan.20008.sbeok.shnf",
    "gd1968-11-01.sbd.axelrod.9580.shnf"
  ],
  "best_recording": "gd1968-11-01.sbd.kaplan.17080.sbeok.shnf",
  "avg_rating": 1.9807692307692313,
  "raw_rating": 4.384615384615385,
  "recording_count": 7,
  "confidence": 1.0,
  "total_high_ratings": 24,
  "total_low_ratings": 1,
  "source_types": {
    "SBD": 7
  },
  "matching_method": "date_only",
  "filtering_applied": [],
  "collections": [
    "pigpen-years"
  ]
}