{
  "url": "https://jerrygarcia.com/show/1968-02-24-kings-beach-bowl-lake-tahoe-ca-usa/",
  "show_id": "1968-02-24-kings-beach-bowl-lake-tahoe-ca-usa",
  "band": "Grateful Dead",
  "venue": "King's Beach Bowl",
  "location_raw": "Lake Tahoe, CA",
  "city": "Lake Tahoe",
  "state": "CA",
  "country": "USA",
  "date": "1968-02-24",
  "setlist_status": "found",
  "setlist": [
    {
      "set_name": "Set 1",
      "songs": [
        {
          "name": "Morning Dew",
          "url": null,
          "segue_into_next": false
        },
        {
          "name": "Good Morning Little School Girl",
          "url": null,
          "segue_into_next": false
        },
        {
          "name": "Cryptical Envelopment",
          "url": "https://jerrygarcia.com/song/cryptical-envelopment/",
          "segue_into_next": true
        },
        {
          "name": "The Other One",
          "url": "https://jerrygarcia.com/song/the-other-one/",
          "segue_into_next": true
        },
        {
          "name": "Cryptical Envelopment",
          "url": "https://jerrygarcia.com/song/cryptical-envelopment/",
          "segue_into_next": false
        },
        {
          "name": "New Potato Caboose",
          "url": "https://jerrygarcia.com/song/new-potato-caboose/",
          "segue_into_next": false
        },
        {
          "name": "Alligator",
          "url": "https://jerrygarcia.com/song/alligator/",
          "segue_into_next": true
        },
        {
          "name": "China Cat Sunflower",
          "url": "https://jerrygarcia.com/song/china-cat-sunflower/",
          "segue_into_next": true
        },
        {
          "name": "The Eleven",
          "url": "https://jerrygarcia.com/song/the-eleven/",
          "segue_into_next": true
        },
        {
          "name": "Alligator",
          "url": "https://jerrygarcia.com/song/alligator/",
          "segue_into_next": true
        },
        {
          "name": "Drums",
          "url": null,
          "segue_into_next": true
        },
        {
          "name": "Alligator",
          "url": "https://jerrygarcia.com/song/alligator/",
          "segue_into_next": true
        },
        {
          "name": "Caution (Do Not Stop On Tracks)",
          "url": "https://jerrygarcia.com/song/caution-do-not-stop-on-tracks/",
          "segue_into_next": true
        },
        {
          "name": "Feedback",
          "url": null,
          "segue_into_next": false
        }
      ]
    }
  ],
  "lineup_status": "found",
  "lineup": [
    {
      "name": "Jerry Garcia",
      "instruments": "guitar, vocals",
      "image_url": "https://cdn.jerrygarcia.com/wp-content/uploads/1995/07/12152441/JerryGarcia_200-100x100.jpg"
    },
    {
      "name": "Bob Weir",
      "instruments": "guitar, vocals",
      "image_url": "https://cdn.jerrygarcia.com/wp-content/uploads/1995/07/12152447/BobWeir_200-100x100.jpg"
    },
    {
      "name": "Phil Lesh",
      "instruments": "bass, vocals",
      "image_url": "https://cdn.jerrygarcia.com/wp-content/uploads/1995/07/12145827/phil.jpg"
    },
    {
      "name": "Bill Kreutzmann",
      "instruments": "drums",
      "image_url": "https://cdn.jerrygarcia.com/wp-content/uploads/1995/07/12152447/BillKreutzmann_200-100x100.jpg"
    },
    {
      "name": "Mickey Hart",
      "instruments": "drums",
      "image_url": "https://cdn.jerrygarcia.com/wp-content/uploads/1995/07/12152436/MickeyHart_200-100x100.jpg"
    },
    {
      "name": "Ron \"Pigpen\" McKernan",
      "instruments": "keyboards, harmonica, percussion, vocals",
      "image_url": "https://cdn.jerrygarcia.com/wp-content/uploads/2019/12/12152433/RonPigpenMcKernan_200-100x100.jpg"
    }
  ],
  "supporting_acts_status": "found",
  "supporting_acts": [
    "Morning Glory"
  ],
  "collection_timestamp": "2025-08-10T08:07:45.724812",
  "show_time": null,
  "recordings": [],
  "best_recording": null,
  "avg_rating": 0.0,
  "recording_count": 0,
  "confidence": 0.0,
  "source_types": {},
  "matching_method": "date_only",
  "filtering_applied": [],
  "collections": [
    "dicks-picks-vol-22",
    "official-picks-dicks",
    "pigpen-years"
  ]
}