{
  "url": "https://jerrygarcia.com/show/1968-06-22-phoenix-travelodge-theater-phoenix-me-usa/",
  "show_id": "1968-06-22-phoenix-travelodge-theater-phoenix-me-usa",
  "band": "Grateful Dead",
  "venue": "Phoenix Travelodge Theater",
  "location_raw": "Phoenix, ME",
  "city": "Phoenix",
  "state": "ME",
  "country": "USA",
  "date": "1968-06-22",
  "setlist_status": "missing",
  "setlist": null,
  "lineup_status": "found",
  "lineup": [
    {
      "name": "Jerry Garcia",
      "instruments": "guitar, vocals",
      "image_url": "https://cdn.jerrygarcia.com/wp-content/uploads/1995/07/12152441/JerryGarcia_200-100x100.jpg"
    },
    {
      "name": "Bob Weir",
      "instruments": "guitar, vocals",
      "image_url": "https://cdn.jerrygarcia.com/wp-content/uploads/1995/07/12152447/BobWeir_200-100x100.jpg"
    },
    {
      "name": "Phil Lesh",
      "instruments": "bass, vocals",
      "image_url": "https://cdn.jerrygarcia.com/wp-content/uploads/1995/07/12145827/phil.jpg"
    },
    {
      "name": "Bill Kreutzmann",
      "instruments": "drums",
      "image_url": "https://cdn.jerrygarcia.com/wp-content/uploads/1995/07/12152447/BillKreutzmann_200-100x100.jpg"
    },
    {
      "name": "Mickey Hart",
      "instruments": "drums",
      "image_url": "https://cdn.jerrygarcia.com/wp-content/uploads/1995/07/12152436/MickeyHart_200-100x100.jpg"
    },
    {
      "name": "Ron \"Pigpen\" McKernan",
      "instruments": "keyboards, harmonica, percussion, vocals",
      "image_url": "https://cdn.jerrygarcia.com/wp-content/uploads/2019/12/12152433/RonPigpenMcKernan_200-100x100.jpg"
    }
  ],
  "supporting_acts_status": "found",
  "supporting_acts": [
    "Ten Years After",
    "Thackeray Rocke"
  ],
  "collection_timestamp": "2025-08-10T08:09:40.177081",
  "show_time": null,
  "recordings": [],
  "best_recording": null,
  "avg_rating": 0.0,
  "recording_count": 0,
  "confidence": 0.0,
  "source_types": {},
  "matching_method": "date_only",
  "filtering_applied": [],
  "collections": [
    "fillmore-runs",
    "pigpen-years"
  ]
}