{
  "url": "https://jerrygarcia.com/show/1968-11-27-the-kinetic-playground-chicago-il-usa/",
  "show_id": "1968-11-27-the-kinetic-playground-chicago-il-usa",
  "band": "Grateful Dead",
  "venue": "The Kinetic Playground",
  "location_raw": "Chicago, IL",
  "city": "Chicago",
  "state": "IL",
  "country": "USA",
  "date": "1968-11-27",
  "setlist_status": "found",
  "setlist": [
    {
      "set_name": "Set 1",
      "songs": [
        {
          "name": "Cryptical Envelopment",
          "url": "https://jerrygarcia.com/song/cryptical-envelopment/",
          "segue_into_next": true
        },
        {
          "name": "The Other One",
          "url": "https://jerrygarcia.com/song/the-other-one/",
          "segue_into_next": true
        },
        {
          "name": "Cryptical Envelopment",
          "url": "https://jerrygarcia.com/song/cryptical-envelopment/",
          "segue_into_next": false
        },
        {
          "name": "Alligator",
          "url": "https://jerrygarcia.com/song/alligator/",
          "segue_into_next": false
        }
      ]
    }
  ],
  "lineup_status": "found",
  "lineup": [
    {
      "name": "Jerry Garcia",
      "instruments": "guitar, vocals",
      "image_url": "https://cdn.jerrygarcia.com/wp-content/uploads/1995/07/12152441/JerryGarcia_200-100x100.jpg"
    },
    {
      "name": "Bob Weir",
      "instruments": "guitar, vocals",
      "image_url": "https://cdn.jerrygarcia.com/wp-content/uploads/1995/07/12152447/BobWeir_200-100x100.jpg"
    },
    {
      "name": "Phil Lesh",
      "instruments": "bass, vocals",
      "image_url": "https://cdn.jerrygarcia.com/wp-content/uploads/1995/07/12145827/phil.jpg"
    },
    {
      "name": "Bill Kreutzmann",
      "instruments": "drums",
      "image_url": "https://cdn.jerrygarcia.com/wp-content/uploads/1995/07/12152447/BillKreutzmann_200-100x100.jpg"
    },
    {
      "name": "Mickey Hart",
      "instruments": "drums",
      "image_url": "https://cdn.jerrygarcia.com/wp-content/uploads/1995/07/12152436/MickeyHart_200-100x100.jpg"
    },
    {
      "name": "Ron \"Pigpen\" McKernan",
      "instruments": "keyboards, harmonica, percussion, vocals",
      "image_url": "https://cdn.jerrygarcia.com/wp-content/uploads/2019/12/12152433/RonPigpenMcKernan_200-100x100.jpg"
    },
    {
      "name": "Tom Constanten",
      "instruments": "keyboards",
      "image_url": "https://cdn.jerrygarcia.com/wp-content/uploads/1995/07/12152432/TomConstanten_200-100x100.jpg"
    }
  ],
  "supporting_acts_status": "found",
  "supporting_acts": [
    "Procol Harum",
    "Terry Reid"
  ],
  "collection_timestamp": "2025-08-10T08:11:02.224862",
  "show_time": null,
  "recordings": [],
  "best_recording": null,
  "avg_rating": 0.0,
  "recording_count": 0,
  "confidence": 0.0,
  "source_types": {},
  "matching_method": "date_only",
  "filtering_applied": []
}