{
  "url": "https://jerrygarcia.com/show/1968-08-28-avalon-ballroom-san-francisco-ca-usa/",
  "show_id": "1968-08-28-avalon-ballroom-san-francisco-ca-usa",
  "band": "Grateful Dead",
  "venue": "Avalon Ballroom",
  "location_raw": "San Francisco, CA",
  "city": "San Francisco",
  "state": "CA",
  "country": "USA",
  "date": "1968-08-28",
  "setlist_status": "found",
  "setlist": [
    {
      "set_name": "Set 1",
      "songs": [
        {
          "name": "Dark Star",
          "url": "https://jerrygarcia.com/song/dark-star/",
          "segue_into_next": true
        },
        {
          "name": "Saint Stephen",
          "url": "https://jerrygarcia.com/song/saint-stephen/",
          "segue_into_next": true
        },
        {
          "name": "The Eleven",
          "url": "https://jerrygarcia.com/song/the-eleven/",
          "segue_into_next": true
        },
        {
          "name": "Death Don't Have No Mercy",
          "url": null,
          "segue_into_next": false
        },
        {
          "name": "Turn On Your Lovelight",
          "url": null,
          "segue_into_next": false
        }
      ]
    }
  ],
  "lineup_status": "found",
  "lineup": [
    {
      "name": "Jerry Garcia",
      "instruments": "guitar, vocals",
      "image_url": "https://cdn.jerrygarcia.com/wp-content/uploads/1995/07/12152441/JerryGarcia_200-100x100.jpg"
    },
    {
      "name": "Bob Weir",
      "instruments": "guitar, vocals",
      "image_url": "https://cdn.jerrygarcia.com/wp-content/uploads/1995/07/12152447/BobWeir_200-100x100.jpg"
    },
    {
      "name": "Phil Lesh",
      "instruments": "bass, vocals",
      "image_url": "https://cdn.jerrygarcia.com/wp-content/uploads/1995/07/12145827/phil.jpg"
    },
    {
      "name": "Bill Kreutzmann",
      "instruments": "drums",
      "image_url": "https://cdn.jerrygarcia.com/wp-content/uploads/1995/07/12152447/BillKreutzmann_200-100x100.jpg"
    },
    {
      "name": "Mickey Hart",
      "instruments": "drums",
      "image_url": "https://cdn.jerrygarcia.com/wp-content/uploads/1995/07/12152436/MickeyHart_200-100x100.jpg"
    },
    {
      "name": "Ron \"Pigpen\" McKernan",
      "instruments": "keyboards, harmonica, percussion, vocals",
      "image_url": "https://cdn.jerrygarcia.com/wp-content/uploads/2019/12/12152433/RonPigpenMcKernan_200-100x100.jpg"
    }
  ],
  "supporting_acts_status": "missing",
  "supporting_acts": null,
  "collection_timestamp": "2025-08-10T08:10:06.151715",
  "show_time": null,
  "recordings": [
    "gd68-08-28.sbd.cotsman.18104.sbeok.shnf",
    "gd1968-08-28.sbd.vernon.10162.sbeok.shnf",
    "gd1968-08-28.133762.aud.davmar77.flac16",
    "gd1968-08-28.154148.5-1.tobin.flac1644",
    "gd1968-08-28.154147.dts.tobin.flac16",
    "gd1968-08-28.154145.aud.martin.flac16",
    "gd1968-08-28.154146.mtx.tobin.flac16"
  ],
  "best_recording": "gd68-08-28.sbd.cotsman.18104.sbeok.shnf",
  "avg_rating": 1.5464285714285715,
  "raw_rating": 3.5,
  "recording_count": 7,
  "confidence": 1.0,
  "total_high_ratings": 6,
  "total_low_ratings": 1,
  "source_types": {
    "SBD": 2,
    "AUD": 2,
    "UNKNOWN": 3
  },
  "matching_method": "date_only",
  "filtering_applied": []
}