{
  "url": "https://jerrygarcia.com/show/1968-03-29-carousel-ballroom-san-francisco-ca-usa/",
  "show_id": "1968-03-29-carousel-ballroom-san-francisco-ca-usa",
  "band": "Grateful Dead",
  "venue": "Carousel Ballroom",
  "location_raw": "San Francisco, CA",
  "city": "San Francisco",
  "state": "CA",
  "country": "USA",
  "date": "1968-03-29",
  "setlist_status": "found",
  "setlist": [
    {
      "set_name": "Set 1",
      "songs": [
        {
          "name": "Good Morning Little School Girl",
          "url": null,
          "segue_into_next": false
        },
        {
          "name": "Death Don't Have No Mercy",
          "url": null,
          "segue_into_next": false
        },
        {
          "name": "Sitting On Top Of The World",
          "url": null,
          "segue_into_next": false
        },
        {
          "name": "Dark Star",
          "url": "https://jerrygarcia.com/song/dark-star/",
          "segue_into_next": false
        },
        {
          "name": "Morning Dew",
          "url": null,
          "segue_into_next": false
        },
        {
          "name": "Turn On Your Lovelight",
          "url": null,
          "segue_into_next": true
        },
        {
          "name": "Cryptical Envelopment",
          "url": "https://jerrygarcia.com/song/cryptical-envelopment/",
          "segue_into_next": true
        },
        {
          "name": "The Other One",
          "url": "https://jerrygarcia.com/song/the-other-one/",
          "segue_into_next": true
        },
        {
          "name": "Cryptical Envelopment",
          "url": "https://jerrygarcia.com/song/cryptical-envelopment/",
          "segue_into_next": true
        },
        {
          "name": "New Potato Caboose",
          "url": "https://jerrygarcia.com/song/new-potato-caboose/",
          "segue_into_next": false
        },
        {
          "name": "Born Cross-Eyed",
          "url": "https://jerrygarcia.com/song/born-cross-eyed/",
          "segue_into_next": false
        }
      ]
    }
  ],
  "lineup_status": "found",
  "lineup": [
    {
      "name": "Jerry Garcia",
      "instruments": "guitar, vocals",
      "image_url": "https://cdn.jerrygarcia.com/wp-content/uploads/1995/07/12152441/JerryGarcia_200-100x100.jpg"
    },
    {
      "name": "Bob Weir",
      "instruments": "guitar, vocals",
      "image_url": "https://cdn.jerrygarcia.com/wp-content/uploads/1995/07/12152447/BobWeir_200-100x100.jpg"
    },
    {
      "name": "Phil Lesh",
      "instruments": "bass, vocals",
      "image_url": "https://cdn.jerrygarcia.com/wp-content/uploads/1995/07/12145827/phil.jpg"
    },
    {
      "name": "Bill Kreutzmann",
      "instruments": "drums",
      "image_url": "https://cdn.jerrygarcia.com/wp-content/uploads/1995/07/12152447/BillKreutzmann_200-100x100.jpg"
    },
    {
      "name": "Mickey Hart",
      "instruments": "drums",
      "image_url": "https://cdn.jerrygarcia.com/wp-content/uploads/1995/07/12152436/MickeyHart_200-100x100.jpg"
    },
    {
      "name": "Ron \"Pigpen\" McKernan",
      "instruments": "keyboards, harmonica, percussion, vocals",
      "image_url": "https://cdn.jerrygarcia.com/wp-content/uploads/2019/12/12152433/RonPigpenMcKernan_200-100x100.jpg"
    }
  ],
  "supporting_acts_status": "found",
  "supporting_acts": [
    "Chuck Berry",
    "Curly Cook's Hurdy-Gurdy Band"
  ],
  "collection_timestamp": "2025-08-10T08:08:10.156578",
  "show_time": null,
  "recordings": [
    "gd1968-03-29.sbd.miller.108993.flac16",
    "gd68-03-29.aud.vernon.9473.sbeok.shnf",
    "gd68-03-29.aud.cotsman.6029.sbeok.shnf"
  ],
  "best_recording": "gd1968-03-29.sbd.miller.108993.flac16",
  "avg_rating": 2.5676557863501484,
  "raw_rating": 4.466666666666667,
  "recording_count": 3,
  "confidence": 1.0,
  "total_high_ratings": 39,
  "total_low_ratings": 0,
  "source_types": {
    "SBD": 1,
    "AUD": 2
  },
  "matching_method": "date_only",
  "filtering_applied": []
}