{
  "url": "https://jerrygarcia.com/show/1968-06-08-carousel-ballroom-san-francisco-ca-usa/",
  "show_id": "1968-06-08-carousel-ballroom-san-francisco-ca-usa",
  "band": "Grateful Dead",
  "venue": "Carousel Ballroom",
  "location_raw": "San Francisco, CA",
  "city": "San Francisco",
  "state": "CA",
  "country": "USA",
  "date": "1968-06-08",
  "setlist_status": "missing",
  "setlist": null,
  "lineup_status": "found",
  "lineup": [
    {
      "name": "Jerry Garcia",
      "instruments": "guitar, vocals",
      "image_url": "https://cdn.jerrygarcia.com/wp-content/uploads/1995/07/12152441/JerryGarcia_200-100x100.jpg"
    },
    {
      "name": "Bob Weir",
      "instruments": "guitar, vocals",
      "image_url": "https://cdn.jerrygarcia.com/wp-content/uploads/1995/07/12152447/BobWeir_200-100x100.jpg"
    },
    {
      "name": "Phil Lesh",
      "instruments": "bass, vocals",
      "image_url": "https://cdn.jerrygarcia.com/wp-content/uploads/1995/07/12145827/phil.jpg"
    },
    {
      "name": "Bill Kreutzmann",
      "instruments": "drums",
      "image_url": "https://cdn.jerrygarcia.com/wp-content/uploads/1995/07/12152447/BillKreutzmann_200-100x100.jpg"
    },
    {
      "name": "Mickey Hart",
      "instruments": "drums",
      "image_url": "https://cdn.jerrygarcia.com/wp-content/uploads/1995/07/12152436/MickeyHart_200-100x100.jpg"
    },
    {
      "name": "Ron \"Pigpen\" McKernan",
      "instruments": "keyboards, harmonica, percussion, vocals",
      "image_url": "https://cdn.jerrygarcia.com/wp-content/uploads/2019/12/12152433/RonPigpenMcKernan_200-100x100.jpg"
    }
  ],
  "supporting_acts_status": "found",
  "supporting_acts": [
    "Jefferson Airplane",
    "Fleetwood Mac"
  ],
  "collection_timestamp": "2025-08-10T08:09:22.371014",
  "show_time": null,
  "recordings": [
    "gd1968-06-08.158612.remaster.disk4.danielfutureanimation02.flac1644"
  ],
  "best_recording": "gd1968-06-08.158612.remaster.disk4.danielfutureanimation02.flac1644",
  "avg_rating": 1.575,
  "raw_rating": 4.5,
  "recording_count": 1,
  "confidence": 0.2,
  "total_high_ratings": 2,
  "total_low_ratings": 0,
  "source_types": {
    "REMASTER": 1
  },
  "matching_method": "date_only",
  "filtering_applied": []
}