{
  "url": "https://jerrygarcia.com/show/1969-06-28-veterans-auditorium-santa-rosa-ca-usa/",
  "show_id": "1969-06-28-veterans-auditorium-santa-rosa-ca-usa",
  "band": "Grateful Dead",
  "venue": "Veterans Auditorium",
  "location_raw": "Santa Rosa, CA",
  "city": "Santa Rosa",
  "state": "CA",
  "country": "USA",
  "date": "1969-06-28",
  "setlist_status": "found",
  "setlist": [
    {
      "set_name": "Set 1",
      "songs": [
        {
          "name": "Slewfoot",
          "url": null,
          "segue_into_next": false
        },
        {
          "name": "Silver Threads And Golden Needles",
          "url": null,
          "segue_into_next": false
        },
        {
          "name": "Mama Tried*",
          "url": null,
          "segue_into_next": false
        },
        {
          "name": "Me And My Uncle**",
          "url": null,
          "segue_into_next": false
        },
        {
          "name": "Doin' That Rag",
          "url": "https://jerrygarcia.com/song/doin-that-rag/",
          "segue_into_next": true
        },
        {
          "name": "High Time",
          "url": "https://jerrygarcia.com/song/high-time/",
          "segue_into_next": false
        },
        {
          "name": "I'm A King Bee",
          "url": null,
          "segue_into_next": false
        },
        {
          "name": "Sitting On Top Of The World",
          "url": null,
          "segue_into_next": false
        },
        {
          "name": "Turn On Your Lovelight",
          "url": null,
          "segue_into_next": false
        }
      ]
    }
  ],
  "lineup_status": "found",
  "lineup": [
    {
      "name": "Jerry Garcia",
      "instruments": "guitar, vocals",
      "image_url": "https://cdn.jerrygarcia.com/wp-content/uploads/1995/07/12152441/JerryGarcia_200-100x100.jpg"
    },
    {
      "name": "Bob Weir",
      "instruments": "guitar, vocals",
      "image_url": "https://cdn.jerrygarcia.com/wp-content/uploads/1995/07/12152447/BobWeir_200-100x100.jpg"
    },
    {
      "name": "Phil Lesh",
      "instruments": "bass, vocals",
      "image_url": "https://cdn.jerrygarcia.com/wp-content/uploads/1995/07/12145827/phil.jpg"
    },
    {
      "name": "Bill Kreutzmann",
      "instruments": "drums",
      "image_url": "https://cdn.jerrygarcia.com/wp-content/uploads/1995/07/12152447/BillKreutzmann_200-100x100.jpg"
    },
    {
      "name": "Mickey Hart",
      "instruments": "drums",
      "image_url": "https://cdn.jerrygarcia.com/wp-content/uploads/1995/07/12152436/MickeyHart_200-100x100.jpg"
    },
    {
      "name": "Ron \"Pigpen\" McKernan",
      "instruments": "keyboards, harmonica, percussion, vocals",
      "image_url": "https://cdn.jerrygarcia.com/wp-content/uploads/2019/12/12152433/RonPigpenMcKernan_200-100x100.jpg"
    },
    {
      "name": "Tom Constanten",
      "instruments": "keyboards",
      "image_url": "https://cdn.jerrygarcia.com/wp-content/uploads/1995/07/12152432/TomConstanten_200-100x100.jpg"
    }
  ],
  "supporting_acts_status": "found",
  "supporting_acts": [
    "Jack Casady, Jorma Kaukonen, and Joey Covington",
    "Cleanliness & Godliness Skiffle Band"
  ],
  "collection_timestamp": "2025-08-10T08:14:22.086213",
  "show_time": null,
  "recordings": [
    "gd69-06-28.sbd.samaritano.20548.sbeok.shnf",
    "gd69-06-28.sbd.cole.3300.sbeok.shnf",
    "gd1969-06-28.166577.sbd.anon.gems.flac16"
  ],
  "best_recording": "gd69-06-28.sbd.samaritano.20548.sbeok.shnf",
  "avg_rating": 3.242105263157894,
  "raw_rating": 4.631578947368421,
  "recording_count": 3,
  "confidence": 1.0,
  "total_high_ratings": 18,
  "total_low_ratings": 1,
  "source_types": {
    "SBD": 3
  },
  "matching_method": "date_only",
  "filtering_applied": []
}