{
  "url": "https://jerrygarcia.com/show/1969-06-13-fresno-convention-center-fresno-ca-usa/",
  "show_id": "1969-06-13-fresno-convention-center-fresno-ca-usa",
  "band": "Grateful Dead",
  "venue": "Fresno Convention Center",
  "location_raw": "Fresno, CA",
  "city": "Fresno",
  "state": "CA",
  "country": "USA",
  "date": "1969-06-13",
  "setlist_status": "found",
  "setlist": [
    {
      "set_name": "Set 1",
      "songs": [
        {
          "name": "Hard To Handle",
          "url": null,
          "segue_into_next": false
        },
        {
          "name": "Me And My Uncle",
          "url": null,
          "segue_into_next": false
        },
        {
          "name": "Sitting On Top Of The World",
          "url": null,
          "segue_into_next": false
        },
        {
          "name": "Beat It On Down The Line",
          "url": "https://jerrygarcia.com/song/beat-it-on-down-the-line/",
          "segue_into_next": false
        },
        {
          "name": "Good Morning Little School Girl*",
          "url": null,
          "segue_into_next": false
        },
        {
          "name": "China Cat Sunflower",
          "url": "https://jerrygarcia.com/song/china-cat-sunflower/",
          "segue_into_next": true
        },
        {
          "name": "Morning Dew",
          "url": null,
          "segue_into_next": false
        },
        {
          "name": "Saint Stephen",
          "url": "https://jerrygarcia.com/song/saint-stephen/",
          "segue_into_next": true
        },
        {
          "name": "The Eleven",
          "url": "https://jerrygarcia.com/song/the-eleven/",
          "segue_into_next": true
        },
        {
          "name": "Turn On Your Lovelight**",
          "url": null,
          "segue_into_next": false
        }
      ]
    }
  ],
  "lineup_status": "found",
  "lineup": [
    {
      "name": "Jerry Garcia",
      "instruments": "guitar, vocals",
      "image_url": "https://cdn.jerrygarcia.com/wp-content/uploads/1995/07/12152441/JerryGarcia_200-100x100.jpg"
    },
    {
      "name": "Bob Weir",
      "instruments": "guitar, vocals",
      "image_url": "https://cdn.jerrygarcia.com/wp-content/uploads/1995/07/12152447/BobWeir_200-100x100.jpg"
    },
    {
      "name": "Phil Lesh",
      "instruments": "bass, vocals",
      "image_url": "https://cdn.jerrygarcia.com/wp-content/uploads/1995/07/12145827/phil.jpg"
    },
    {
      "name": "Bill Kreutzmann",
      "instruments": "drums",
      "image_url": "https://cdn.jerrygarcia.com/wp-content/uploads/1995/07/12152447/BillKreutzmann_200-100x100.jpg"
    },
    {
      "name": "Mickey Hart",
      "instruments": "drums",
      "image_url": "https://cdn.jerrygarcia.com/wp-content/uploads/1995/07/12152436/MickeyHart_200-100x100.jpg"
    },
    {
      "name": "Ron \"Pigpen\" McKernan",
      "instruments": "keyboards, harmonica, percussion, vocals",
      "image_url": "https://cdn.jerrygarcia.com/wp-content/uploads/2019/12/12152433/RonPigpenMcKernan_200-100x100.jpg"
    },
    {
      "name": "Tom Constanten",
      "instruments": "keyboards",
      "image_url": "https://cdn.jerrygarcia.com/wp-content/uploads/1995/07/12152432/TomConstanten_200-100x100.jpg"
    }
  ],
  "supporting_acts_status": "found",
  "supporting_acts": [
    "Aum",
    "Sanpaku"
  ],
  "collection_timestamp": "2025-08-10T08:14:06.269715",
  "show_time": null,
  "recordings": [
    "gd69-06-13.sbd.barbella.7775.sbeok.shnf"
  ],
  "best_recording": "gd69-06-13.sbd.barbella.7775.sbeok.shnf",
  "avg_rating": 2.0,
  "raw_rating": 4.0,
  "recording_count": 1,
  "confidence": 0.9,
  "total_high_ratings": 6,
  "total_low_ratings": 0,
  "source_types": {
    "SBD": 1
  },
  "matching_method": "date_only",
  "filtering_applied": [],
  "collections": [
    "pigpen-years"
  ]
}