{
  "url": "https://jerrygarcia.com/show/1969-05-23-seminole-indian-reservation-hollywood-fl-usa/",
  "show_id": "1969-05-23-seminole-indian-reservation-hollywood-fl-usa",
  "band": "Grateful Dead",
  "venue": "Seminole Indian Reservation",
  "location_raw": "Hollywood, FL",
  "city": "Hollywood",
  "state": "FL",
  "country": "USA",
  "date": "1969-05-23",
  "setlist_status": "found",
  "setlist": [
    {
      "set_name": "Set 1",
      "songs": [
        {
          "name": "Hard To Handle",
          "url": null,
          "segue_into_next": false
        },
        {
          "name": "Morning Dew",
          "url": null,
          "segue_into_next": false
        },
        {
          "name": "Me And My Uncle",
          "url": null,
          "segue_into_next": false
        },
        {
          "name": "Dark Star",
          "url": "https://jerrygarcia.com/song/dark-star/",
          "segue_into_next": true
        },
        {
          "name": "Saint Stephen",
          "url": "https://jerrygarcia.com/song/saint-stephen/",
          "segue_into_next": true
        },
        {
          "name": "The Eleven",
          "url": "https://jerrygarcia.com/song/the-eleven/",
          "segue_into_next": true
        },
        {
          "name": "Turn On Your Lovelight",
          "url": null,
          "segue_into_next": false
        }
      ]
    }
  ],
  "lineup_status": "found",
  "lineup": [
    {
      "name": "Jerry Garcia",
      "instruments": "guitar, vocals",
      "image_url": "https://cdn.jerrygarcia.com/wp-content/uploads/1995/07/12152441/JerryGarcia_200-100x100.jpg"
    },
    {
      "name": "Bob Weir",
      "instruments": "guitar, vocals",
      "image_url": "https://cdn.jerrygarcia.com/wp-content/uploads/1995/07/12152447/BobWeir_200-100x100.jpg"
    },
    {
      "name": "Phil Lesh",
      "instruments": "bass, vocals",
      "image_url": "https://cdn.jerrygarcia.com/wp-content/uploads/1995/07/12145827/phil.jpg"
    },
    {
      "name": "Bill Kreutzmann",
      "instruments": "drums",
      "image_url": "https://cdn.jerrygarcia.com/wp-content/uploads/1995/07/12152447/BillKreutzmann_200-100x100.jpg"
    },
    {
      "name": "Mickey Hart",
      "instruments": "drums",
      "image_url": "https://cdn.jerrygarcia.com/wp-content/uploads/1995/07/12152436/MickeyHart_200-100x100.jpg"
    },
    {
      "name": "Ron \"Pigpen\" McKernan",
      "instruments": "keyboards, harmonica, percussion, vocals",
      "image_url": "https://cdn.jerrygarcia.com/wp-content/uploads/2019/12/12152433/RonPigpenMcKernan_200-100x100.jpg"
    },
    {
      "name": "Tom Constanten",
      "instruments": "keyboards",
      "image_url": "https://cdn.jerrygarcia.com/wp-content/uploads/1995/07/12152432/TomConstanten_200-100x100.jpg"
    }
  ],
  "supporting_acts_status": "found",
  "supporting_acts": [
    "Johnny Winter",
    "Muddy Waters",
    "Joe South",
    "Nervous System",
    "Jane and the Electric Jive Wire"
  ],
  "collection_timestamp": "2025-08-10T08:13:44.158941",
  "show_time": null,
  "recordings": [
    "gd1969-05-23.sbd.phunk1.74.sbefail.shnf",
    "gd69-05-23.sbd.kaplan.12223.sbeok.shnf",
    "gd1969-05-23.sbd.gmb.96631.flac16",
    "gd1969-05-23.141038.sbd.pcm.dalton.miller.clugston.flac1644"
  ],
  "best_recording": "gd1969-05-23.sbd.phunk1.74.sbefail.shnf",
  "avg_rating": 2.2071428571428573,
  "raw_rating": 4.607142857142857,
  "recording_count": 4,
  "confidence": 1.0,
  "total_high_ratings": 27,
  "total_low_ratings": 0,
  "source_types": {
    "SBD": 4
  },
  "matching_method": "date_only",
  "filtering_applied": [],
  "collections": [
    "pigpen-years"
  ]
}