{
  "url": "https://jerrygarcia.com/show/1969-06-27-veterans-auditorium-santa-rosa-ca-usa/",
  "show_id": "1969-06-27-veterans-auditorium-santa-rosa-ca-usa",
  "band": "Grateful Dead",
  "venue": "Veterans Auditorium",
  "location_raw": "Santa Rosa, CA",
  "city": "Santa Rosa",
  "state": "CA",
  "country": "USA",
  "date": "1969-06-27",
  "setlist_status": "found",
  "setlist": [
    {
      "set_name": "Set 1",
      "songs": [
        {
          "name": "Slewfoot*",
          "url": null,
          "segue_into_next": false
        },
        {
          "name": "Mama Tried",
          "url": null,
          "segue_into_next": false
        },
        {
          "name": "High Time",
          "url": "https://jerrygarcia.com/song/high-time/",
          "segue_into_next": false
        },
        {
          "name": "Dupree's Diamond Blues",
          "url": "https://jerrygarcia.com/song/duprees-diamond-blues/",
          "segue_into_next": false
        },
        {
          "name": "Me And My Uncle",
          "url": null,
          "segue_into_next": false
        },
        {
          "name": "Casey Jones",
          "url": "https://jerrygarcia.com/song/casey-jones/",
          "segue_into_next": false
        },
        {
          "name": "Dire Wolf",
          "url": "https://jerrygarcia.com/song/dire-wolf/",
          "segue_into_next": false
        },
        {
          "name": "Sitting On Top Of The World",
          "url": null,
          "segue_into_next": false
        },
        {
          "name": "Big Boss Man",
          "url": null,
          "segue_into_next": false
        },
        {
          "name": "Dark Star",
          "url": "https://jerrygarcia.com/song/dark-star/",
          "segue_into_next": true
        },
        {
          "name": "Saint Stephen",
          "url": "https://jerrygarcia.com/song/saint-stephen/",
          "segue_into_next": true
        },
        {
          "name": "The Eleven",
          "url": "https://jerrygarcia.com/song/the-eleven/",
          "segue_into_next": true
        },
        {
          "name": "Green Green Grass Of Home",
          "url": null,
          "segue_into_next": false
        }
      ]
    },
    {
      "set_name": "Encore",
      "songs": [
        {
          "name": "It's All Over Now Baby Blue",
          "url": null,
          "segue_into_next": false
        }
      ]
    }
  ],
  "lineup_status": "found",
  "lineup": [
    {
      "name": "Jerry Garcia",
      "instruments": "guitar, vocals",
      "image_url": "https://cdn.jerrygarcia.com/wp-content/uploads/1995/07/12152441/JerryGarcia_200-100x100.jpg"
    },
    {
      "name": "Bob Weir",
      "instruments": "guitar, vocals",
      "image_url": "https://cdn.jerrygarcia.com/wp-content/uploads/1995/07/12152447/BobWeir_200-100x100.jpg"
    },
    {
      "name": "Phil Lesh",
      "instruments": "bass, vocals",
      "image_url": "https://cdn.jerrygarcia.com/wp-content/uploads/1995/07/12145827/phil.jpg"
    },
    {
      "name": "Bill Kreutzmann",
      "instruments": "drums",
      "image_url": "https://cdn.jerrygarcia.com/wp-content/uploads/1995/07/12152447/BillKreutzmann_200-100x100.jpg"
    },
    {
      "name": "Mickey Hart",
      "instruments": "drums",
      "image_url": "https://cdn.jerrygarcia.com/wp-content/uploads/1995/07/12152436/MickeyHart_200-100x100.jpg"
    },
    {
      "name": "Ron \"Pigpen\" McKernan",
      "instruments": "keyboards, harmonica, percussion, vocals",
      "image_url": "https://cdn.jerrygarcia.com/wp-content/uploads/2019/12/12152433/RonPigpenMcKernan_200-100x100.jpg"
    },
    {
      "name": "Tom Constanten",
      "instruments": "keyboards",
      "image_url": "https://cdn.jerrygarcia.com/wp-content/uploads/1995/07/12152432/TomConstanten_200-100x100.jpg"
    }
  ],
  "supporting_acts_status": "found",
  "supporting_acts": [
    "Jack Casady, Jorma Kaukonen, and Joey Covington",
    "Cleanliness & Godliness Skiffle Band"
  ],
  "collection_timestamp": "2025-08-10T08:14:20.094621",
  "show_time": null,
  "recordings": [
    "gd69-06-27.sbd.samaritano.20547.sbeok.shnf",
    "gd1969-06-27.sbd.finney.10344.shnf",
    "gd69-06-27.sbd.finney.78.sbeok.shnf",
    "gd1969-06-27.166576.sbd.anon.gems.flac16"
  ],
  "best_recording": "gd69-06-27.sbd.samaritano.20547.sbeok.shnf",
  "avg_rating": 2.9857692307692307,
  "raw_rating": 4.5,
  "recording_count": 4,
  "confidence": 1.0,
  "total_high_ratings": 24,
  "total_low_ratings": 0,
  "source_types": {
    "SBD": 4
  },
  "matching_method": "date_only",
  "filtering_applied": [],
  "collections": [
    "fillmore-runs",
    "pigpen-years"
  ]
}