{
  "url": "https://jerrygarcia.com/show/1969-12-10-thelma-theater-los-angeles-ca-usa/",
  "show_id": "1969-12-10-thelma-theater-los-angeles-ca-usa",
  "band": "Grateful Dead",
  "venue": "Thelma",
  "location_raw": "Los Angeles, CA",
  "city": "Los Angeles",
  "state": "CA",
  "country": "USA",
  "date": "1969-12-10",
  "setlist_status": "found",
  "setlist": [
    {
      "set_name": "Set 1",
      "songs": [
        {
          "name": "China Cat Sunflower",
          "url": "https://jerrygarcia.com/song/china-cat-sunflower/",
          "segue_into_next": true
        },
        {
          "name": "I Know You Rider",
          "url": "https://jerrygarcia.com/song/i-know-you-rider/",
          "segue_into_next": false
        },
        {
          "name": "Black Peter",
          "url": "https://jerrygarcia.com/song/black-peter/",
          "segue_into_next": false
        },
        {
          "name": "Me And My Uncle",
          "url": null,
          "segue_into_next": false
        },
        {
          "name": "Cold Rain And Snow",
          "url": "https://jerrygarcia.com/song/cold-rain-and-snow/",
          "segue_into_next": false
        },
        {
          "name": "Mama Tried",
          "url": null,
          "segue_into_next": true
        },
        {
          "name": "High Time",
          "url": "https://jerrygarcia.com/song/high-time/",
          "segue_into_next": false
        },
        {
          "name": "Easy Wind",
          "url": "https://jerrygarcia.com/song/easy-wind/",
          "segue_into_next": false
        },
        {
          "name": "Dire Wolf",
          "url": "https://jerrygarcia.com/song/dire-wolf/",
          "segue_into_next": false
        },
        {
          "name": "Casey Jones",
          "url": "https://jerrygarcia.com/song/casey-jones/",
          "segue_into_next": false
        },
        {
          "name": "Good Morning Little School Girl*",
          "url": null,
          "segue_into_next": false
        },
        {
          "name": "Morning Dew*",
          "url": null,
          "segue_into_next": false
        },
        {
          "name": "Black Queen*",
          "url": null,
          "segue_into_next": true
        },
        {
          "name": "Turn On Your Lovelight*",
          "url": null,
          "segue_into_next": false
        }
      ]
    }
  ],
  "lineup_status": "found",
  "lineup": [
    {
      "name": "Jerry Garcia",
      "instruments": "guitar, vocals",
      "image_url": "https://cdn.jerrygarcia.com/wp-content/uploads/1995/07/12152441/JerryGarcia_200-100x100.jpg"
    },
    {
      "name": "Bob Weir",
      "instruments": "guitar, vocals",
      "image_url": "https://cdn.jerrygarcia.com/wp-content/uploads/1995/07/12152447/BobWeir_200-100x100.jpg"
    },
    {
      "name": "Phil Lesh",
      "instruments": "bass, vocals",
      "image_url": "https://cdn.jerrygarcia.com/wp-content/uploads/1995/07/12145827/phil.jpg"
    },
    {
      "name": "Bill Kreutzmann",
      "instruments": "drums",
      "image_url": "https://cdn.jerrygarcia.com/wp-content/uploads/1995/07/12152447/BillKreutzmann_200-100x100.jpg"
    },
    {
      "name": "Mickey Hart",
      "instruments": "drums",
      "image_url": "https://cdn.jerrygarcia.com/wp-content/uploads/1995/07/12152436/MickeyHart_200-100x100.jpg"
    },
    {
      "name": "Ron \"Pigpen\" McKernan",
      "instruments": "keyboards, harmonica, percussion, vocals",
      "image_url": "https://cdn.jerrygarcia.com/wp-content/uploads/2019/12/12152433/RonPigpenMcKernan_200-100x100.jpg"
    },
    {
      "name": "Tom Constanten",
      "instruments": "keyboards",
      "image_url": "https://cdn.jerrygarcia.com/wp-content/uploads/1995/07/12152432/TomConstanten_200-100x100.jpg"
    }
  ],
  "supporting_acts_status": "missing",
  "supporting_acts": null,
  "collection_timestamp": "2025-08-10T08:16:06.263777",
  "show_time": null,
  "recordings": [
    "gd69-12-10.sbd-aud.cotsman.8997.sbeok.shnf",
    "gd1969-12-10.sbd.barbella.8214.sbeok.sbeok.shnf",
    "gd69-12-10.sbd.gerland.10986.sbeok.shnf"
  ],
  "best_recording": "gd69-12-10.sbd-aud.cotsman.8997.sbeok.shnf",
  "avg_rating": 2.28125,
  "raw_rating": 4.5625,
  "recording_count": 3,
  "confidence": 1.0,
  "total_high_ratings": 15,
  "total_low_ratings": 0,
  "source_types": {
    "SBD": 3
  },
  "matching_method": "date_only",
  "filtering_applied": [],
  "collections": [
    "pigpen-years"
  ]
}