{
  "url": "https://jerrygarcia.com/show/1969-09-30-cafe-au-go-go-new-york-ny-usa-early-show/",
  "show_id": "1969-09-30-cafe-au-go-go-new-york-ny-usa-early-show",
  "band": "Grateful Dead",
  "venue": "Cafe au Go-Go",
  "location_raw": "New York, NY",
  "city": "New York",
  "state": "NY",
  "country": "USA",
  "date": "1969-09-30",
  "setlist_status": "found",
  "setlist": [
    {
      "set_name": "Set 1",
      "songs": [
        {
          "name": "China Cat Sunflower",
          "url": "https://jerrygarcia.com/song/china-cat-sunflower/",
          "segue_into_next": true
        },
        {
          "name": "I Know You Rider",
          "url": "https://jerrygarcia.com/song/i-know-you-rider/",
          "segue_into_next": false
        },
        {
          "name": "Merry-Go-Round Theme",
          "url": null,
          "segue_into_next": false
        },
        {
          "name": "Take Me Out to the Ballgame",
          "url": null,
          "segue_into_next": true
        },
        {
          "name": "Alligator",
          "url": "https://jerrygarcia.com/song/alligator/",
          "segue_into_next": true
        },
        {
          "name": "Drums",
          "url": null,
          "segue_into_next": true
        },
        {
          "name": "The Other One",
          "url": "https://jerrygarcia.com/song/the-other-one/",
          "segue_into_next": false
        }
      ]
    }
  ],
  "lineup_status": "found",
  "lineup": [
    {
      "name": "Jerry Garcia",
      "instruments": "guitar, vocals",
      "image_url": "https://cdn.jerrygarcia.com/wp-content/uploads/1995/07/12152441/JerryGarcia_200-100x100.jpg"
    },
    {
      "name": "Bob Weir",
      "instruments": "guitar, vocals",
      "image_url": "https://cdn.jerrygarcia.com/wp-content/uploads/1995/07/12152447/BobWeir_200-100x100.jpg"
    },
    {
      "name": "Phil Lesh",
      "instruments": "bass, vocals",
      "image_url": "https://cdn.jerrygarcia.com/wp-content/uploads/1995/07/12145827/phil.jpg"
    },
    {
      "name": "Bill Kreutzmann",
      "instruments": "drums",
      "image_url": "https://cdn.jerrygarcia.com/wp-content/uploads/1995/07/12152447/BillKreutzmann_200-100x100.jpg"
    },
    {
      "name": "Mickey Hart",
      "instruments": "drums",
      "image_url": "https://cdn.jerrygarcia.com/wp-content/uploads/1995/07/12152436/MickeyHart_200-100x100.jpg"
    },
    {
      "name": "Ron \"Pigpen\" McKernan",
      "instruments": "keyboards, harmonica, percussion, vocals",
      "image_url": "https://cdn.jerrygarcia.com/wp-content/uploads/2019/12/12152433/RonPigpenMcKernan_200-100x100.jpg"
    },
    {
      "name": "Tom Constanten",
      "instruments": "keyboards",
      "image_url": "https://cdn.jerrygarcia.com/wp-content/uploads/1995/07/12152432/TomConstanten_200-100x100.jpg"
    }
  ],
  "supporting_acts_status": "missing",
  "supporting_acts": null,
  "collection_timestamp": "2025-08-10T08:15:22.195544",
  "show_time": "early",
  "recordings": [
    "gd69-09-30.aud.early.hollister.80.sbeok.shnf"
  ],
  "best_recording": "gd69-09-30.aud.early.hollister.80.sbeok.shnf",
  "avg_rating": 1.7727272727272727,
  "raw_rating": 3.5454545454545454,
  "recording_count": 1,
  "confidence": 1.0,
  "total_high_ratings": 5,
  "total_low_ratings": 2,
  "source_types": {
    "AUD": 1
  },
  "matching_method": "time_based",
  "filtering_applied": [
    "show_time: early"
  ],
  "collections": [
    "pigpen-years"
  ]
}