{
  "url": "https://jerrygarcia.com/show/1969-05-11-aztec-bowl-san-diego-state-college-san-diego-ca-usa/",
  "show_id": "1969-05-11-aztec-bowl-san-diego-state-college-san-diego-ca-usa",
  "band": "Grateful Dead",
  "venue": "Aztec Bowl, San Diego State College",
  "location_raw": "San Diego, CA",
  "city": "San Diego",
  "state": "CA",
  "country": "USA",
  "date": "1969-05-11",
  "setlist_status": "found",
  "setlist": [
    {
      "set_name": "Set 1",
      "songs": [
        {
          "name": "Morning Dew",
          "url": null,
          "segue_into_next": false
        },
        {
          "name": "Cryptical Envelopment",
          "url": "https://jerrygarcia.com/song/cryptical-envelopment/",
          "segue_into_next": true
        },
        {
          "name": "The Other One",
          "url": "https://jerrygarcia.com/song/the-other-one/",
          "segue_into_next": true
        },
        {
          "name": "Cryptical Envelopment",
          "url": "https://jerrygarcia.com/song/cryptical-envelopment/",
          "segue_into_next": false
        },
        {
          "name": "Good Morning Little School Girl",
          "url": null,
          "segue_into_next": false
        },
        {
          "name": "Me And My Uncle",
          "url": null,
          "segue_into_next": false
        },
        {
          "name": "Alligator",
          "url": "https://jerrygarcia.com/song/alligator/",
          "segue_into_next": true
        },
        {
          "name": "Drums*",
          "url": null,
          "segue_into_next": true
        },
        {
          "name": "Jam",
          "url": "https://jerrygarcia.com/song/jam/",
          "segue_into_next": true
        },
        {
          "name": "Drums*",
          "url": null,
          "segue_into_next": true
        },
        {
          "name": "Turn On Your Lovelight*",
          "url": null,
          "segue_into_next": false
        }
      ]
    }
  ],
  "lineup_status": "found",
  "lineup": [
    {
      "name": "Jerry Garcia",
      "instruments": "guitar, vocals",
      "image_url": "https://cdn.jerrygarcia.com/wp-content/uploads/1995/07/12152441/JerryGarcia_200-100x100.jpg"
    },
    {
      "name": "Bob Weir",
      "instruments": "guitar, vocals",
      "image_url": "https://cdn.jerrygarcia.com/wp-content/uploads/1995/07/12152447/BobWeir_200-100x100.jpg"
    },
    {
      "name": "Phil Lesh",
      "instruments": "bass, vocals",
      "image_url": "https://cdn.jerrygarcia.com/wp-content/uploads/1995/07/12145827/phil.jpg"
    },
    {
      "name": "Bill Kreutzmann",
      "instruments": "drums",
      "image_url": "https://cdn.jerrygarcia.com/wp-content/uploads/1995/07/12152447/BillKreutzmann_200-100x100.jpg"
    },
    {
      "name": "Mickey Hart",
      "instruments": "drums",
      "image_url": "https://cdn.jerrygarcia.com/wp-content/uploads/1995/07/12152436/MickeyHart_200-100x100.jpg"
    },
    {
      "name": "Ron \"Pigpen\" McKernan",
      "instruments": "keyboards, harmonica, percussion, vocals",
      "image_url": "https://cdn.jerrygarcia.com/wp-content/uploads/2019/12/12152433/RonPigpenMcKernan_200-100x100.jpg"
    },
    {
      "name": "Tom Constanten",
      "instruments": "keyboards",
      "image_url": "https://cdn.jerrygarcia.com/wp-content/uploads/1995/07/12152432/TomConstanten_200-100x100.jpg"
    }
  ],
  "supporting_acts_status": "found",
  "supporting_acts": [
    "Canned Heat",
    "Lee Michaels",
    "Santana",
    "Tarantula"
  ],
  "collection_timestamp": "2025-08-10T08:13:40.212264",
  "show_time": null,
  "recordings": [
    "gd69-05-11.fm.cotsman.6296.sbefail.shnf",
    "gd1969-05-11.158656.FM.miller.flac1648"
  ],
  "best_recording": "gd69-05-11.fm.cotsman.6296.sbefail.shnf",
  "avg_rating": 1.6846153846153844,
  "raw_rating": 3.4615384615384617,
  "recording_count": 2,
  "confidence": 1.0,
  "total_high_ratings": 6,
  "total_low_ratings": 3,
  "source_types": {
    "FM": 2
  },
  "matching_method": "date_only",
  "filtering_applied": []
}