{
  "url": "https://jerrygarcia.com/show/1969-07-11-ny-state-pavilion-flushing-meadow-park-queens-ny-usa/",
  "show_id": "1969-07-11-ny-state-pavilion-flushing-meadow-park-queens-ny-usa",
  "band": "Grateful Dead",
  "venue": "NY State Pavilion, Flushing Meadow Park",
  "location_raw": "Queens, NY",
  "city": "Queens",
  "state": "NY",
  "country": "USA",
  "date": "1969-07-11",
  "setlist_status": "found",
  "setlist": [
    {
      "set_name": "Set 1",
      "songs": [
        {
          "name": "Dupree's Diamond Blues",
          "url": "https://jerrygarcia.com/song/duprees-diamond-blues/",
          "segue_into_next": true
        },
        {
          "name": "Dire Wolf",
          "url": "https://jerrygarcia.com/song/dire-wolf/",
          "segue_into_next": false
        },
        {
          "name": "Hard To Handle",
          "url": null,
          "segue_into_next": false
        },
        {
          "name": "Silver Threads And Golden Needles",
          "url": null,
          "segue_into_next": false
        },
        {
          "name": "Casey Jones",
          "url": "https://jerrygarcia.com/song/casey-jones/",
          "segue_into_next": false
        },
        {
          "name": "Sitting On Top Of The World",
          "url": null,
          "segue_into_next": false
        },
        {
          "name": "Big Boss Man",
          "url": null,
          "segue_into_next": false
        },
        {
          "name": "Mama Tried",
          "url": null,
          "segue_into_next": false
        },
        {
          "name": "High Time",
          "url": "https://jerrygarcia.com/song/high-time/",
          "segue_into_next": false
        },
        {
          "name": "Alligator",
          "url": "https://jerrygarcia.com/song/alligator/",
          "segue_into_next": true
        },
        {
          "name": "Death Don't Have No Mercy",
          "url": null,
          "segue_into_next": true
        },
        {
          "name": "Drums",
          "url": null,
          "segue_into_next": true
        },
        {
          "name": "Jam",
          "url": "https://jerrygarcia.com/song/jam/",
          "segue_into_next": true
        },
        {
          "name": "The Other One",
          "url": "https://jerrygarcia.com/song/the-other-one/",
          "segue_into_next": true
        },
        {
          "name": "Turn On Your Lovelight",
          "url": null,
          "segue_into_next": false
        }
      ]
    }
  ],
  "lineup_status": "found",
  "lineup": [
    {
      "name": "Jerry Garcia",
      "instruments": "guitar, vocals",
      "image_url": "https://cdn.jerrygarcia.com/wp-content/uploads/1995/07/12152441/JerryGarcia_200-100x100.jpg"
    },
    {
      "name": "Bob Weir",
      "instruments": "guitar, vocals",
      "image_url": "https://cdn.jerrygarcia.com/wp-content/uploads/1995/07/12152447/BobWeir_200-100x100.jpg"
    },
    {
      "name": "Phil Lesh",
      "instruments": "bass, vocals",
      "image_url": "https://cdn.jerrygarcia.com/wp-content/uploads/1995/07/12145827/phil.jpg"
    },
    {
      "name": "Bill Kreutzmann",
      "instruments": "drums",
      "image_url": "https://cdn.jerrygarcia.com/wp-content/uploads/1995/07/12152447/BillKreutzmann_200-100x100.jpg"
    },
    {
      "name": "Mickey Hart",
      "instruments": "drums",
      "image_url": "https://cdn.jerrygarcia.com/wp-content/uploads/1995/07/12152436/MickeyHart_200-100x100.jpg"
    },
    {
      "name": "Ron \"Pigpen\" McKernan",
      "instruments": "keyboards, harmonica, percussion, vocals",
      "image_url": "https://cdn.jerrygarcia.com/wp-content/uploads/2019/12/12152433/RonPigpenMcKernan_200-100x100.jpg"
    },
    {
      "name": "Tom Constanten",
      "instruments": "keyboards",
      "image_url": "https://cdn.jerrygarcia.com/wp-content/uploads/1995/07/12152432/TomConstanten_200-100x100.jpg"
    }
  ],
  "supporting_acts_status": "found",
  "supporting_acts": [
    "Joe Cocker & The Grease Band",
    "Tribe"
  ],
  "collection_timestamp": "2025-08-10T08:14:40.169383",
  "show_time": null,
  "recordings": [
    "gd69-07-11.sbd.hanno.4644.sbeok.shnf",
    "gd1969-07-11.123417.sbd.latvala.lee.smith.flac24",
    "gd1969-07-11.127258.sbd.kaplan.flac16",
    "gd1969-07-11.123418.sbd.latvala-lee-smith.flac16",
    "gd1969-07-11.136663.sbd.sirmick.flac16",
    "gd1969-07-11.153553.aud.flac1644"
  ],
  "best_recording": "gd69-07-11.sbd.hanno.4644.sbeok.shnf",
  "avg_rating": 1.9020833333333331,
  "raw_rating": 4.083333333333333,
  "recording_count": 6,
  "confidence": 1.0,
  "total_high_ratings": 17,
  "total_low_ratings": 2,
  "source_types": {
    "SBD": 5,
    "AUD": 1
  },
  "matching_method": "date_only",
  "filtering_applied": []
}