{
  "url": "https://jerrygarcia.com/show/1969-08-23-pelletier-farm-st-helens-or-usa/",
  "show_id": "1969-08-23-pelletier-farm-st-helens-or-usa",
  "band": "Grateful Dead",
  "venue": "Pelletier Farm",
  "location_raw": "St. Helens, OR",
  "city": "St. Helens",
  "state": "OR",
  "country": "USA",
  "date": "1969-08-23",
  "setlist_status": "found",
  "setlist": [
    {
      "set_name": "Set 1",
      "songs": [
        {
          "name": "Hard To Handle",
          "url": null,
          "segue_into_next": false
        },
        {
          "name": "Mama Tried",
          "url": null,
          "segue_into_next": true
        },
        {
          "name": "High Time",
          "url": "https://jerrygarcia.com/song/high-time/",
          "segue_into_next": false
        },
        {
          "name": "Casey Jones",
          "url": "https://jerrygarcia.com/song/casey-jones/",
          "segue_into_next": false
        },
        {
          "name": "Easy Wind",
          "url": "https://jerrygarcia.com/song/easy-wind/",
          "segue_into_next": false
        },
        {
          "name": "Sittin' On Top Of The World",
          "url": null,
          "segue_into_next": false
        },
        {
          "name": "Dark Star",
          "url": "https://jerrygarcia.com/song/dark-star/",
          "segue_into_next": true
        },
        {
          "name": "Saint Stephen",
          "url": "https://jerrygarcia.com/song/saint-stephen/",
          "segue_into_next": true
        },
        {
          "name": "The Eleven",
          "url": "https://jerrygarcia.com/song/the-eleven/",
          "segue_into_next": true
        },
        {
          "name": "Turn On Your Lovelight",
          "url": null,
          "segue_into_next": false
        }
      ]
    },
    {
      "set_name": "Encore",
      "songs": [
        {
          "name": "And We Bid You Good Night",
          "url": null,
          "segue_into_next": false
        }
      ]
    }
  ],
  "lineup_status": "found",
  "lineup": [
    {
      "name": "Jerry Garcia",
      "instruments": "guitar, vocals",
      "image_url": "https://cdn.jerrygarcia.com/wp-content/uploads/1995/07/12152441/JerryGarcia_200-100x100.jpg"
    },
    {
      "name": "Bob Weir",
      "instruments": "guitar, vocals",
      "image_url": "https://cdn.jerrygarcia.com/wp-content/uploads/1995/07/12152447/BobWeir_200-100x100.jpg"
    },
    {
      "name": "Phil Lesh",
      "instruments": "bass, vocals",
      "image_url": "https://cdn.jerrygarcia.com/wp-content/uploads/1995/07/12145827/phil.jpg"
    },
    {
      "name": "Bill Kreutzmann",
      "instruments": "drums",
      "image_url": "https://cdn.jerrygarcia.com/wp-content/uploads/1995/07/12152447/BillKreutzmann_200-100x100.jpg"
    },
    {
      "name": "Mickey Hart",
      "instruments": "drums",
      "image_url": "https://cdn.jerrygarcia.com/wp-content/uploads/1995/07/12152436/MickeyHart_200-100x100.jpg"
    },
    {
      "name": "Ron \"Pigpen\" McKernan",
      "instruments": "keyboards, harmonica, percussion, vocals",
      "image_url": "https://cdn.jerrygarcia.com/wp-content/uploads/2019/12/12152433/RonPigpenMcKernan_200-100x100.jpg"
    },
    {
      "name": "Tom Constanten",
      "instruments": "keyboards",
      "image_url": "https://cdn.jerrygarcia.com/wp-content/uploads/1995/07/12152432/TomConstanten_200-100x100.jpg"
    }
  ],
  "supporting_acts_status": "found",
  "supporting_acts": [
    "Mixed Blood",
    "The Portland Zoo",
    "Sabatic Goat",
    "River",
    "Sand",
    "Notary Sojac",
    "Searchin Soul",
    "The Weeds",
    "New Colony",
    "The Trilogy",
    "Bill Feldman",
    "Donn Ross",
    "Ron Bruce",
    "Chapter Five"
  ],
  "collection_timestamp": "2025-08-10T08:14:56.119141",
  "show_time": null,
  "recordings": [
    "gd1969-08-23.sbd.lai.6639.shnf",
    "gd1969-08-23.sbd.2196.sbeok.shnf",
    "gd1969-08-23.165005.sbd.remaster.daniel.flac1644",
    "gd1969-08-23.165504.sbd.goody.flac1644"
  ],
  "best_recording": "gd1969-08-23.sbd.lai.6639.shnf",
  "avg_rating": 2.0600000000000005,
  "raw_rating": 4.3,
  "recording_count": 4,
  "confidence": 1.0,
  "total_high_ratings": 17,
  "total_low_ratings": 1,
  "source_types": {
    "SBD": 4
  },
  "matching_method": "date_only",
  "filtering_applied": [],
  "collections": [
    "pigpen-years"
  ]
}