{
  "url": "https://jerrygarcia.com/show/1969-12-26-mcfarlin-auditorium-s-m-u-dallas-tx-usa/",
  "show_id": "1969-12-26-mcfarlin-auditorium-s-m-u-dallas-tx-usa",
  "band": "Grateful Dead",
  "venue": "McFarlin Auditorium, S.M.U.",
  "location_raw": "Dallas, TX",
  "city": "Dallas",
  "state": "TX",
  "country": "USA",
  "date": "1969-12-26",
  "setlist_status": "found",
  "setlist": [
    {
      "set_name": "Set 1",
      "songs": [
        {
          "name": "Monkey And The Engineer",
          "url": null,
          "segue_into_next": false
        },
        {
          "name": "Little Sadie",
          "url": "https://jerrygarcia.com/song/little-sadie/",
          "segue_into_next": false
        },
        {
          "name": "Long Black Limousine",
          "url": null,
          "segue_into_next": false
        },
        {
          "name": "I've Been All Around This World",
          "url": "https://jerrygarcia.com/song/ive-been-all-around-this-world/",
          "segue_into_next": false
        },
        {
          "name": "The Master's Bouquet",
          "url": null,
          "segue_into_next": false
        },
        {
          "name": "Black Peter",
          "url": "https://jerrygarcia.com/song/black-peter/",
          "segue_into_next": false
        },
        {
          "name": "Uncle John's Band",
          "url": "https://jerrygarcia.com/song/uncle-johns-band/",
          "segue_into_next": false
        }
      ]
    },
    {
      "set_name": "Set 2",
      "songs": [
        {
          "name": "Casey Jones",
          "url": "https://jerrygarcia.com/song/casey-jones/",
          "segue_into_next": false
        },
        {
          "name": "Hard To Handle",
          "url": null,
          "segue_into_next": false
        },
        {
          "name": "Cold Rain And Snow",
          "url": "https://jerrygarcia.com/song/cold-rain-and-snow/",
          "segue_into_next": false
        },
        {
          "name": "China Cat Sunflower",
          "url": "https://jerrygarcia.com/song/china-cat-sunflower/",
          "segue_into_next": true
        },
        {
          "name": "I Know You Rider",
          "url": "https://jerrygarcia.com/song/i-know-you-rider/",
          "segue_into_next": true
        },
        {
          "name": "High Time",
          "url": "https://jerrygarcia.com/song/high-time/",
          "segue_into_next": false
        },
        {
          "name": "Me And My Uncle",
          "url": null,
          "segue_into_next": false
        },
        {
          "name": "Dark Star",
          "url": "https://jerrygarcia.com/song/dark-star/",
          "segue_into_next": true
        },
        {
          "name": "New Speedway Boogie",
          "url": "https://jerrygarcia.com/song/new-speedway-boogie/",
          "segue_into_next": false
        },
        {
          "name": "Turn On Your Lovelight",
          "url": null,
          "segue_into_next": false
        }
      ]
    }
  ],
  "lineup_status": "found",
  "lineup": [
    {
      "name": "Jerry Garcia",
      "instruments": "guitar, vocals",
      "image_url": "https://cdn.jerrygarcia.com/wp-content/uploads/1995/07/12152441/JerryGarcia_200-100x100.jpg"
    },
    {
      "name": "Bob Weir",
      "instruments": "guitar, vocals",
      "image_url": "https://cdn.jerrygarcia.com/wp-content/uploads/1995/07/12152447/BobWeir_200-100x100.jpg"
    },
    {
      "name": "Phil Lesh",
      "instruments": "bass, vocals",
      "image_url": "https://cdn.jerrygarcia.com/wp-content/uploads/1995/07/12145827/phil.jpg"
    },
    {
      "name": "Bill Kreutzmann",
      "instruments": "drums",
      "image_url": "https://cdn.jerrygarcia.com/wp-content/uploads/1995/07/12152447/BillKreutzmann_200-100x100.jpg"
    },
    {
      "name": "Mickey Hart",
      "instruments": "drums",
      "image_url": "https://cdn.jerrygarcia.com/wp-content/uploads/1995/07/12152436/MickeyHart_200-100x100.jpg"
    },
    {
      "name": "Ron \"Pigpen\" McKernan",
      "instruments": "keyboards, harmonica, percussion, vocals",
      "image_url": "https://cdn.jerrygarcia.com/wp-content/uploads/2019/12/12152433/RonPigpenMcKernan_200-100x100.jpg"
    },
    {
      "name": "Tom Constanten",
      "instruments": "keyboards",
      "image_url": "https://cdn.jerrygarcia.com/wp-content/uploads/1995/07/12152432/TomConstanten_200-100x100.jpg"
    }
  ],
  "supporting_acts_status": "found",
  "supporting_acts": [
    "Zephyr"
  ],
  "collection_timestamp": "2025-08-10T08:16:20.316935",
  "show_time": null,
  "recordings": [
    "gd1969-12-26.sbd.warner-evans.28448.sbeok.flac16",
    "gd69-12-26.sbd.murphy.1821.sbeok.shnf",
    "gd1969-12-26.136636.electric.sbd.mr.cass.sirmick.flac1648"
  ],
  "best_recording": "gd1969-12-26.sbd.warner-evans.28448.sbeok.flac16",
  "avg_rating": 3.1481081081081084,
  "raw_rating": 4.54054054054054,
  "recording_count": 3,
  "confidence": 1.0,
  "total_high_ratings": 36,
  "total_low_ratings": 0,
  "source_types": {
    "SBD": 3
  },
  "matching_method": "date_only",
  "filtering_applied": [],
  "collections": [
    "daves-picks-vol-43",
    "pigpen-years"
  ]
}