{
  "url": "https://jerrygarcia.com/show/1969-10-24-winterland-arena-san-francisco-ca-usa/",
  "show_id": "1969-10-24-winterland-arena-san-francisco-ca-usa",
  "band": "Grateful Dead",
  "venue": "Winterland Arena",
  "location_raw": "San Francisco, CA",
  "city": "San Francisco",
  "state": "CA",
  "country": "USA",
  "date": "1969-10-24",
  "setlist_status": "found",
  "setlist": [
    {
      "set_name": "Set 1",
      "songs": [
        {
          "name": "Casey Jones",
          "url": "https://jerrygarcia.com/song/casey-jones/",
          "segue_into_next": false
        },
        {
          "name": "Dire Wolf",
          "url": "https://jerrygarcia.com/song/dire-wolf/",
          "segue_into_next": false
        },
        {
          "name": "High Time",
          "url": "https://jerrygarcia.com/song/high-time/",
          "segue_into_next": false
        },
        {
          "name": "Easy Wind",
          "url": "https://jerrygarcia.com/song/easy-wind/",
          "segue_into_next": false
        },
        {
          "name": "China Cat Sunflower",
          "url": "https://jerrygarcia.com/song/china-cat-sunflower/",
          "segue_into_next": true
        },
        {
          "name": "I Know You Rider",
          "url": "https://jerrygarcia.com/song/i-know-you-rider/",
          "segue_into_next": false
        },
        {
          "name": "Cryptical Envelopment",
          "url": "https://jerrygarcia.com/song/cryptical-envelopment/",
          "segue_into_next": true
        },
        {
          "name": "Drums",
          "url": null,
          "segue_into_next": true
        },
        {
          "name": "The Other One",
          "url": "https://jerrygarcia.com/song/the-other-one/",
          "segue_into_next": true
        },
        {
          "name": "Cryptical Envelopment",
          "url": "https://jerrygarcia.com/song/cryptical-envelopment/",
          "segue_into_next": true
        },
        {
          "name": "Cosmic Charlie",
          "url": "https://jerrygarcia.com/song/cosmic-charlie/",
          "segue_into_next": false
        },
        {
          "name": "Mama Tried",
          "url": null,
          "segue_into_next": false
        },
        {
          "name": "Good Lovin'",
          "url": "https://jerrygarcia.com/song/good-lovin/",
          "segue_into_next": false
        }
      ]
    }
  ],
  "lineup_status": "found",
  "lineup": [
    {
      "name": "Jerry Garcia",
      "instruments": "guitar, vocals",
      "image_url": "https://cdn.jerrygarcia.com/wp-content/uploads/1995/07/12152441/JerryGarcia_200-100x100.jpg"
    },
    {
      "name": "Bob Weir",
      "instruments": "guitar, vocals",
      "image_url": "https://cdn.jerrygarcia.com/wp-content/uploads/1995/07/12152447/BobWeir_200-100x100.jpg"
    },
    {
      "name": "Phil Lesh",
      "instruments": "bass, vocals",
      "image_url": "https://cdn.jerrygarcia.com/wp-content/uploads/1995/07/12145827/phil.jpg"
    },
    {
      "name": "Bill Kreutzmann",
      "instruments": "drums",
      "image_url": "https://cdn.jerrygarcia.com/wp-content/uploads/1995/07/12152447/BillKreutzmann_200-100x100.jpg"
    },
    {
      "name": "Mickey Hart",
      "instruments": "drums",
      "image_url": "https://cdn.jerrygarcia.com/wp-content/uploads/1995/07/12152436/MickeyHart_200-100x100.jpg"
    },
    {
      "name": "Ron \"Pigpen\" McKernan",
      "instruments": "keyboards, harmonica, percussion, vocals",
      "image_url": "https://cdn.jerrygarcia.com/wp-content/uploads/2019/12/12152433/RonPigpenMcKernan_200-100x100.jpg"
    },
    {
      "name": "Tom Constanten",
      "instruments": "keyboards",
      "image_url": "https://cdn.jerrygarcia.com/wp-content/uploads/1995/07/12152432/TomConstanten_200-100x100.jpg"
    }
  ],
  "supporting_acts_status": "found",
  "supporting_acts": [
    "Jefferson Airplane",
    "Doug Kershaw"
  ],
  "collection_timestamp": "2025-08-10T08:15:37.738193",
  "show_time": null,
  "recordings": [
    "gd69-10-24.aud.jools.19527.sbeok.shnf",
    "gd1969-10-24.aud.unknown.seaweed.122194.flac1644"
  ],
  "best_recording": "gd69-10-24.aud.jools.19527.sbeok.shnf",
  "avg_rating": 1.61,
  "raw_rating": 4.2,
  "recording_count": 2,
  "confidence": 0.5,
  "total_high_ratings": 4,
  "total_low_ratings": 0,
  "source_types": {
    "AUD": 2
  },
  "matching_method": "date_only",
  "filtering_applied": []
}