{
  "url": "https://jerrygarcia.com/show/1969-08-02-family-dog-at-the-great-highway-san-francisco-ca-usa/",
  "show_id": "1969-08-02-family-dog-at-the-great-highway-san-francisco-ca-usa",
  "band": "Grateful Dead",
  "venue": "Family Dog at The Great Highway",
  "location_raw": "San Francisco, CA",
  "city": "San Francisco",
  "state": "CA",
  "country": "USA",
  "date": "1969-08-02",
  "setlist_status": "found",
  "setlist": [
    {
      "set_name": "Set 1",
      "songs": [
        {
          "name": "Casey Jones",
          "url": "https://jerrygarcia.com/song/casey-jones/",
          "segue_into_next": false
        },
        {
          "name": "Hard To Handle",
          "url": null,
          "segue_into_next": false
        },
        {
          "name": "Mama Tried",
          "url": null,
          "segue_into_next": false
        },
        {
          "name": "High Time",
          "url": "https://jerrygarcia.com/song/high-time/",
          "segue_into_next": false
        },
        {
          "name": "Seasons Of My Heart",
          "url": null,
          "segue_into_next": false
        },
        {
          "name": "Slewfoot",
          "url": null,
          "segue_into_next": false
        },
        {
          "name": "Big Boss Man",
          "url": null,
          "segue_into_next": false
        },
        {
          "name": "Cryptical Envelopment",
          "url": "https://jerrygarcia.com/song/cryptical-envelopment/",
          "segue_into_next": true
        },
        {
          "name": "Drums",
          "url": null,
          "segue_into_next": true
        },
        {
          "name": "The Other One",
          "url": "https://jerrygarcia.com/song/the-other-one/",
          "segue_into_next": true
        },
        {
          "name": "Cryptical Envelopment",
          "url": "https://jerrygarcia.com/song/cryptical-envelopment/",
          "segue_into_next": true
        },
        {
          "name": "Turn On Your Lovelight",
          "url": null,
          "segue_into_next": false
        }
      ]
    }
  ],
  "lineup_status": "found",
  "lineup": [
    {
      "name": "Jerry Garcia",
      "instruments": "guitar, vocals",
      "image_url": "https://cdn.jerrygarcia.com/wp-content/uploads/1995/07/12152441/JerryGarcia_200-100x100.jpg"
    },
    {
      "name": "Bob Weir",
      "instruments": "guitar, vocals",
      "image_url": "https://cdn.jerrygarcia.com/wp-content/uploads/1995/07/12152447/BobWeir_200-100x100.jpg"
    },
    {
      "name": "Phil Lesh",
      "instruments": "bass, vocals",
      "image_url": "https://cdn.jerrygarcia.com/wp-content/uploads/1995/07/12145827/phil.jpg"
    },
    {
      "name": "Bill Kreutzmann",
      "instruments": "drums",
      "image_url": "https://cdn.jerrygarcia.com/wp-content/uploads/1995/07/12152447/BillKreutzmann_200-100x100.jpg"
    },
    {
      "name": "Mickey Hart",
      "instruments": "drums",
      "image_url": "https://cdn.jerrygarcia.com/wp-content/uploads/1995/07/12152436/MickeyHart_200-100x100.jpg"
    },
    {
      "name": "Ron \"Pigpen\" McKernan",
      "instruments": "keyboards, harmonica, percussion, vocals",
      "image_url": "https://cdn.jerrygarcia.com/wp-content/uploads/2019/12/12152433/RonPigpenMcKernan_200-100x100.jpg"
    },
    {
      "name": "Tom Constanten",
      "instruments": "keyboards",
      "image_url": "https://cdn.jerrygarcia.com/wp-content/uploads/1995/07/12152432/TomConstanten_200-100x100.jpg"
    }
  ],
  "supporting_acts_status": "found",
  "supporting_acts": [
    "Albert Collins",
    "Ballet Afro-Haiti"
  ],
  "collection_timestamp": "2025-08-10T08:14:46.129207",
  "show_time": null,
  "recordings": [
    "gd69-08-02.sbd.miller.30651.sbeok.flacf"
  ],
  "best_recording": "gd69-08-02.sbd.miller.30651.sbeok.flacf",
  "avg_rating": 1.7916666666666667,
  "raw_rating": 3.5833333333333335,
  "recording_count": 1,
  "confidence": 1.0,
  "total_high_ratings": 6,
  "total_low_ratings": 0,
  "source_types": {
    "SBD": 1
  },
  "matching_method": "date_only",
  "filtering_applied": []
}