{
  "url": "https://jerrygarcia.com/show/1969-04-25-electric-theater-chicago-il-usa/",
  "show_id": "1969-04-25-electric-theater-chicago-il-usa",
  "band": "Grateful Dead",
  "venue": "Electric Theater",
  "location_raw": "Chicago, IL",
  "city": "Chicago",
  "state": "IL",
  "country": "USA",
  "date": "1969-04-25",
  "setlist_status": "found",
  "setlist": [
    {
      "set_name": "Set 1",
      "songs": [
        {
          "name": "Hard To Handle",
          "url": null,
          "segue_into_next": false
        },
        {
          "name": "Doin' That Rag",
          "url": "https://jerrygarcia.com/song/doin-that-rag/",
          "segue_into_next": false
        },
        {
          "name": "Good Morning Little School Girl",
          "url": null,
          "segue_into_next": false
        },
        {
          "name": "Morning Dew",
          "url": null,
          "segue_into_next": false
        },
        {
          "name": "Sitting On Top Of The World",
          "url": null,
          "segue_into_next": false
        },
        {
          "name": "Turn On Your Lovelight",
          "url": null,
          "segue_into_next": false
        }
      ]
    }
  ],
  "lineup_status": "found",
  "lineup": [
    {
      "name": "Jerry Garcia",
      "instruments": "guitar, vocals",
      "image_url": "https://cdn.jerrygarcia.com/wp-content/uploads/1995/07/12152441/JerryGarcia_200-100x100.jpg"
    },
    {
      "name": "Bob Weir",
      "instruments": "guitar, vocals",
      "image_url": "https://cdn.jerrygarcia.com/wp-content/uploads/1995/07/12152447/BobWeir_200-100x100.jpg"
    },
    {
      "name": "Phil Lesh",
      "instruments": "bass, vocals",
      "image_url": "https://cdn.jerrygarcia.com/wp-content/uploads/1995/07/12145827/phil.jpg"
    },
    {
      "name": "Bill Kreutzmann",
      "instruments": "drums",
      "image_url": "https://cdn.jerrygarcia.com/wp-content/uploads/1995/07/12152447/BillKreutzmann_200-100x100.jpg"
    },
    {
      "name": "Mickey Hart",
      "instruments": "drums",
      "image_url": "https://cdn.jerrygarcia.com/wp-content/uploads/1995/07/12152436/MickeyHart_200-100x100.jpg"
    },
    {
      "name": "Ron \"Pigpen\" McKernan",
      "instruments": "keyboards, harmonica, percussion, vocals",
      "image_url": "https://cdn.jerrygarcia.com/wp-content/uploads/2019/12/12152433/RonPigpenMcKernan_200-100x100.jpg"
    },
    {
      "name": "Tom Constanten",
      "instruments": "keyboards",
      "image_url": "https://cdn.jerrygarcia.com/wp-content/uploads/1995/07/12152432/TomConstanten_200-100x100.jpg"
    }
  ],
  "supporting_acts_status": "found",
  "supporting_acts": [
    "The Velvet Underground",
    "SRC"
  ],
  "collection_timestamp": "2025-08-10T08:13:22.098145",
  "show_time": null,
  "recordings": [
    "gd69-04-25.sbd.2596.sbeok.shnf",
    "gd1969-04-25.sbd.miller.97392.sbeok.flac16"
  ],
  "best_recording": "gd69-04-25.sbd.2596.sbeok.shnf",
  "avg_rating": 2.1666666666666665,
  "raw_rating": 4.333333333333333,
  "recording_count": 2,
  "confidence": 1.0,
  "total_high_ratings": 13,
  "total_low_ratings": 0,
  "source_types": {
    "SBD": 2
  },
  "matching_method": "date_only",
  "filtering_applied": []
}