{
  "url": "https://jerrygarcia.com/show/1969-04-15-the-music-box-omaha-ne-usa/",
  "show_id": "1969-04-15-the-music-box-omaha-ne-usa",
  "band": "Grateful Dead",
  "venue": "The Music Box",
  "location_raw": "Omaha, NE",
  "city": "Omaha",
  "state": "NE",
  "country": "USA",
  "date": "1969-04-15",
  "setlist_status": "found",
  "setlist": [
    {
      "set_name": "Set 1",
      "songs": [
        {
          "name": "Hard To Handle",
          "url": null,
          "segue_into_next": false
        },
        {
          "name": "Morning Dew",
          "url": null,
          "segue_into_next": false
        },
        {
          "name": "It Hurts Me Too",
          "url": null,
          "segue_into_next": false
        },
        {
          "name": "China Cat Sunflower",
          "url": "https://jerrygarcia.com/song/china-cat-sunflower/",
          "segue_into_next": true
        },
        {
          "name": "Jam",
          "url": "https://jerrygarcia.com/song/jam/",
          "segue_into_next": true
        },
        {
          "name": "Doin' That Rag",
          "url": "https://jerrygarcia.com/song/doin-that-rag/",
          "segue_into_next": true
        },
        {
          "name": "It's A Sin",
          "url": null,
          "segue_into_next": true
        },
        {
          "name": "Turn On Your Lovelight",
          "url": null,
          "segue_into_next": false
        }
      ]
    }
  ],
  "lineup_status": "found",
  "lineup": [
    {
      "name": "Jerry Garcia",
      "instruments": "guitar, vocals",
      "image_url": "https://cdn.jerrygarcia.com/wp-content/uploads/1995/07/12152441/JerryGarcia_200-100x100.jpg"
    },
    {
      "name": "Bob Weir",
      "instruments": "guitar, vocals",
      "image_url": "https://cdn.jerrygarcia.com/wp-content/uploads/1995/07/12152447/BobWeir_200-100x100.jpg"
    },
    {
      "name": "Phil Lesh",
      "instruments": "bass, vocals",
      "image_url": "https://cdn.jerrygarcia.com/wp-content/uploads/1995/07/12145827/phil.jpg"
    },
    {
      "name": "Bill Kreutzmann",
      "instruments": "drums",
      "image_url": "https://cdn.jerrygarcia.com/wp-content/uploads/1995/07/12152447/BillKreutzmann_200-100x100.jpg"
    },
    {
      "name": "Mickey Hart",
      "instruments": "drums",
      "image_url": "https://cdn.jerrygarcia.com/wp-content/uploads/1995/07/12152436/MickeyHart_200-100x100.jpg"
    },
    {
      "name": "Ron \"Pigpen\" McKernan",
      "instruments": "keyboards, harmonica, percussion, vocals",
      "image_url": "https://cdn.jerrygarcia.com/wp-content/uploads/2019/12/12152433/RonPigpenMcKernan_200-100x100.jpg"
    },
    {
      "name": "Tom Constanten",
      "instruments": "keyboards",
      "image_url": "https://cdn.jerrygarcia.com/wp-content/uploads/1995/07/12152432/TomConstanten_200-100x100.jpg"
    }
  ],
  "supporting_acts_status": "found",
  "supporting_acts": [
    "Liberation Blues Band"
  ],
  "collection_timestamp": "2025-08-10T08:13:08.162098",
  "show_time": null,
  "recordings": [
    "gd1969-04-15.aud.sbd-patch.komar.miller.31939.sbeok.flac16",
    "gd1969-04-15.sbd.oswley.9073.sbeok.shnf",
    "gd69-04-15.sbd.cotsman.6288.sbeok.shnf",
    "gd69-04-15.aud.miller.31435.sbeok.flacf",
    "gd1969-04-15.aud.komar.miller.31523.flac16",
    "gd1969-04-15.mtx.dan.33952.sbefail.flac16",
    "gd1969-04-15.dts.danhaugh.34269.flac",
    "gd69-04-15.aud.komar.31672.sbefail.flac16"
  ],
  "best_recording": "gd1969-04-15.aud.sbd-patch.komar.miller.31939.sbeok.flac16",
  "avg_rating": 1.9147186147186144,
  "raw_rating": 4.032258064516129,
  "recording_count": 8,
  "confidence": 1.0,
  "total_high_ratings": 26,
  "total_low_ratings": 2,
  "source_types": {
    "SBD": 3,
    "AUD": 3,
    "UNKNOWN": 2
  },
  "matching_method": "date_only",
  "filtering_applied": [],
  "collections": [
    "pigpen-years"
  ]
}