{
  "url": "https://jerrygarcia.com/show/1969-08-29-family-dog-at-the-great-highway-san-francisco-ca-usa/",
  "show_id": "1969-08-29-family-dog-at-the-great-highway-san-francisco-ca-usa",
  "band": "Grateful Dead",
  "venue": "Family Dog at The Great Highway",
  "location_raw": "San Francisco, CA",
  "city": "San Francisco",
  "state": "CA",
  "country": "USA",
  "date": "1969-08-29",
  "setlist_status": "found",
  "setlist": [
    {
      "set_name": "Set 1",
      "songs": [
        {
          "name": "Casey Jones",
          "url": "https://jerrygarcia.com/song/casey-jones/",
          "segue_into_next": false
        },
        {
          "name": "Easy Wind",
          "url": "https://jerrygarcia.com/song/easy-wind/",
          "segue_into_next": false
        },
        {
          "name": "Me And My Uncle",
          "url": null,
          "segue_into_next": true
        },
        {
          "name": "High Time",
          "url": "https://jerrygarcia.com/song/high-time/",
          "segue_into_next": false
        },
        {
          "name": "New Orleans",
          "url": null,
          "segue_into_next": true
        },
        {
          "name": "Searchin'",
          "url": null,
          "segue_into_next": true
        },
        {
          "name": "Good Lovin'",
          "url": "https://jerrygarcia.com/song/good-lovin/",
          "segue_into_next": false
        },
        {
          "name": "Dire Wolf",
          "url": "https://jerrygarcia.com/song/dire-wolf/",
          "segue_into_next": false
        },
        {
          "name": "I'm A King Bee",
          "url": null,
          "segue_into_next": false
        },
        {
          "name": "Turn On Your Lovelight",
          "url": null,
          "segue_into_next": false
        }
      ]
    }
  ],
  "lineup_status": "found",
  "lineup": [
    {
      "name": "Jerry Garcia",
      "instruments": "guitar, vocals",
      "image_url": "https://cdn.jerrygarcia.com/wp-content/uploads/1995/07/12152441/JerryGarcia_200-100x100.jpg"
    },
    {
      "name": "Bob Weir",
      "instruments": "guitar, vocals",
      "image_url": "https://cdn.jerrygarcia.com/wp-content/uploads/1995/07/12152447/BobWeir_200-100x100.jpg"
    },
    {
      "name": "Phil Lesh",
      "instruments": "bass, vocals",
      "image_url": "https://cdn.jerrygarcia.com/wp-content/uploads/1995/07/12145827/phil.jpg"
    },
    {
      "name": "Bill Kreutzmann",
      "instruments": "drums",
      "image_url": "https://cdn.jerrygarcia.com/wp-content/uploads/1995/07/12152447/BillKreutzmann_200-100x100.jpg"
    },
    {
      "name": "Mickey Hart",
      "instruments": "drums",
      "image_url": "https://cdn.jerrygarcia.com/wp-content/uploads/1995/07/12152436/MickeyHart_200-100x100.jpg"
    },
    {
      "name": "Ron \"Pigpen\" McKernan",
      "instruments": "keyboards, harmonica, percussion, vocals",
      "image_url": "https://cdn.jerrygarcia.com/wp-content/uploads/2019/12/12152433/RonPigpenMcKernan_200-100x100.jpg"
    },
    {
      "name": "Tom Constanten",
      "instruments": "keyboards",
      "image_url": "https://cdn.jerrygarcia.com/wp-content/uploads/1995/07/12152432/TomConstanten_200-100x100.jpg"
    }
  ],
  "supporting_acts_status": "found",
  "supporting_acts": [
    "Commander Cody & His Lost Planet Airmen",
    "New Riders of the Purple Sage",
    "Phoenix"
  ],
  "collection_timestamp": "2025-08-10T08:15:00.161276",
  "show_time": null,
  "recordings": [
    "gd69-08-29.sbd.cotsman.8996.sbeok.shnf",
    "gd1969-08-29.123101.sbd-fixed.miller.flac16",
    "gd1969-08-29.sbd.lai.9179.sbefail.shnf",
    "gd1969-08-29.123075.sbd.miller.flac16"
  ],
  "best_recording": "gd69-08-29.sbd.cotsman.8996.sbeok.shnf",
  "avg_rating": 1.98,
  "raw_rating": 4.466666666666667,
  "recording_count": 4,
  "confidence": 1.0,
  "total_high_ratings": 14,
  "total_low_ratings": 0,
  "source_types": {
    "SBD": 4
  },
  "matching_method": "date_only",
  "filtering_applied": [],
  "collections": [
    "pigpen-years"
  ]
}