{
  "url": "https://jerrygarcia.com/show/1969-07-04-electric-theater-chicago-il-usa/",
  "show_id": "1969-07-04-electric-theater-chicago-il-usa",
  "band": "Grateful Dead",
  "venue": "Electric Theater",
  "location_raw": "Chicago, IL",
  "city": "Chicago",
  "state": "IL",
  "country": "USA",
  "date": "1969-07-04",
  "setlist_status": "found",
  "setlist": [
    {
      "set_name": "Set 1",
      "songs": [
        {
          "name": "Hard To Handle",
          "url": null,
          "segue_into_next": false
        },
        {
          "name": "Mama Tried",
          "url": null,
          "segue_into_next": false
        },
        {
          "name": "Slewfoot",
          "url": null,
          "segue_into_next": false
        },
        {
          "name": "Silver Threads And Golden Needles",
          "url": null,
          "segue_into_next": false
        },
        {
          "name": "Cryptical Envelopment",
          "url": "https://jerrygarcia.com/song/cryptical-envelopment/",
          "segue_into_next": true
        },
        {
          "name": "The Other One",
          "url": "https://jerrygarcia.com/song/the-other-one/",
          "segue_into_next": true
        },
        {
          "name": "High Time",
          "url": "https://jerrygarcia.com/song/high-time/",
          "segue_into_next": true
        },
        {
          "name": "Casey Jones",
          "url": "https://jerrygarcia.com/song/casey-jones/",
          "segue_into_next": false
        },
        {
          "name": "I'm A King Bee",
          "url": null,
          "segue_into_next": false
        },
        {
          "name": "Sittin' On Top Of The World",
          "url": null,
          "segue_into_next": true
        },
        {
          "name": "Me And My Uncle",
          "url": null,
          "segue_into_next": false
        },
        {
          "name": "Doin' That Rag",
          "url": "https://jerrygarcia.com/song/doin-that-rag/",
          "segue_into_next": false
        },
        {
          "name": "Let Me In",
          "url": null,
          "segue_into_next": false
        },
        {
          "name": "Dire Wolf",
          "url": "https://jerrygarcia.com/song/dire-wolf/",
          "segue_into_next": false
        },
        {
          "name": "Saint Stephen",
          "url": "https://jerrygarcia.com/song/saint-stephen/",
          "segue_into_next": true
        },
        {
          "name": "Turn On Your Lovelight",
          "url": null,
          "segue_into_next": false
        }
      ]
    }
  ],
  "lineup_status": "found",
  "lineup": [
    {
      "name": "Jerry Garcia",
      "instruments": "guitar, vocals",
      "image_url": "https://cdn.jerrygarcia.com/wp-content/uploads/1995/07/12152441/JerryGarcia_200-100x100.jpg"
    },
    {
      "name": "Bob Weir",
      "instruments": "guitar, vocals",
      "image_url": "https://cdn.jerrygarcia.com/wp-content/uploads/1995/07/12152447/BobWeir_200-100x100.jpg"
    },
    {
      "name": "Phil Lesh",
      "instruments": "bass, vocals",
      "image_url": "https://cdn.jerrygarcia.com/wp-content/uploads/1995/07/12145827/phil.jpg"
    },
    {
      "name": "Bill Kreutzmann",
      "instruments": "drums",
      "image_url": "https://cdn.jerrygarcia.com/wp-content/uploads/1995/07/12152447/BillKreutzmann_200-100x100.jpg"
    },
    {
      "name": "Mickey Hart",
      "instruments": "drums",
      "image_url": "https://cdn.jerrygarcia.com/wp-content/uploads/1995/07/12152436/MickeyHart_200-100x100.jpg"
    },
    {
      "name": "Ron \"Pigpen\" McKernan",
      "instruments": "keyboards, harmonica, percussion, vocals",
      "image_url": "https://cdn.jerrygarcia.com/wp-content/uploads/2019/12/12152433/RonPigpenMcKernan_200-100x100.jpg"
    },
    {
      "name": "Tom Constanten",
      "instruments": "keyboards",
      "image_url": "https://cdn.jerrygarcia.com/wp-content/uploads/1995/07/12152432/TomConstanten_200-100x100.jpg"
    }
  ],
  "supporting_acts_status": "found",
  "supporting_acts": [
    "The Buddy Miles Express"
  ],
  "collection_timestamp": "2025-08-10T08:14:28.090173",
  "show_time": null,
  "recordings": [
    "gd69-07-04.sbd.sirmick.remaster.29294.shnf",
    "gd69-07-04.sbd.cotsman.4360.sbeok.shnf"
  ],
  "best_recording": "gd69-07-04.sbd.sirmick.remaster.29294.shnf",
  "avg_rating": 1.5090909090909093,
  "raw_rating": 3.1818181818181817,
  "recording_count": 2,
  "confidence": 1.0,
  "total_high_ratings": 4,
  "total_low_ratings": 3,
  "source_types": {
    "SBD": 2
  },
  "matching_method": "date_only",
  "filtering_applied": [],
  "collections": [
    "pigpen-years"
  ]
}