{
  "url": "https://jerrygarcia.com/show/1969-03-28-student-center-modesto-jr-college-modesto-ca-usa/",
  "show_id": "1969-03-28-student-center-modesto-jr-college-modesto-ca-usa",
  "band": "Grateful Dead",
  "venue": "Student Center, Modesto Jr. College",
  "location_raw": "Modesto, CA",
  "city": "Modesto",
  "state": "CA",
  "country": "USA",
  "date": "1969-03-28",
  "setlist_status": "found",
  "setlist": [
    {
      "set_name": "Set 1",
      "songs": [
        {
          "name": "Good Morning Little School Girl",
          "url": null,
          "segue_into_next": false
        },
        {
          "name": "Dark Star",
          "url": "https://jerrygarcia.com/song/dark-star/",
          "segue_into_next": true
        },
        {
          "name": "Saint Stephen",
          "url": "https://jerrygarcia.com/song/saint-stephen/",
          "segue_into_next": true
        },
        {
          "name": "The Eleven",
          "url": "https://jerrygarcia.com/song/the-eleven/",
          "segue_into_next": true
        },
        {
          "name": "Death Don't Have No Mercy",
          "url": null,
          "segue_into_next": true
        },
        {
          "name": "Turn On Your Lovelight",
          "url": null,
          "segue_into_next": false
        },
        {
          "name": "Cryptical Envelopment",
          "url": "https://jerrygarcia.com/song/cryptical-envelopment/",
          "segue_into_next": true
        },
        {
          "name": "The Other One",
          "url": "https://jerrygarcia.com/song/the-other-one/",
          "segue_into_next": true
        },
        {
          "name": "Cryptical Envelopment",
          "url": "https://jerrygarcia.com/song/cryptical-envelopment/",
          "segue_into_next": false
        }
      ]
    }
  ],
  "lineup_status": "found",
  "lineup": [
    {
      "name": "Jerry Garcia",
      "instruments": "guitar, vocals",
      "image_url": "https://cdn.jerrygarcia.com/wp-content/uploads/1995/07/12152441/JerryGarcia_200-100x100.jpg"
    },
    {
      "name": "Bob Weir",
      "instruments": "guitar, vocals",
      "image_url": "https://cdn.jerrygarcia.com/wp-content/uploads/1995/07/12152447/BobWeir_200-100x100.jpg"
    },
    {
      "name": "Phil Lesh",
      "instruments": "bass, vocals",
      "image_url": "https://cdn.jerrygarcia.com/wp-content/uploads/1995/07/12145827/phil.jpg"
    },
    {
      "name": "Bill Kreutzmann",
      "instruments": "drums",
      "image_url": "https://cdn.jerrygarcia.com/wp-content/uploads/1995/07/12152447/BillKreutzmann_200-100x100.jpg"
    },
    {
      "name": "Mickey Hart",
      "instruments": "drums",
      "image_url": "https://cdn.jerrygarcia.com/wp-content/uploads/1995/07/12152436/MickeyHart_200-100x100.jpg"
    },
    {
      "name": "Ron \"Pigpen\" McKernan",
      "instruments": "keyboards, harmonica, percussion, vocals",
      "image_url": "https://cdn.jerrygarcia.com/wp-content/uploads/2019/12/12152433/RonPigpenMcKernan_200-100x100.jpg"
    },
    {
      "name": "Tom Constanten",
      "instruments": "keyboards",
      "image_url": "https://cdn.jerrygarcia.com/wp-content/uploads/1995/07/12152432/TomConstanten_200-100x100.jpg"
    }
  ],
  "supporting_acts_status": "missing",
  "supporting_acts": null,
  "collection_timestamp": "2025-08-10T08:12:48.137324",
  "show_time": null,
  "recordings": [
    "gd1969-03-28.sbd.miller.81543.sbeok.flac16",
    "gd69-03-28.sbd.bove.3342.sbeok.shnf",
    "gd1969-03-28.sbd.bear.motb.108057.flac16",
    "gd1969-03-28.108240.sbd.bear.menke.motb0123.flac24",
    "gd1969-03-28.140994.sbd.bear.lubar.dalton.miller.clugston.flac1644",
    "gd1969-03-28.135935.sbd.GEMS.flac16"
  ],
  "best_recording": "gd1969-03-28.sbd.miller.81543.sbeok.flac16",
  "avg_rating": 2.3157894736842106,
  "raw_rating": 4.7631578947368425,
  "recording_count": 6,
  "confidence": 1.0,
  "total_high_ratings": 37,
  "total_low_ratings": 1,
  "source_types": {
    "SBD": 6
  },
  "matching_method": "date_only",
  "filtering_applied": []
}