{
  "url": "https://jerrygarcia.com/show/1969-04-12-student-union-ballroom-u-of-utah-salt-lake-city-ut-usa-2/",
  "show_id": "1969-04-12-student-union-ballroom-u-of-utah-salt-lake-city-ut-usa-2",
  "band": "Grateful Dead",
  "venue": "Student Union Ballroom, U. of Utah",
  "location_raw": "Salt Lake City, UT",
  "city": "Salt Lake City",
  "state": "UT",
  "country": "USA",
  "date": "1969-04-12",
  "setlist_status": "found",
  "setlist": [
    {
      "set_name": "Set 2",
      "songs": [
        {
          "name": "Dark Star",
          "url": "https://jerrygarcia.com/song/dark-star/",
          "segue_into_next": true
        },
        {
          "name": "Saint Stephen",
          "url": "https://jerrygarcia.com/song/saint-stephen/",
          "segue_into_next": true
        },
        {
          "name": "The Eleven",
          "url": "https://jerrygarcia.com/song/the-eleven/",
          "segue_into_next": true
        },
        {
          "name": "Turn On Your Lovelight",
          "url": null,
          "segue_into_next": true
        },
        {
          "name": "Feedback",
          "url": null,
          "segue_into_next": false
        }
      ]
    }
  ],
  "lineup_status": "found",
  "lineup": [
    {
      "name": "Jerry Garcia",
      "instruments": "guitar, vocals",
      "image_url": "https://cdn.jerrygarcia.com/wp-content/uploads/1995/07/12152441/JerryGarcia_200-100x100.jpg"
    },
    {
      "name": "Bob Weir",
      "instruments": "guitar, vocals",
      "image_url": "https://cdn.jerrygarcia.com/wp-content/uploads/1995/07/12152447/BobWeir_200-100x100.jpg"
    },
    {
      "name": "Phil Lesh",
      "instruments": "bass, vocals",
      "image_url": "https://cdn.jerrygarcia.com/wp-content/uploads/1995/07/12145827/phil.jpg"
    },
    {
      "name": "Bill Kreutzmann",
      "instruments": "drums",
      "image_url": "https://cdn.jerrygarcia.com/wp-content/uploads/1995/07/12152447/BillKreutzmann_200-100x100.jpg"
    },
    {
      "name": "Mickey Hart",
      "instruments": "drums",
      "image_url": "https://cdn.jerrygarcia.com/wp-content/uploads/1995/07/12152436/MickeyHart_200-100x100.jpg"
    },
    {
      "name": "Ron \"Pigpen\" McKernan",
      "instruments": "keyboards, harmonica, percussion, vocals",
      "image_url": "https://cdn.jerrygarcia.com/wp-content/uploads/2019/12/12152433/RonPigpenMcKernan_200-100x100.jpg"
    },
    {
      "name": "Tom Constanten",
      "instruments": "keyboards",
      "image_url": "https://cdn.jerrygarcia.com/wp-content/uploads/1995/07/12152432/TomConstanten_200-100x100.jpg"
    }
  ],
  "supporting_acts_status": "found",
  "supporting_acts": [
    "Spirit Of Creation"
  ],
  "collection_timestamp": "2025-08-10T08:13:02.325856",
  "show_time": "late",
  "recordings": [
    "gd69-04-12.sbd.cotsman.14914.sbeok.shnf"
  ],
  "best_recording": "gd69-04-12.sbd.cotsman.14914.sbeok.shnf",
  "avg_rating": 2.1153846153846154,
  "raw_rating": 4.230769230769231,
  "recording_count": 1,
  "confidence": 1.0,
  "total_high_ratings": 11,
  "total_low_ratings": 0,
  "source_types": {
    "SBD": 1
  },
  "matching_method": "time_based",
  "filtering_applied": [
    "show_time: late"
  ],
  "collections": [
    "pigpen-years"
  ]
}