{
  "url": "https://jerrygarcia.com/show/1969-05-29-robertson-gym-u-c-s-b-isle-vista-ca-usa/",
  "show_id": "1969-05-29-robertson-gym-u-c-s-b-isle-vista-ca-usa",
  "band": "Grateful Dead",
  "venue": "Robertson Gym, U.C.S.B.",
  "location_raw": "Isle Vista, CA",
  "city": "Isle Vista",
  "state": "CA",
  "country": "USA",
  "date": "1969-05-29",
  "setlist_status": "missing",
  "setlist": null,
  "lineup_status": "found",
  "lineup": [
    {
      "name": "Jerry Garcia",
      "instruments": "guitar, vocals",
      "image_url": "https://cdn.jerrygarcia.com/wp-content/uploads/1995/07/12152441/JerryGarcia_200-100x100.jpg"
    },
    {
      "name": "Bob Weir",
      "instruments": "guitar, vocals",
      "image_url": "https://cdn.jerrygarcia.com/wp-content/uploads/1995/07/12152447/BobWeir_200-100x100.jpg"
    },
    {
      "name": "Phil Lesh",
      "instruments": "bass, vocals",
      "image_url": "https://cdn.jerrygarcia.com/wp-content/uploads/1995/07/12145827/phil.jpg"
    },
    {
      "name": "Bill Kreutzmann",
      "instruments": "drums",
      "image_url": "https://cdn.jerrygarcia.com/wp-content/uploads/1995/07/12152447/BillKreutzmann_200-100x100.jpg"
    },
    {
      "name": "Mickey Hart",
      "instruments": "drums",
      "image_url": "https://cdn.jerrygarcia.com/wp-content/uploads/1995/07/12152436/MickeyHart_200-100x100.jpg"
    },
    {
      "name": "Ron \"Pigpen\" McKernan",
      "instruments": "keyboards, harmonica, percussion, vocals",
      "image_url": "https://cdn.jerrygarcia.com/wp-content/uploads/2019/12/12152433/RonPigpenMcKernan_200-100x100.jpg"
    },
    {
      "name": "Tom Constanten",
      "instruments": "keyboards",
      "image_url": "https://cdn.jerrygarcia.com/wp-content/uploads/1995/07/12152432/TomConstanten_200-100x100.jpg"
    }
  ],
  "supporting_acts_status": "found",
  "supporting_acts": [
    "Lee Michaels",
    "The Youngbloods"
  ],
  "collection_timestamp": "2025-08-10T08:13:52.402244",
  "show_time": null,
  "recordings": [
    "gd69-05-29.sbd.jim.14018.sbeok.shnf"
  ],
  "best_recording": "gd69-05-29.sbd.jim.14018.sbeok.shnf",
  "avg_rating": 1.7999999999999998,
  "raw_rating": 3.6,
  "recording_count": 1,
  "confidence": 0.5,
  "total_high_ratings": 2,
  "total_low_ratings": 0,
  "source_types": {
    "SBD": 1
  },
  "matching_method": "date_only",
  "filtering_applied": [],
  "collections": [
    "pigpen-years"
  ]
}