{
  "url": "https://jerrygarcia.com/show/1969-04-04-avalon-ballroom-san-francisco-ca-usa/",
  "show_id": "1969-04-04-avalon-ballroom-san-francisco-ca-usa",
  "band": "Grateful Dead",
  "venue": "Avalon Ballroom",
  "location_raw": "San Francisco, CA",
  "city": "San Francisco",
  "state": "CA",
  "country": "USA",
  "date": "1969-04-04",
  "setlist_status": "found",
  "setlist": [
    {
      "set_name": "Set 1",
      "songs": [
        {
          "name": "Good Morning Little School Girl",
          "url": null,
          "segue_into_next": false
        },
        {
          "name": "Doin' That Rag",
          "url": "https://jerrygarcia.com/song/doin-that-rag/",
          "segue_into_next": false
        },
        {
          "name": "Cryptical Envelopment",
          "url": "https://jerrygarcia.com/song/cryptical-envelopment/",
          "segue_into_next": true
        },
        {
          "name": "The Other One",
          "url": "https://jerrygarcia.com/song/the-other-one/",
          "segue_into_next": true
        },
        {
          "name": "Cryptical Envelopment",
          "url": "https://jerrygarcia.com/song/cryptical-envelopment/",
          "segue_into_next": true
        },
        {
          "name": "Death Don't Have No Mercy",
          "url": null,
          "segue_into_next": false
        }
      ]
    },
    {
      "set_name": "Set 2",
      "songs": [
        {
          "name": "Turn On Your Lovelight",
          "url": null,
          "segue_into_next": false
        },
        {
          "name": "Dark Star",
          "url": "https://jerrygarcia.com/song/dark-star/",
          "segue_into_next": true
        },
        {
          "name": "Saint Stephen",
          "url": "https://jerrygarcia.com/song/saint-stephen/",
          "segue_into_next": true
        },
        {
          "name": "The Eleven",
          "url": "https://jerrygarcia.com/song/the-eleven/",
          "segue_into_next": true
        },
        {
          "name": "Feedback",
          "url": null,
          "segue_into_next": false
        }
      ]
    }
  ],
  "lineup_status": "found",
  "lineup": [
    {
      "name": "Jerry Garcia",
      "instruments": "guitar, vocals",
      "image_url": "https://cdn.jerrygarcia.com/wp-content/uploads/1995/07/12152441/JerryGarcia_200-100x100.jpg"
    },
    {
      "name": "Bob Weir",
      "instruments": "guitar, vocals",
      "image_url": "https://cdn.jerrygarcia.com/wp-content/uploads/1995/07/12152447/BobWeir_200-100x100.jpg"
    },
    {
      "name": "Phil Lesh",
      "instruments": "bass, vocals",
      "image_url": "https://cdn.jerrygarcia.com/wp-content/uploads/1995/07/12145827/phil.jpg"
    },
    {
      "name": "Bill Kreutzmann",
      "instruments": "drums",
      "image_url": "https://cdn.jerrygarcia.com/wp-content/uploads/1995/07/12152447/BillKreutzmann_200-100x100.jpg"
    },
    {
      "name": "Mickey Hart",
      "instruments": "drums",
      "image_url": "https://cdn.jerrygarcia.com/wp-content/uploads/1995/07/12152436/MickeyHart_200-100x100.jpg"
    },
    {
      "name": "Ron \"Pigpen\" McKernan",
      "instruments": "keyboards, harmonica, percussion, vocals",
      "image_url": "https://cdn.jerrygarcia.com/wp-content/uploads/2019/12/12152433/RonPigpenMcKernan_200-100x100.jpg"
    },
    {
      "name": "Tom Constanten",
      "instruments": "keyboards",
      "image_url": "https://cdn.jerrygarcia.com/wp-content/uploads/1995/07/12152432/TomConstanten_200-100x100.jpg"
    }
  ],
  "supporting_acts_status": "found",
  "supporting_acts": [
    "Aum",
    "Flying Burrito Bros"
  ],
  "collection_timestamp": "2025-08-10T08:12:52.182472",
  "show_time": null,
  "recordings": [
    "gd1969-04-04.fm.unknown.87542.shnf",
    "gd69-04-04.sbd.sacks.1314.sbefail.shnf",
    "gd1969-04-04.167054.sbd.patched.miller.flac1644"
  ],
  "best_recording": "gd1969-04-04.fm.unknown.87542.shnf",
  "avg_rating": 2.080357142857143,
  "raw_rating": 4.166666666666667,
  "recording_count": 3,
  "confidence": 1.0,
  "total_high_ratings": 13,
  "total_low_ratings": 1,
  "source_types": {
    "FM": 1,
    "SBD": 2
  },
  "matching_method": "date_only",
  "filtering_applied": []
}