{
  "url": "https://jerrygarcia.com/show/1969-06-14-monterey-performing-arts-center-monterey-ca-usa/",
  "show_id": "1969-06-14-monterey-performing-arts-center-monterey-ca-usa",
  "band": "Grateful Dead",
  "venue": "Monterey Performing Arts Center",
  "location_raw": "Monterey, CA",
  "city": "Monterey",
  "state": "CA",
  "country": "USA",
  "date": "1969-06-14",
  "setlist_status": "found",
  "setlist": [
    {
      "set_name": "Set 1",
      "songs": [
        {
          "name": "Turn On Your Lovelight",
          "url": null,
          "segue_into_next": true
        },
        {
          "name": "Me And My Uncle",
          "url": null,
          "segue_into_next": true
        },
        {
          "name": "Doin' That Rag",
          "url": "https://jerrygarcia.com/song/doin-that-rag/",
          "segue_into_next": true
        },
        {
          "name": "He Was A Friend Of Mine",
          "url": null,
          "segue_into_next": false
        },
        {
          "name": "Dire Wolf",
          "url": "https://jerrygarcia.com/song/dire-wolf/",
          "segue_into_next": false
        },
        {
          "name": "Dark Star",
          "url": "https://jerrygarcia.com/song/dark-star/",
          "segue_into_next": true
        },
        {
          "name": "Saint Stephen",
          "url": "https://jerrygarcia.com/song/saint-stephen/",
          "segue_into_next": true
        },
        {
          "name": "The Eleven",
          "url": "https://jerrygarcia.com/song/the-eleven/",
          "segue_into_next": true
        },
        {
          "name": "Turn On Your Lovelight*",
          "url": null,
          "segue_into_next": true
        },
        {
          "name": "Drums",
          "url": null,
          "segue_into_next": true
        },
        {
          "name": "Turn On Your Lovelight",
          "url": null,
          "segue_into_next": false
        }
      ]
    }
  ],
  "lineup_status": "found",
  "lineup": [
    {
      "name": "Jerry Garcia",
      "instruments": "guitar, vocals",
      "image_url": "https://cdn.jerrygarcia.com/wp-content/uploads/1995/07/12152441/JerryGarcia_200-100x100.jpg"
    },
    {
      "name": "Bob Weir",
      "instruments": "guitar, vocals",
      "image_url": "https://cdn.jerrygarcia.com/wp-content/uploads/1995/07/12152447/BobWeir_200-100x100.jpg"
    },
    {
      "name": "Phil Lesh",
      "instruments": "bass, vocals",
      "image_url": "https://cdn.jerrygarcia.com/wp-content/uploads/1995/07/12145827/phil.jpg"
    },
    {
      "name": "Bill Kreutzmann",
      "instruments": "drums",
      "image_url": "https://cdn.jerrygarcia.com/wp-content/uploads/1995/07/12152447/BillKreutzmann_200-100x100.jpg"
    },
    {
      "name": "Mickey Hart",
      "instruments": "drums",
      "image_url": "https://cdn.jerrygarcia.com/wp-content/uploads/1995/07/12152436/MickeyHart_200-100x100.jpg"
    },
    {
      "name": "Ron \"Pigpen\" McKernan",
      "instruments": "keyboards, harmonica, percussion, vocals",
      "image_url": "https://cdn.jerrygarcia.com/wp-content/uploads/2019/12/12152433/RonPigpenMcKernan_200-100x100.jpg"
    },
    {
      "name": "Tom Constanten",
      "instruments": "keyboards",
      "image_url": "https://cdn.jerrygarcia.com/wp-content/uploads/1995/07/12152432/TomConstanten_200-100x100.jpg"
    }
  ],
  "supporting_acts_status": "found",
  "supporting_acts": [
    "Aum",
    "Bitter Seeds"
  ],
  "collection_timestamp": "2025-08-10T08:14:08.147636",
  "show_time": null,
  "recordings": [
    "gd69-06-14.sbd.skinner.5182.sbeok.shnf",
    "gd1969-06-14.155178.sbd.bear.latvala.pollack.miller.clugston.flac1648",
    "gd1969-06-14.150775.SBD.DAT.Bear.Latvala.Pollack.Miller.Noel.t-flac1648"
  ],
  "best_recording": "gd69-06-14.sbd.skinner.5182.sbeok.shnf",
  "avg_rating": 2.1957142857142853,
  "raw_rating": 4.514285714285714,
  "recording_count": 3,
  "confidence": 1.0,
  "total_high_ratings": 33,
  "total_low_ratings": 1,
  "source_types": {
    "SBD": 3
  },
  "matching_method": "date_only",
  "filtering_applied": [],
  "collections": [
    "pigpen-years"
  ]
}