{
  "url": "https://jerrygarcia.com/show/1969-12-31-boston-tea-party-boston-ma-usa/",
  "show_id": "1969-12-31-boston-tea-party-boston-ma-usa",
  "band": "Grateful Dead",
  "venue": "Boston Tea Party",
  "location_raw": "Boston, MA",
  "city": "Boston",
  "state": "MA",
  "country": "USA",
  "date": "1969-12-31",
  "setlist_status": "found",
  "setlist": [
    {
      "set_name": "Set 1",
      "songs": [
        {
          "name": "China Cat Sunflower",
          "url": "https://jerrygarcia.com/song/china-cat-sunflower/",
          "segue_into_next": true
        },
        {
          "name": "I Know You Rider",
          "url": "https://jerrygarcia.com/song/i-know-you-rider/",
          "segue_into_next": false
        },
        {
          "name": "Mama Tried",
          "url": null,
          "segue_into_next": false
        },
        {
          "name": "Next Time You See Me",
          "url": null,
          "segue_into_next": false
        },
        {
          "name": "Cold Rain And Snow",
          "url": "https://jerrygarcia.com/song/cold-rain-and-snow/",
          "segue_into_next": false
        },
        {
          "name": "Black Peter",
          "url": "https://jerrygarcia.com/song/black-peter/",
          "segue_into_next": false
        },
        {
          "name": "Hard To Handle",
          "url": null,
          "segue_into_next": false
        },
        {
          "name": "Me And My Uncle",
          "url": null,
          "segue_into_next": false
        },
        {
          "name": "Mason's Children",
          "url": "https://jerrygarcia.com/song/masons-children/",
          "segue_into_next": false
        },
        {
          "name": "Dire Wolf",
          "url": "https://jerrygarcia.com/song/dire-wolf/",
          "segue_into_next": false
        }
      ]
    },
    {
      "set_name": "Set 2",
      "songs": [
        {
          "name": "Alligator",
          "url": "https://jerrygarcia.com/song/alligator/",
          "segue_into_next": true
        },
        {
          "name": "Drums",
          "url": null,
          "segue_into_next": true
        },
        {
          "name": "Alligator",
          "url": "https://jerrygarcia.com/song/alligator/",
          "segue_into_next": true
        },
        {
          "name": "Caution (Do Not Stop On Tracks)",
          "url": "https://jerrygarcia.com/song/caution-do-not-stop-on-tracks/",
          "segue_into_next": true
        },
        {
          "name": "Feedback",
          "url": null,
          "segue_into_next": true
        },
        {
          "name": "Good Lovin'",
          "url": "https://jerrygarcia.com/song/good-lovin/",
          "segue_into_next": true
        },
        {
          "name": "Drums",
          "url": null,
          "segue_into_next": true
        },
        {
          "name": "The Eleven",
          "url": "https://jerrygarcia.com/song/the-eleven/",
          "segue_into_next": false
        },
        {
          "name": "High Time",
          "url": "https://jerrygarcia.com/song/high-time/",
          "segue_into_next": false
        },
        {
          "name": "Cumberland Blues",
          "url": "https://jerrygarcia.com/song/cumberland-blues/",
          "segue_into_next": false
        },
        {
          "name": "Big Boy Pete",
          "url": null,
          "segue_into_next": false
        },
        {
          "name": "Not Fade Away",
          "url": null,
          "segue_into_next": false
        },
        {
          "name": "Seasons Of My Heart",
          "url": null,
          "segue_into_next": false
        },
        {
          "name": "The Race Is On",
          "url": null,
          "segue_into_next": false
        },
        {
          "name": "Silver Threads And Golden Needles",
          "url": null,
          "segue_into_next": false
        },
        {
          "name": "Slewfoot",
          "url": null,
          "segue_into_next": false
        },
        {
          "name": "Dancin' In The Street",
          "url": null,
          "segue_into_next": false
        }
      ]
    }
  ],
  "lineup_status": "found",
  "lineup": [
    {
      "name": "Jerry Garcia",
      "instruments": "guitar, vocals",
      "image_url": "https://cdn.jerrygarcia.com/wp-content/uploads/1995/07/12152441/JerryGarcia_200-100x100.jpg"
    },
    {
      "name": "Bob Weir",
      "instruments": "guitar, vocals",
      "image_url": "https://cdn.jerrygarcia.com/wp-content/uploads/1995/07/12152447/BobWeir_200-100x100.jpg"
    },
    {
      "name": "Phil Lesh",
      "instruments": "bass, vocals",
      "image_url": "https://cdn.jerrygarcia.com/wp-content/uploads/1995/07/12145827/phil.jpg"
    },
    {
      "name": "Bill Kreutzmann",
      "instruments": "drums",
      "image_url": "https://cdn.jerrygarcia.com/wp-content/uploads/1995/07/12152447/BillKreutzmann_200-100x100.jpg"
    },
    {
      "name": "Mickey Hart",
      "instruments": "drums",
      "image_url": "https://cdn.jerrygarcia.com/wp-content/uploads/1995/07/12152436/MickeyHart_200-100x100.jpg"
    },
    {
      "name": "Ron \"Pigpen\" McKernan",
      "instruments": "keyboards, harmonica, percussion, vocals",
      "image_url": "https://cdn.jerrygarcia.com/wp-content/uploads/2019/12/12152433/RonPigpenMcKernan_200-100x100.jpg"
    },
    {
      "name": "Tom Constanten",
      "instruments": "keyboards",
      "image_url": "https://cdn.jerrygarcia.com/wp-content/uploads/1995/07/12152432/TomConstanten_200-100x100.jpg"
    }
  ],
  "supporting_acts_status": "missing",
  "supporting_acts": null,
  "collection_timestamp": "2025-08-10T08:16:28.231267",
  "show_time": null,
  "recordings": [
    "gd1969-12-31.sbd.miller.95420.sbeok.flac16",
    "gd69-xx-xx.sbd.dodd.16760.sbeok.shnf",
    "gd69-12-31.sbd.gardner.7373.sbeok.shnf",
    "gd1969-12-31.sbd.clevenger.6704.sbeok.shnf",
    "gd69-06-xx.aud.tzuriel.10510.sbeok.shnf"
  ],
  "best_recording": "gd1969-12-31.sbd.miller.95420.sbeok.flac16",
  "avg_rating": 2.259467040673212,
  "raw_rating": 4.530864197530864,
  "recording_count": 5,
  "confidence": 1.0,
  "total_high_ratings": 72,
  "total_low_ratings": 1,
  "source_types": {
    "SBD": 4,
    "AUD": 1
  },
  "matching_method": "date_only",
  "filtering_applied": []
}