{
  "url": "https://jerrygarcia.com/show/1969-02-22-dream-bowl-vallejo-ca-usa/",
  "show_id": "1969-02-22-dream-bowl-vallejo-ca-usa",
  "band": "Grateful Dead",
  "venue": "Dream Bowl",
  "location_raw": "Vallejo, CA",
  "city": "Vallejo",
  "state": "CA",
  "country": "USA",
  "date": "1969-02-22",
  "setlist_status": "found",
  "setlist": [
    {
      "set_name": "Set 1",
      "songs": [
        {
          "name": "Dupree's Diamond Blues",
          "url": "https://jerrygarcia.com/song/duprees-diamond-blues/",
          "segue_into_next": true
        },
        {
          "name": "Mountains Of The Moon",
          "url": "https://jerrygarcia.com/song/mountains-of-the-moon/",
          "segue_into_next": true
        },
        {
          "name": "Dark Star",
          "url": "https://jerrygarcia.com/song/dark-star/",
          "segue_into_next": true
        },
        {
          "name": "Cryptical Envelopment",
          "url": "https://jerrygarcia.com/song/cryptical-envelopment/",
          "segue_into_next": true
        },
        {
          "name": "Drums",
          "url": null,
          "segue_into_next": true
        },
        {
          "name": "The Other One",
          "url": "https://jerrygarcia.com/song/the-other-one/",
          "segue_into_next": true
        },
        {
          "name": "Cryptical Envelopment",
          "url": "https://jerrygarcia.com/song/cryptical-envelopment/",
          "segue_into_next": true
        },
        {
          "name": "Death Don't Have No Mercy",
          "url": null,
          "segue_into_next": false
        }
      ]
    },
    {
      "set_name": "Set 2",
      "songs": [
        {
          "name": "Doin' That Rag",
          "url": "https://jerrygarcia.com/song/doin-that-rag/",
          "segue_into_next": true
        },
        {
          "name": "Saint Stephen",
          "url": "https://jerrygarcia.com/song/saint-stephen/",
          "segue_into_next": true
        },
        {
          "name": "The Eleven",
          "url": "https://jerrygarcia.com/song/the-eleven/",
          "segue_into_next": true
        },
        {
          "name": "Turn On Your Lovelight",
          "url": null,
          "segue_into_next": false
        }
      ]
    }
  ],
  "lineup_status": "found",
  "lineup": [
    {
      "name": "Jerry Garcia",
      "instruments": "guitar, vocals",
      "image_url": "https://cdn.jerrygarcia.com/wp-content/uploads/1995/07/12152441/JerryGarcia_200-100x100.jpg"
    },
    {
      "name": "Bob Weir",
      "instruments": "guitar, vocals",
      "image_url": "https://cdn.jerrygarcia.com/wp-content/uploads/1995/07/12152447/BobWeir_200-100x100.jpg"
    },
    {
      "name": "Phil Lesh",
      "instruments": "bass, vocals",
      "image_url": "https://cdn.jerrygarcia.com/wp-content/uploads/1995/07/12145827/phil.jpg"
    },
    {
      "name": "Bill Kreutzmann",
      "instruments": "drums",
      "image_url": "https://cdn.jerrygarcia.com/wp-content/uploads/1995/07/12152447/BillKreutzmann_200-100x100.jpg"
    },
    {
      "name": "Mickey Hart",
      "instruments": "drums",
      "image_url": "https://cdn.jerrygarcia.com/wp-content/uploads/1995/07/12152436/MickeyHart_200-100x100.jpg"
    },
    {
      "name": "Ron \"Pigpen\" McKernan",
      "instruments": "keyboards, harmonica, percussion, vocals",
      "image_url": "https://cdn.jerrygarcia.com/wp-content/uploads/2019/12/12152433/RonPigpenMcKernan_200-100x100.jpg"
    },
    {
      "name": "Tom Constanten",
      "instruments": "keyboards",
      "image_url": "https://cdn.jerrygarcia.com/wp-content/uploads/1995/07/12152432/TomConstanten_200-100x100.jpg"
    }
  ],
  "supporting_acts_status": "missing",
  "supporting_acts": null,
  "collection_timestamp": "2025-08-10T08:12:24.186367",
  "show_time": null,
  "recordings": [
    "gd1969-02-22.sbd.miller.112691.flac16",
    "gd1969-02-22.sbd.vernon.5206.shnf",
    "gd69-02-22.sbd.owen.7860.sbeok.shnf"
  ],
  "best_recording": "gd1969-02-22.sbd.miller.112691.flac16",
  "avg_rating": 2.3538461538461535,
  "raw_rating": 4.707692307692308,
  "recording_count": 3,
  "confidence": 1.0,
  "total_high_ratings": 62,
  "total_low_ratings": 1,
  "source_types": {
    "SBD": 3
  },
  "matching_method": "date_only",
  "filtering_applied": []
}