{
  "url": "https://jerrygarcia.com/show/1969-04-26-electric-theater-chicago-il-usa/",
  "show_id": "1969-04-26-electric-theater-chicago-il-usa",
  "band": "Grateful Dead",
  "venue": "Electric Theater",
  "location_raw": "Chicago, IL",
  "city": "Chicago",
  "state": "IL",
  "country": "USA",
  "date": "1969-04-26",
  "setlist_status": "found",
  "setlist": [
    {
      "set_name": "Set 1",
      "songs": [
        {
          "name": "Dupree's Diamond Blues",
          "url": "https://jerrygarcia.com/song/duprees-diamond-blues/",
          "segue_into_next": true
        },
        {
          "name": "Mountains Of The Moon",
          "url": "https://jerrygarcia.com/song/mountains-of-the-moon/",
          "segue_into_next": false
        },
        {
          "name": "China Cat Sunflower",
          "url": "https://jerrygarcia.com/song/china-cat-sunflower/",
          "segue_into_next": true
        },
        {
          "name": "Doin' That Rag",
          "url": "https://jerrygarcia.com/song/doin-that-rag/",
          "segue_into_next": false
        },
        {
          "name": "It Hurts Me Too",
          "url": null,
          "segue_into_next": true
        },
        {
          "name": "Hard To Handle",
          "url": null,
          "segue_into_next": false
        },
        {
          "name": "Cryptical Envelopment",
          "url": "https://jerrygarcia.com/song/cryptical-envelopment/",
          "segue_into_next": true
        },
        {
          "name": "Drums",
          "url": null,
          "segue_into_next": true
        },
        {
          "name": "The Other One",
          "url": "https://jerrygarcia.com/song/the-other-one/",
          "segue_into_next": true
        },
        {
          "name": "The Eleven",
          "url": "https://jerrygarcia.com/song/the-eleven/",
          "segue_into_next": true
        },
        {
          "name": "The Other One",
          "url": "https://jerrygarcia.com/song/the-other-one/",
          "segue_into_next": false
        },
        {
          "name": "It's A Sin",
          "url": null,
          "segue_into_next": false
        },
        {
          "name": "Morning Dew",
          "url": null,
          "segue_into_next": false
        },
        {
          "name": "Sitting On Top Of The World",
          "url": null,
          "segue_into_next": false
        },
        {
          "name": "New Minglewood Blues",
          "url": "https://jerrygarcia.com/song/new-minglewood-blues/",
          "segue_into_next": false
        },
        {
          "name": "Silver Threads And Golden Needles",
          "url": null,
          "segue_into_next": false
        }
      ]
    },
    {
      "set_name": "Encore",
      "songs": [
        {
          "name": "Viola Lee Blues",
          "url": null,
          "segue_into_next": true
        },
        {
          "name": "Caution (Do Not Stop On Tracks) Jam",
          "url": null,
          "segue_into_next": true
        },
        {
          "name": "Viola Lee Blues",
          "url": null,
          "segue_into_next": true
        },
        {
          "name": "Feedback",
          "url": null,
          "segue_into_next": true
        },
        {
          "name": "And We Bid You Good Night",
          "url": null,
          "segue_into_next": false
        }
      ]
    }
  ],
  "lineup_status": "found",
  "lineup": [
    {
      "name": "Jerry Garcia",
      "instruments": "guitar, vocals",
      "image_url": "https://cdn.jerrygarcia.com/wp-content/uploads/1995/07/12152441/JerryGarcia_200-100x100.jpg"
    },
    {
      "name": "Bob Weir",
      "instruments": "guitar, vocals",
      "image_url": "https://cdn.jerrygarcia.com/wp-content/uploads/1995/07/12152447/BobWeir_200-100x100.jpg"
    },
    {
      "name": "Phil Lesh",
      "instruments": "bass, vocals",
      "image_url": "https://cdn.jerrygarcia.com/wp-content/uploads/1995/07/12145827/phil.jpg"
    },
    {
      "name": "Bill Kreutzmann",
      "instruments": "drums",
      "image_url": "https://cdn.jerrygarcia.com/wp-content/uploads/1995/07/12152447/BillKreutzmann_200-100x100.jpg"
    },
    {
      "name": "Mickey Hart",
      "instruments": "drums",
      "image_url": "https://cdn.jerrygarcia.com/wp-content/uploads/1995/07/12152436/MickeyHart_200-100x100.jpg"
    },
    {
      "name": "Ron \"Pigpen\" McKernan",
      "instruments": "keyboards, harmonica, percussion, vocals",
      "image_url": "https://cdn.jerrygarcia.com/wp-content/uploads/2019/12/12152433/RonPigpenMcKernan_200-100x100.jpg"
    },
    {
      "name": "Tom Constanten",
      "instruments": "keyboards",
      "image_url": "https://cdn.jerrygarcia.com/wp-content/uploads/1995/07/12152432/TomConstanten_200-100x100.jpg"
    }
  ],
  "supporting_acts_status": "found",
  "supporting_acts": [
    "The Velvet Underground",
    "SRC"
  ],
  "collection_timestamp": "2025-08-10T08:13:24.142861",
  "show_time": null,
  "recordings": [
    "gd1969-04-26.sbd.gmb.96449.flac16",
    "gd69-04-26.sbd.yerys.71.sbeok.shnf",
    "gd1969-04-26.sbd.miller.97393.sbeok.flac16",
    "gd1969-04-26.sbd.unknown.13390.shnf"
  ],
  "best_recording": "gd1969-04-26.sbd.gmb.96449.flac16",
  "avg_rating": 2.2685714285714287,
  "raw_rating": 4.571428571428571,
  "recording_count": 4,
  "confidence": 1.0,
  "total_high_ratings": 32,
  "total_low_ratings": 0,
  "source_types": {
    "SBD": 4
  },
  "matching_method": "date_only",
  "filtering_applied": [],
  "collections": [
    "dicks-picks-vol-26",
    "official-picks-dicks",
    "pigpen-years"
  ]
}