{
  "url": "https://jerrygarcia.com/show/1969-05-16-campolindo-high-school-moraga-ca-usa/",
  "show_id": "1969-05-16-campolindo-high-school-moraga-ca-usa",
  "band": "Grateful Dead",
  "venue": "Campolindo High School",
  "location_raw": "Moraga, CA",
  "city": "Moraga",
  "state": "CA",
  "country": "USA",
  "date": "1969-05-16",
  "setlist_status": "found",
  "setlist": [
    {
      "set_name": "Set 1",
      "songs": [
        {
          "name": "Good Morning Little School Girl",
          "url": null,
          "segue_into_next": false
        },
        {
          "name": "Doin' That Rag",
          "url": "https://jerrygarcia.com/song/doin-that-rag/",
          "segue_into_next": false
        },
        {
          "name": "Me And My Uncle",
          "url": null,
          "segue_into_next": false
        },
        {
          "name": "Hard To Handle",
          "url": null,
          "segue_into_next": false
        },
        {
          "name": "Turn On Your Lovelight",
          "url": null,
          "segue_into_next": true
        },
        {
          "name": "Drums",
          "url": null,
          "segue_into_next": true
        },
        {
          "name": "Turn On Your Lovelight",
          "url": null,
          "segue_into_next": false
        }
      ]
    }
  ],
  "lineup_status": "found",
  "lineup": [
    {
      "name": "Jerry Garcia",
      "instruments": "guitar, vocals",
      "image_url": "https://cdn.jerrygarcia.com/wp-content/uploads/1995/07/12152441/JerryGarcia_200-100x100.jpg"
    },
    {
      "name": "Bob Weir",
      "instruments": "guitar, vocals",
      "image_url": "https://cdn.jerrygarcia.com/wp-content/uploads/1995/07/12152447/BobWeir_200-100x100.jpg"
    },
    {
      "name": "Phil Lesh",
      "instruments": "bass, vocals",
      "image_url": "https://cdn.jerrygarcia.com/wp-content/uploads/1995/07/12145827/phil.jpg"
    },
    {
      "name": "Bill Kreutzmann",
      "instruments": "drums",
      "image_url": "https://cdn.jerrygarcia.com/wp-content/uploads/1995/07/12152447/BillKreutzmann_200-100x100.jpg"
    },
    {
      "name": "Mickey Hart",
      "instruments": "drums",
      "image_url": "https://cdn.jerrygarcia.com/wp-content/uploads/1995/07/12152436/MickeyHart_200-100x100.jpg"
    },
    {
      "name": "Ron \"Pigpen\" McKernan",
      "instruments": "keyboards, harmonica, percussion, vocals",
      "image_url": "https://cdn.jerrygarcia.com/wp-content/uploads/2019/12/12152433/RonPigpenMcKernan_200-100x100.jpg"
    },
    {
      "name": "Tom Constanten",
      "instruments": "keyboards",
      "image_url": "https://cdn.jerrygarcia.com/wp-content/uploads/1995/07/12152432/TomConstanten_200-100x100.jpg"
    }
  ],
  "supporting_acts_status": "found",
  "supporting_acts": [
    "Frumious Bandersnatch",
    "Velvet Hammer"
  ],
  "collection_timestamp": "2025-08-10T08:13:42.170711",
  "show_time": null,
  "recordings": [
    "gd69-05-16.sbd.clugston.6316.sbeok.shnf",
    "gd69-05-16.sbd.cotsman.6297.sbefail.shnf"
  ],
  "best_recording": "gd69-05-16.sbd.clugston.6316.sbeok.shnf",
  "avg_rating": 1.2884615384615383,
  "raw_rating": 2.576923076923077,
  "recording_count": 2,
  "confidence": 1.0,
  "total_high_ratings": 5,
  "total_low_ratings": 13,
  "source_types": {
    "SBD": 2
  },
  "matching_method": "date_only",
  "filtering_applied": [],
  "collections": [
    "pigpen-years"
  ]
}