{
  "url": "https://jerrygarcia.com/show/1969-04-13-ballroom-u-of-colorado-boulder-co-usa/",
  "show_id": "1969-04-13-ballroom-u-of-colorado-boulder-co-usa",
  "band": "Grateful Dead",
  "venue": "Ballroom, U. of Colorado",
  "location_raw": "Boulder, CO",
  "city": "Boulder",
  "state": "CO",
  "country": "USA",
  "date": "1969-04-13",
  "setlist_status": "found",
  "setlist": [
    {
      "set_name": "Set 1",
      "songs": [
        {
          "name": "Turn On Your Lovelight",
          "url": null,
          "segue_into_next": false
        },
        {
          "name": "Doin' That Rag",
          "url": "https://jerrygarcia.com/song/doin-that-rag/",
          "segue_into_next": false
        },
        {
          "name": "Good Morning Little School Girl",
          "url": null,
          "segue_into_next": false
        },
        {
          "name": "Morning Dew",
          "url": null,
          "segue_into_next": false
        },
        {
          "name": "Dark Star",
          "url": "https://jerrygarcia.com/song/dark-star/",
          "segue_into_next": true
        },
        {
          "name": "Saint Stephen",
          "url": "https://jerrygarcia.com/song/saint-stephen/",
          "segue_into_next": true
        },
        {
          "name": "The Eleven",
          "url": "https://jerrygarcia.com/song/the-eleven/",
          "segue_into_next": true
        },
        {
          "name": "Death Don't Have No Mercy",
          "url": null,
          "segue_into_next": false
        }
      ]
    },
    {
      "set_name": "Set 2",
      "songs": [
        {
          "name": "Alligator",
          "url": "https://jerrygarcia.com/song/alligator/",
          "segue_into_next": true
        },
        {
          "name": "Drums",
          "url": null,
          "segue_into_next": true
        },
        {
          "name": "Jam",
          "url": "https://jerrygarcia.com/song/jam/",
          "segue_into_next": false
        }
      ]
    }
  ],
  "lineup_status": "found",
  "lineup": [
    {
      "name": "Jerry Garcia",
      "instruments": "guitar, vocals",
      "image_url": "https://cdn.jerrygarcia.com/wp-content/uploads/1995/07/12152441/JerryGarcia_200-100x100.jpg"
    },
    {
      "name": "Bob Weir",
      "instruments": "guitar, vocals",
      "image_url": "https://cdn.jerrygarcia.com/wp-content/uploads/1995/07/12152447/BobWeir_200-100x100.jpg"
    },
    {
      "name": "Phil Lesh",
      "instruments": "bass, vocals",
      "image_url": "https://cdn.jerrygarcia.com/wp-content/uploads/1995/07/12145827/phil.jpg"
    },
    {
      "name": "Bill Kreutzmann",
      "instruments": "drums",
      "image_url": "https://cdn.jerrygarcia.com/wp-content/uploads/1995/07/12152447/BillKreutzmann_200-100x100.jpg"
    },
    {
      "name": "Mickey Hart",
      "instruments": "drums",
      "image_url": "https://cdn.jerrygarcia.com/wp-content/uploads/1995/07/12152436/MickeyHart_200-100x100.jpg"
    },
    {
      "name": "Ron \"Pigpen\" McKernan",
      "instruments": "keyboards, harmonica, percussion, vocals",
      "image_url": "https://cdn.jerrygarcia.com/wp-content/uploads/2019/12/12152433/RonPigpenMcKernan_200-100x100.jpg"
    },
    {
      "name": "Tom Constanten",
      "instruments": "keyboards",
      "image_url": "https://cdn.jerrygarcia.com/wp-content/uploads/1995/07/12152432/TomConstanten_200-100x100.jpg"
    }
  ],
  "supporting_acts_status": "missing",
  "supporting_acts": null,
  "collection_timestamp": "2025-08-10T08:13:04.866860",
  "show_time": null,
  "recordings": [
    "gd1969-04-13.sbd.miller.87378.sbeok.flac16",
    "gd69-04-13.sbd.cotsman.6287.sbeok.shnf"
  ],
  "best_recording": "gd1969-04-13.sbd.miller.87378.sbeok.flac16",
  "avg_rating": 2.1363636363636362,
  "raw_rating": 4.2727272727272725,
  "recording_count": 2,
  "confidence": 1.0,
  "total_high_ratings": 31,
  "total_low_ratings": 0,
  "source_types": {
    "SBD": 2
  },
  "matching_method": "date_only",
  "filtering_applied": []
}