{
  "url": "https://jerrygarcia.com/show/1969-03-15-hilton-hotel-ballroom-san-francisco-ca-usa/",
  "show_id": "1969-03-15-hilton-hotel-ballroom-san-francisco-ca-usa",
  "band": "Grateful Dead",
  "venue": "Hilton Hotel Ballroom",
  "location_raw": "San Francisco, CA",
  "city": "San Francisco",
  "state": "CA",
  "country": "USA",
  "date": "1969-03-15",
  "setlist_status": "found",
  "setlist": [
    {
      "set_name": "Set 1",
      "songs": [
        {
          "name": "Morning Dew",
          "url": null,
          "segue_into_next": false
        },
        {
          "name": "Alligator",
          "url": "https://jerrygarcia.com/song/alligator/",
          "segue_into_next": false
        },
        {
          "name": "Hard To Handle",
          "url": null,
          "segue_into_next": false
        },
        {
          "name": "Good Morning Little School Girl",
          "url": null,
          "segue_into_next": false
        },
        {
          "name": "Dark Star",
          "url": "https://jerrygarcia.com/song/dark-star/",
          "segue_into_next": true
        },
        {
          "name": "Saint Stephen",
          "url": "https://jerrygarcia.com/song/saint-stephen/",
          "segue_into_next": true
        },
        {
          "name": "The Eleven",
          "url": "https://jerrygarcia.com/song/the-eleven/",
          "segue_into_next": true
        },
        {
          "name": "Turn On Your Lovelight",
          "url": null,
          "segue_into_next": false
        }
      ]
    }
  ],
  "lineup_status": "found",
  "lineup": [
    {
      "name": "Jerry Garcia",
      "instruments": "guitar, vocals",
      "image_url": "https://cdn.jerrygarcia.com/wp-content/uploads/1995/07/12152441/JerryGarcia_200-100x100.jpg"
    },
    {
      "name": "Bob Weir",
      "instruments": "guitar, vocals",
      "image_url": "https://cdn.jerrygarcia.com/wp-content/uploads/1995/07/12152447/BobWeir_200-100x100.jpg"
    },
    {
      "name": "Phil Lesh",
      "instruments": "bass, vocals",
      "image_url": "https://cdn.jerrygarcia.com/wp-content/uploads/1995/07/12145827/phil.jpg"
    },
    {
      "name": "Bill Kreutzmann",
      "instruments": "drums",
      "image_url": "https://cdn.jerrygarcia.com/wp-content/uploads/1995/07/12152447/BillKreutzmann_200-100x100.jpg"
    },
    {
      "name": "Mickey Hart",
      "instruments": "drums",
      "image_url": "https://cdn.jerrygarcia.com/wp-content/uploads/1995/07/12152436/MickeyHart_200-100x100.jpg"
    },
    {
      "name": "Ron \"Pigpen\" McKernan",
      "instruments": "keyboards, harmonica, percussion, vocals",
      "image_url": "https://cdn.jerrygarcia.com/wp-content/uploads/2019/12/12152433/RonPigpenMcKernan_200-100x100.jpg"
    },
    {
      "name": "Tom Constanten",
      "instruments": "keyboards",
      "image_url": "https://cdn.jerrygarcia.com/wp-content/uploads/1995/07/12152432/TomConstanten_200-100x100.jpg"
    }
  ],
  "supporting_acts_status": "missing",
  "supporting_acts": null,
  "collection_timestamp": "2025-08-10T08:12:39.756820",
  "show_time": null,
  "recordings": [
    "gd69-03-15.sbd.cotsman.4280.sbeok.shnf",
    "gd69-03-15.sbd.kaplan.28798.sbeok.flacf",
    "gd1969-03-15.140931.sbd.miller.sirmick.flac1644"
  ],
  "best_recording": "gd69-03-15.sbd.cotsman.4280.sbeok.shnf",
  "avg_rating": 1.7999999999999998,
  "raw_rating": 3.75,
  "recording_count": 3,
  "confidence": 1.0,
  "total_high_ratings": 7,
  "total_low_ratings": 0,
  "source_types": {
    "SBD": 3
  },
  "matching_method": "date_only",
  "filtering_applied": [],
  "collections": [
    "pigpen-years"
  ]
}