{
  "url": "https://jerrygarcia.com/show/1969-03-29-ice-palace-las-vegas-nv-usa/",
  "show_id": "1969-03-29-ice-palace-las-vegas-nv-usa",
  "band": "Grateful Dead",
  "venue": "Ice Palace",
  "location_raw": "Las Vegas, NV",
  "city": "Las Vegas",
  "state": "NV",
  "country": "USA",
  "date": "1969-03-29",
  "setlist_status": "found",
  "setlist": [
    {
      "set_name": "Set 1",
      "songs": [
        {
          "name": "Morning Dew",
          "url": null,
          "segue_into_next": false
        },
        {
          "name": "Good Morning Little School Girl",
          "url": null,
          "segue_into_next": false
        },
        {
          "name": "Doin' That Rag",
          "url": "https://jerrygarcia.com/song/doin-that-rag/",
          "segue_into_next": false
        },
        {
          "name": "Dark Star",
          "url": "https://jerrygarcia.com/song/dark-star/",
          "segue_into_next": true
        },
        {
          "name": "Saint Stephen",
          "url": "https://jerrygarcia.com/song/saint-stephen/",
          "segue_into_next": true
        },
        {
          "name": "The Eleven",
          "url": "https://jerrygarcia.com/song/the-eleven/",
          "segue_into_next": true
        },
        {
          "name": "Turn On Your Lovelight",
          "url": null,
          "segue_into_next": false
        }
      ]
    }
  ],
  "lineup_status": "found",
  "lineup": [
    {
      "name": "Jerry Garcia",
      "instruments": "guitar, vocals",
      "image_url": "https://cdn.jerrygarcia.com/wp-content/uploads/1995/07/12152441/JerryGarcia_200-100x100.jpg"
    },
    {
      "name": "Bob Weir",
      "instruments": "guitar, vocals",
      "image_url": "https://cdn.jerrygarcia.com/wp-content/uploads/1995/07/12152447/BobWeir_200-100x100.jpg"
    },
    {
      "name": "Phil Lesh",
      "instruments": "bass, vocals",
      "image_url": "https://cdn.jerrygarcia.com/wp-content/uploads/1995/07/12145827/phil.jpg"
    },
    {
      "name": "Bill Kreutzmann",
      "instruments": "drums",
      "image_url": "https://cdn.jerrygarcia.com/wp-content/uploads/1995/07/12152447/BillKreutzmann_200-100x100.jpg"
    },
    {
      "name": "Mickey Hart",
      "instruments": "drums",
      "image_url": "https://cdn.jerrygarcia.com/wp-content/uploads/1995/07/12152436/MickeyHart_200-100x100.jpg"
    },
    {
      "name": "Ron \"Pigpen\" McKernan",
      "instruments": "keyboards, harmonica, percussion, vocals",
      "image_url": "https://cdn.jerrygarcia.com/wp-content/uploads/2019/12/12152433/RonPigpenMcKernan_200-100x100.jpg"
    },
    {
      "name": "Tom Constanten",
      "instruments": "keyboards",
      "image_url": "https://cdn.jerrygarcia.com/wp-content/uploads/1995/07/12152432/TomConstanten_200-100x100.jpg"
    }
  ],
  "supporting_acts_status": "found",
  "supporting_acts": [
    "Santana",
    "Free Circus"
  ],
  "collection_timestamp": "2025-08-10T08:12:50.091690",
  "show_time": null,
  "recordings": [
    "gd1969-03-29.123467.sbd.miller.flac16",
    "gd69-03-29.sbd.vinson.1764.sbeok.shnf",
    "gd1969-03-29.141435.sbd.dalton.miller.clugston.flac1648",
    "gd1969-03-29.135885.teute.d1t04fix.flac16"
  ],
  "best_recording": "gd1969-03-29.123467.sbd.miller.flac16",
  "avg_rating": 1.9499999999999997,
  "raw_rating": 4.125,
  "recording_count": 4,
  "confidence": 1.0,
  "total_high_ratings": 13,
  "total_low_ratings": 1,
  "source_types": {
    "SBD": 3,
    "UNKNOWN": 1
  },
  "matching_method": "date_only",
  "filtering_applied": []
}