{
  "url": "https://jerrygarcia.com/show/1969-02-07-stanley-theater-pittsburgh-pa-usa-early-show/",
  "show_id": "1969-02-07-stanley-theater-pittsburgh-pa-usa-early-show",
  "band": "Grateful Dead",
  "venue": "Stanley Theatre",
  "location_raw": "Pittsburgh, PA",
  "city": "Pittsburgh",
  "state": "PA",
  "country": "USA",
  "date": "1969-02-07",
  "setlist_status": "found",
  "setlist": [
    {
      "set_name": "Set 1",
      "songs": [
        {
          "name": "Dark Star",
          "url": "https://jerrygarcia.com/song/dark-star/",
          "segue_into_next": true
        },
        {
          "name": "Saint Stephen",
          "url": "https://jerrygarcia.com/song/saint-stephen/",
          "segue_into_next": true
        },
        {
          "name": "The Eleven",
          "url": "https://jerrygarcia.com/song/the-eleven/",
          "segue_into_next": true
        },
        {
          "name": "Turn On Your Lovelight",
          "url": null,
          "segue_into_next": false
        }
      ]
    }
  ],
  "lineup_status": "found",
  "lineup": [
    {
      "name": "Jerry Garcia",
      "instruments": "guitar, vocals",
      "image_url": "https://cdn.jerrygarcia.com/wp-content/uploads/1995/07/12152441/JerryGarcia_200-100x100.jpg"
    },
    {
      "name": "Bob Weir",
      "instruments": "guitar, vocals",
      "image_url": "https://cdn.jerrygarcia.com/wp-content/uploads/1995/07/12152447/BobWeir_200-100x100.jpg"
    },
    {
      "name": "Phil Lesh",
      "instruments": "bass, vocals",
      "image_url": "https://cdn.jerrygarcia.com/wp-content/uploads/1995/07/12145827/phil.jpg"
    },
    {
      "name": "Bill Kreutzmann",
      "instruments": "drums",
      "image_url": "https://cdn.jerrygarcia.com/wp-content/uploads/1995/07/12152447/BillKreutzmann_200-100x100.jpg"
    },
    {
      "name": "Mickey Hart",
      "instruments": "drums",
      "image_url": "https://cdn.jerrygarcia.com/wp-content/uploads/1995/07/12152436/MickeyHart_200-100x100.jpg"
    },
    {
      "name": "Ron \"Pigpen\" McKernan",
      "instruments": "keyboards, harmonica, percussion, vocals",
      "image_url": "https://cdn.jerrygarcia.com/wp-content/uploads/2019/12/12152433/RonPigpenMcKernan_200-100x100.jpg"
    },
    {
      "name": "Tom Constanten",
      "instruments": "keyboards",
      "image_url": "https://cdn.jerrygarcia.com/wp-content/uploads/1995/07/12152432/TomConstanten_200-100x100.jpg"
    }
  ],
  "supporting_acts_status": "found",
  "supporting_acts": [
    "The Velvet Underground",
    "The Fugs"
  ],
  "collection_timestamp": "2025-08-10T08:11:58.044381",
  "show_time": "early",
  "recordings": [
    "gd69-02-07.early.sbd.wiley.14472.sbeok.shnf",
    "gd1969-02-07.137392.sbd.wise.sirmick.sbeok.flac16"
  ],
  "best_recording": "gd69-02-07.early.sbd.wiley.14472.sbeok.shnf",
  "avg_rating": 2.3529411764705883,
  "raw_rating": 4.823529411764706,
  "recording_count": 2,
  "confidence": 1.0,
  "total_high_ratings": 17,
  "total_low_ratings": 0,
  "source_types": {
    "SBD": 2
  },
  "matching_method": "time_based",
  "filtering_applied": [
    "show_time: early"
  ]
}