{
  "url": "https://jerrygarcia.com/show/1969-12-28-international-speedway-hollywood-fl-usa/",
  "show_id": "1969-12-28-international-speedway-hollywood-fl-usa",
  "band": "Grateful Dead",
  "venue": "International Speedway",
  "location_raw": "Hollywood, FL",
  "city": "Hollywood",
  "state": "FL",
  "country": "USA",
  "date": "1969-12-28",
  "setlist_status": "found",
  "setlist": [
    {
      "set_name": "Set 1",
      "songs": [
        {
          "name": "Black Peter",
          "url": "https://jerrygarcia.com/song/black-peter/",
          "segue_into_next": false
        },
        {
          "name": "Me And My Uncle",
          "url": null,
          "segue_into_next": false
        },
        {
          "name": "China Cat Sunflower",
          "url": "https://jerrygarcia.com/song/china-cat-sunflower/",
          "segue_into_next": true
        },
        {
          "name": "I Know You Rider",
          "url": "https://jerrygarcia.com/song/i-know-you-rider/",
          "segue_into_next": true
        },
        {
          "name": "High Time",
          "url": "https://jerrygarcia.com/song/high-time/",
          "segue_into_next": false
        },
        {
          "name": "Cumberland Blues",
          "url": "https://jerrygarcia.com/song/cumberland-blues/",
          "segue_into_next": false
        },
        {
          "name": "Good Lovin'",
          "url": "https://jerrygarcia.com/song/good-lovin/",
          "segue_into_next": false
        },
        {
          "name": "Cold Rain And Snow",
          "url": "https://jerrygarcia.com/song/cold-rain-and-snow/",
          "segue_into_next": false
        },
        {
          "name": "Hard To Handle",
          "url": null,
          "segue_into_next": false
        },
        {
          "name": "Mason's Children",
          "url": "https://jerrygarcia.com/song/masons-children/",
          "segue_into_next": false
        },
        {
          "name": "Turn On Your Lovelight",
          "url": null,
          "segue_into_next": false
        }
      ]
    }
  ],
  "lineup_status": "found",
  "lineup": [
    {
      "name": "Jerry Garcia",
      "instruments": "guitar, vocals",
      "image_url": "https://cdn.jerrygarcia.com/wp-content/uploads/1995/07/12152441/JerryGarcia_200-100x100.jpg"
    },
    {
      "name": "Bob Weir",
      "instruments": "guitar, vocals",
      "image_url": "https://cdn.jerrygarcia.com/wp-content/uploads/1995/07/12152447/BobWeir_200-100x100.jpg"
    },
    {
      "name": "Phil Lesh",
      "instruments": "bass, vocals",
      "image_url": "https://cdn.jerrygarcia.com/wp-content/uploads/1995/07/12145827/phil.jpg"
    },
    {
      "name": "Bill Kreutzmann",
      "instruments": "drums",
      "image_url": "https://cdn.jerrygarcia.com/wp-content/uploads/1995/07/12152447/BillKreutzmann_200-100x100.jpg"
    },
    {
      "name": "Mickey Hart",
      "instruments": "drums",
      "image_url": "https://cdn.jerrygarcia.com/wp-content/uploads/1995/07/12152436/MickeyHart_200-100x100.jpg"
    },
    {
      "name": "Ron \"Pigpen\" McKernan",
      "instruments": "keyboards, harmonica, percussion, vocals",
      "image_url": "https://cdn.jerrygarcia.com/wp-content/uploads/2019/12/12152433/RonPigpenMcKernan_200-100x100.jpg"
    },
    {
      "name": "Tom Constanten",
      "instruments": "keyboards",
      "image_url": "https://cdn.jerrygarcia.com/wp-content/uploads/1995/07/12152432/TomConstanten_200-100x100.jpg"
    }
  ],
  "supporting_acts_status": "missing",
  "supporting_acts": null,
  "collection_timestamp": "2025-08-10T08:16:21.772267",
  "show_time": null,
  "recordings": [
    "gd69-12-28.sbd.cotsman.8999.sbeok.shnf",
    "gd1969-12-28.sbd.cotsman.6030.sbefail.shnf",
    "gd1969-12-28.sbd.gmb.96578.flac16"
  ],
  "best_recording": "gd69-12-28.sbd.cotsman.8999.sbeok.shnf",
  "avg_rating": 2.1828571428571424,
  "raw_rating": 4.457142857142857,
  "recording_count": 3,
  "confidence": 1.0,
  "total_high_ratings": 32,
  "total_low_ratings": 1,
  "source_types": {
    "SBD": 3
  },
  "matching_method": "date_only",
  "filtering_applied": []
}